policy,nodes,tx_packets,rx_packets,bytes_tx,energy_mj,energy_sense_mj,energy_preprocess_mj,energy_infer_mj,energy_consensus_mj,energy_estimate_mj,energy_prediction_mj,energy_tx_mj,energy_rx_mj,energy_idle_mj,precision,recall,f1,dcr,mean_detection_delay_s,pre_event_local_detections,mean_confirmation_delay_s,mean_alert_delay_s,mean_lead_time_s,mean_origin_error_m,mean_speed_error_m_s,mean_eta_error_s,collisions,channel_losses,suppressed_tx,ablation_mode,run,seed
dstep,20,261,107,12528,347.345,31.0,12.4,93.0,21.0,58.16,18.175,91.35,19.26,3.0,1.0,1.0,1.0,1.0,-0.8275,4,0.7725,0.2237,-0.2237,40.9831,3.8506,1.3778,145,9,107,full,0,21234
dstep,20,269,79,12912,342.165,31.0,12.4,93.0,21.0,55.92,17.475,94.15,14.22,3.0,1.0,1.0,1.0,0.9,0.1808,4,1.1808,0.9315,-0.9315,41.8814,5.1203,0.7197,177,13,79,full,1,21235
dstep,20,197,94,9456,321.135,31.0,12.4,93.0,21.0,57.04,17.825,68.95,16.92,3.0,1.0,0.95,0.9744,1.0,-1.0118,6,1.1305,-0.9091,0.9091,35.3486,4.0669,1.1065,86,17,94,full,2,21236
dstep,20,192,86,9216,317.0,31.0,12.4,93.0,21.0,56.32,17.6,67.2,15.48,3.0,1.0,0.9,0.9474,0.9,0.0264,2,1.6568,0.812,-0.812,36.7038,10.2072,0.975,93,13,86,full,3,21237
dstep,20,201,90,9648,321.395,31.0,12.4,93.0,21.0,56.72,17.725,70.35,16.2,3.0,1.0,0.95,0.9744,0.95,0.1525,3,1.3984,-0.0196,0.0196,32.0882,4.3983,1.4009,93,18,90,full,4,21238
dstep,20,261,107,12528,347.345,31.0,12.4,93.0,21.0,58.16,18.175,91.35,19.26,3.0,1.0,1.0,1.0,1.0,-0.8275,4,0.7725,0.2237,-0.2237,40.9831,3.8506,1.3778,145,9,107,no_density,0,21234
dstep,20,269,79,12912,342.165,31.0,12.4,93.0,21.0,55.92,17.475,94.15,14.22,3.0,1.0,1.0,1.0,0.9,0.1808,4,1.1808,0.9315,-0.9315,41.8814,5.1203,0.7197,177,13,79,no_density,1,21235
dstep,20,197,94,9456,321.135,31.0,12.4,93.0,21.0,57.04,17.825,68.95,16.92,3.0,1.0,0.95,0.9744,1.0,-1.0118,6,1.1305,-0.9091,0.9091,35.3486,4.0669,1.1065,86,17,94,no_density,2,21236
dstep,20,192,86,9216,317.0,31.0,12.4,93.0,21.0,56.32,17.6,67.2,15.48,3.0,1.0,0.9,0.9474,0.9,0.0264,2,1.6568,0.812,-0.812,36.7038,10.2072,0.975,93,13,86,no_density,3,21237
dstep,20,201,90,9648,321.395,31.0,12.4,93.0,21.0,56.72,17.725,70.35,16.2,3.0,1.0,0.95,0.9744,0.95,0.1525,3,1.3984,-0.0196,0.0196,32.0882,4.3983,1.4009,93,18,90,no_density,4,21238
dstep,20,871,633,41808,668.44,31.0,12.4,93.0,21.0,68.0,21.25,304.85,113.94,3.0,1.0,1.0,1.0,1.0,-1.1275,6,-0.3275,-9.0629,9.0629,37.6532,8.9869,1.0437,147,91,126,no_suppression,0,21234
dstep,20,685,443,32880,563.785,31.0,12.4,93.0,21.0,63.92,19.975,239.75,79.74,3.0,1.0,1.0,1.0,1.0,-0.0192,4,0.7308,-0.6495,0.6495,41.9785,14.9004,0.7839,193,49,112,no_suppression,1,21235
dstep,20,749,543,35952,609.435,31.0,12.4,93.0,21.0,67.92,21.225,262.15,97.74,3.0,1.0,1.0,1.0,1.0,0.0882,3,0.8882,-2.7628,2.7628,33.1929,11.0538,0.9387,132,74,116,no_suppression,2,21236
dstep,20,660,442,31680,552.755,31.0,12.4,93.0,21.0,62.32,19.475,231.0,79.56,3.0,1.0,1.0,1.0,1.0,-0.4736,4,0.3264,-2.5025,2.5025,33.4579,13.213,0.8334,156,62,81,no_suppression,3,21237
dstep,20,588,373,28224,514.82,31.0,12.4,93.0,21.0,62.08,19.4,205.8,67.14,3.0,1.0,1.0,1.0,1.0,-0.4475,4,0.2525,-5.6758,5.6758,30.147,5.3417,1.0981,170,45,82,no_suppression,4,21238
dstep,20,261,107,12528,347.345,31.0,12.4,93.0,21.0,58.16,18.175,91.35,19.26,3.0,1.0,1.0,1.0,1.0,-0.8275,4,0.7725,0.2237,-0.2237,40.9831,3.8506,1.3778,145,9,107,no_backoff,0,21234
dstep,20,269,79,12912,342.165,31.0,12.4,93.0,21.0,55.92,17.475,94.15,14.22,3.0,1.0,1.0,1.0,0.9,0.1808,4,1.1808,0.9315,-0.9315,41.8814,5.1203,0.7197,177,13,79,no_backoff,1,21235
dstep,20,197,94,9456,321.135,31.0,12.4,93.0,21.0,57.04,17.825,68.95,16.92,3.0,1.0,0.95,0.9744,1.0,-1.0118,6,1.1305,-0.9091,0.9091,35.3486,4.0669,1.1065,86,17,94,no_backoff,2,21236
dstep,20,192,86,9216,317.0,31.0,12.4,93.0,21.0,56.32,17.6,67.2,15.48,3.0,1.0,0.9,0.9474,0.9,0.0264,2,1.6568,0.812,-0.812,36.7038,10.2072,0.975,93,13,86,no_backoff,3,21237
dstep,20,201,90,9648,321.395,31.0,12.4,93.0,21.0,56.72,17.725,70.35,16.2,3.0,1.0,0.95,0.9744,0.95,0.1525,3,1.3984,-0.0196,0.0196,32.0882,4.3983,1.4009,93,18,90,no_backoff,4,21238
dstep,20,277,115,13296,355.225,31.0,12.4,93.0,21.0,58.8,18.375,96.95,20.7,3.0,1.0,1.0,1.0,0.95,-0.7775,7,0.7225,-0.5257,0.5257,41.031,8.0285,0.8378,142,20,115,no_voi,0,21234
dstep,20,285,101,13680,354.035,31.0,12.4,93.0,21.0,57.68,18.025,99.75,18.18,3.0,1.0,1.0,1.0,1.0,-0.0192,5,0.8808,0.0324,-0.0324,42.7759,8.935,1.0123,165,19,101,no_voi,1,21235
dstep,20,225,103,10800,333.605,31.0,12.4,93.0,21.0,57.84,18.075,78.75,18.54,3.0,1.0,1.0,1.0,1.0,-0.0618,2,1.1382,0.29,-0.29,36.1277,6.5335,0.9666,108,14,103,no_voi,2,21236
dstep,20,233,81,11184,330.135,31.0,12.4,93.0,21.0,56.08,17.525,81.55,14.58,3.0,1.0,1.0,1.0,0.95,-0.1736,3,1.0264,0.9269,-0.9269,31.8047,11.0514,0.7278,142,10,81,no_voi,3,21237
dstep,20,212,85,10176,323.925,31.0,12.4,93.0,21.0,56.4,17.625,74.2,15.3,3.0,1.0,1.0,1.0,1.0,0.0525,2,1.1525,0.2048,-0.2048,27.3476,2.0285,0.6658,116,11,85,no_voi,4,21238
dstep,20,226,108,10848,314.38,31.0,12.4,93.0,0.0,58.24,18.2,79.1,19.44,3.0,1.0,1.0,1.0,0.95,-0.6275,6,1.0225,-3.1243,3.1243,36.6268,10.5518,1.2617,104,14,108,no_consensus,0,21234
dstep,20,269,92,12912,324.87,31.0,12.4,93.0,0.0,56.96,17.8,94.15,16.56,3.0,1.0,1.0,1.0,0.95,0.1808,4,1.1308,0.0826,-0.0826,42.507,5.2483,0.9687,164,13,92,no_consensus,1,21235
dstep,20,152,69,7296,276.945,31.0,12.4,93.0,0.0,54.8,17.125,53.2,12.42,3.0,1.0,0.8,0.8889,0.8,-1.1118,5,1.8404,0.5721,-0.5721,29.8595,6.2323,1.4036,71,12,69,no_consensus,2,21236
dstep,20,155,76,7440,279.99,31.0,12.4,93.0,0.0,55.36,17.3,54.25,13.68,3.0,1.0,0.8,0.8889,0.9,-0.1236,2,1.3186,0.4939,-0.4939,28.6535,6.673,1.0639,70,9,76,no_consensus,3,21237
dstep,20,199,84,9552,298.09,31.0,12.4,93.0,0.0,56.32,17.6,69.65,15.12,3.0,1.0,1.0,1.0,1.0,0.1025,2,1.2025,0.1052,-0.1052,30.0861,3.4427,0.7928,102,13,84,no_consensus,4,21238
dstep,50,1459,391,70032,1185.835,77.5,31.0,232.5,52.5,155.28,48.525,510.65,70.38,7.5,1.0,1.0,1.0,1.0,-0.6554,10,0.3846,-0.9735,0.9735,42.6946,4.7773,1.3773,1003,65,391,full,0,51234
dstep,50,1421,347,68208,1159.995,77.5,31.0,232.5,52.5,151.76,47.425,497.35,62.46,7.5,1.0,1.0,1.0,1.0,-0.2645,11,0.7555,-0.6022,0.6022,43.5905,5.3191,0.7148,1028,46,347,full,1,51235
dstep,50,1535,375,73680,1207.875,77.5,31.0,232.5,52.5,154.0,48.125,537.25,67.5,7.5,1.0,1.0,1.0,1.0,-0.2662,12,0.6138,-1.9031,1.9031,40.3121,6.7868,1.1333,1094,66,375,full,2,51236
dstep,50,1563,422,75024,1230.965,77.5,31.0,232.5,52.5,157.68,49.275,547.05,75.96,7.5,1.0,0.98,0.9899,1.0,-0.5716,15,0.8023,-0.4098,0.4098,41.1637,4.9266,1.4393,1082,59,422,full,3,51237
dstep,50,1545,396,74160,1217.36,77.5,31.0,232.5,52.5,155.68,48.65,540.75,71.28,7.5,1.0,1.0,1.0,1.0,-0.5686,6,0.5714,-1.1261,1.1261,42.2298,4.8896,1.1499,1098,51,396,full,4,51238
dstep,50,1459,391,70032,1185.835,77.5,31.0,232.5,52.5,155.28,48.525,510.65,70.38,7.5,1.0,1.0,1.0,1.0,-0.6554,10,0.3846,-0.9735,0.9735,42.6946,4.7773,1.3773,1003,65,391,no_density,0,51234
dstep,50,1421,347,68208,1159.995,77.5,31.0,232.5,52.5,151.76,47.425,497.35,62.46,7.5,1.0,1.0,1.0,1.0,-0.2645,11,0.7555,-0.6022,0.6022,43.5905,5.3191,0.7148,1028,46,347,no_density,1,51235
dstep,50,1535,375,73680,1207.875,77.5,31.0,232.5,52.5,154.0,48.125,537.25,67.5,7.5,1.0,1.0,1.0,1.0,-0.2662,12,0.6138,-1.9031,1.9031,40.3121,6.7868,1.1333,1094,66,375,no_density,2,51236
dstep,50,1563,422,75024,1230.965,77.5,31.0,232.5,52.5,157.68,49.275,547.05,75.96,7.5,1.0,0.98,0.9899,1.0,-0.5716,15,0.8023,-0.4098,0.4098,41.1637,4.9266,1.4393,1082,59,422,no_density,3,51237
dstep,50,1545,396,74160,1217.36,77.5,31.0,232.5,52.5,155.68,48.65,540.75,71.28,7.5,1.0,1.0,1.0,1.0,-0.5686,6,0.5714,-1.1261,1.1261,42.2298,4.8896,1.1499,1098,51,396,no_density,4,51238
dstep,50,2964,1648,142272,1963.52,77.5,31.0,232.5,52.5,174.08,54.4,1037.4,296.64,7.5,1.0,1.0,1.0,1.0,-0.5154,15,0.5246,-2.4315,2.4315,38.5549,7.5967,1.0682,1072,244,493,no_suppression,0,51234
dstep,50,2527,1260,121296,1728.025,77.5,31.0,232.5,52.5,164.4,51.375,884.45,226.8,7.5,1.0,1.0,1.0,1.0,-0.0645,7,0.7555,-1.1213,1.1213,42.8235,9.7795,0.771,1126,141,404,no_suppression,1,51235
dstep,50,2485,1158,119280,1706.2,77.5,31.0,232.5,52.5,172.96,54.05,869.75,208.44,7.5,1.0,1.0,1.0,1.0,-0.1062,9,0.7938,-1.701,1.701,39.7583,8.2216,1.0552,1177,150,545,no_suppression,2,51236
dstep,50,2721,1480,130608,1848.86,77.5,31.0,232.5,52.5,174.56,54.55,952.35,266.4,7.5,1.0,1.0,1.0,1.0,-0.4916,14,0.2684,-3.8218,3.8218,37.763,7.1969,0.9466,1050,191,509,no_suppression,3,51237
dstep,50,2392,1146,114816,1664.455,77.5,31.0,232.5,52.5,167.6,52.375,837.2,206.28,7.5,1.0,1.0,1.0,1.0,-0.1086,10,0.6714,-1.6152,1.6152,42.0731,6.3761,0.8181,1099,147,463,no_suppression,4,51238
dstep,50,1459,391,70032,1185.835,77.5,31.0,232.5,52.5,155.28,48.525,510.65,70.38,7.5,1.0,1.0,1.0,1.0,-0.6554,10,0.3846,-0.9735,0.9735,42.6946,4.7773,1.3773,1003,65,391,no_backoff,0,51234
dstep,50,1421,347,68208,1159.995,77.5,31.0,232.5,52.5,151.76,47.425,497.35,62.46,7.5,1.0,1.0,1.0,1.0,-0.2645,11,0.7555,-0.6022,0.6022,43.5905,5.3191,0.7148,1028,46,347,no_backoff,1,51235
dstep,50,1535,375,73680,1207.875,77.5,31.0,232.5,52.5,154.0,48.125,537.25,67.5,7.5,1.0,1.0,1.0,1.0,-0.2662,12,0.6138,-1.9031,1.9031,40.3121,6.7868,1.1333,1094,66,375,no_backoff,2,51236
dstep,50,1563,422,75024,1230.965,77.5,31.0,232.5,52.5,157.68,49.275,547.05,75.96,7.5,1.0,0.98,0.9899,1.0,-0.5716,15,0.8023,-0.4098,0.4098,41.1637,4.9266,1.4393,1082,59,422,no_backoff,3,51237
dstep,50,1545,396,74160,1217.36,77.5,31.0,232.5,52.5,155.68,48.65,540.75,71.28,7.5,1.0,1.0,1.0,1.0,-0.5686,6,0.5714,-1.1261,1.1261,42.2298,4.8896,1.1499,1098,51,396,no_backoff,4,51238
dstep,50,1517,438,72816,1219.53,77.5,31.0,232.5,52.5,159.04,49.7,530.95,78.84,7.5,1.0,1.0,1.0,1.0,-0.9554,16,0.2246,-1.3336,1.3336,44.2296,5.2235,1.4253,994,85,438,no_voi,0,51234
dstep,50,1544,428,74112,1225.815,77.5,31.0,232.5,52.5,158.0,49.375,540.4,77.04,7.5,1.0,0.94,0.9691,1.0,-0.6245,12,0.5732,-0.4224,0.4224,42.5911,5.09,1.3761,1054,62,428,no_voi,1,51235
dstep,50,1701,396,81648,1271.96,77.5,31.0,232.5,52.5,155.68,48.65,595.35,71.28,7.5,1.0,1.0,1.0,1.0,-0.2262,10,0.5538,-0.3448,0.3448,40.9791,4.9394,0.9638,1252,53,396,no_voi,2,51236
dstep,50,1542,395,74016,1216.025,77.5,31.0,232.5,52.5,155.6,48.625,539.7,71.1,7.5,1.0,1.0,1.0,1.0,-0.1716,10,0.7284,-0.0701,0.0701,38.6269,4.7318,0.7737,1102,45,395,no_voi,3,51237
dstep,50,1609,414,77232,1244.785,77.5,31.0,232.5,52.5,157.04,49.075,563.15,74.52,7.5,1.0,0.98,0.9899,1.0,-0.7086,10,0.2087,-1.1868,1.1868,37.183,5.6242,1.0234,1138,57,414,no_voi,4,51238
dstep,50,1480,425,71040,1150.375,77.5,31.0,232.5,0.0,158.0,49.375,518.0,76.5,7.5,1.0,1.0,1.0,0.98,-0.5754,14,0.5246,-1.2725,1.2725,42.0006,5.97,1.181,985,70,425,no_consensus,0,51234
dstep,50,1398,342,67104,1098.02,77.5,31.0,232.5,0.0,151.36,47.3,489.3,61.56,7.5,1.0,1.0,1.0,1.0,-0.2245,9,0.8355,-0.4814,0.4814,44.0037,6.7119,0.7831,1009,47,342,no_consensus,1,51235
dstep,50,1590,406,76320,1183.46,77.5,31.0,232.5,0.0,156.48,48.9,556.5,73.08,7.5,1.0,1.0,1.0,1.0,-0.1462,12,0.7138,-1.6632,1.6632,42.7826,4.7198,0.9585,1127,57,406,no_consensus,2,51236
dstep,50,1485,390,71280,1142.15,77.5,31.0,232.5,0.0,155.2,48.5,519.75,70.2,7.5,1.0,1.0,1.0,1.0,-0.5916,16,0.8284,-0.7489,0.7489,40.4512,6.1329,1.2015,1041,54,390,no_consensus,3,51237
dstep,50,1513,406,72624,1156.51,77.5,31.0,232.5,0.0,156.48,48.9,529.55,73.08,7.5,1.0,1.0,1.0,1.0,-0.3686,6,0.6714,-1.5652,1.5652,41.8022,4.5864,0.7739,1044,63,406,no_consensus,4,51238
dstep,100,5632,960,270336,3372.3,155.0,62.0,465.0,105.0,324.8,101.5,1971.2,172.8,15.0,1.0,1.0,1.0,1.0,-0.8753,35,0.2847,-1.793,1.793,43.4151,5.8449,1.3122,4542,130,960,full,0,101234
dstep,100,6600,926,316800,3701.41,155.0,62.0,465.0,105.0,322.08,100.65,2310.0,166.68,15.0,1.0,1.0,1.0,1.0,-0.0278,15,0.8222,-0.4856,0.4856,45.3703,5.8478,0.9687,5543,131,926,full,1,101235
dstep,100,6081,930,291888,3520.9,155.0,62.0,465.0,105.0,322.4,100.75,2128.35,167.4,15.0,1.0,1.0,1.0,1.0,-0.2659,23,0.3141,-3.4727,3.4727,41.3653,7.5905,0.8373,5013,138,930,full,2,101236
dstep,100,6110,876,293280,3515.66,155.0,62.0,465.0,105.0,318.08,99.4,2138.5,157.68,15.0,1.0,1.0,1.0,1.0,-0.4951,23,0.6449,-1.3126,1.3126,39.5717,4.5848,0.7811,5126,108,876,full,3,101237
dstep,100,5902,1014,283296,3482.19,155.0,62.0,465.0,105.0,329.12,102.85,2065.7,182.52,15.0,1.0,1.0,1.0,1.0,-0.6251,27,0.4749,-1.1329,1.1329,40.6199,4.9435,1.0999,4758,130,1014,full,4,101238
dstep,100,5632,960,270336,3372.3,155.0,62.0,465.0,105.0,324.8,101.5,1971.2,172.8,15.0,1.0,1.0,1.0,1.0,-0.8753,35,0.2847,-1.793,1.793,43.4151,5.8449,1.3122,4542,130,960,no_density,0,101234
dstep,100,6600,926,316800,3701.41,155.0,62.0,465.0,105.0,322.08,100.65,2310.0,166.68,15.0,1.0,1.0,1.0,1.0,-0.0278,15,0.8222,-0.4856,0.4856,45.3703,5.8478,0.9687,5543,131,926,no_density,1,101235
dstep,100,6081,930,291888,3520.9,155.0,62.0,465.0,105.0,322.4,100.75,2128.35,167.4,15.0,1.0,1.0,1.0,1.0,-0.2659,23,0.3141,-3.4727,3.4727,41.3653,7.5905,0.8373,5013,138,930,no_density,2,101236
dstep,100,6110,876,293280,3515.66,155.0,62.0,465.0,105.0,318.08,99.4,2138.5,157.68,15.0,1.0,1.0,1.0,1.0,-0.4951,23,0.6449,-1.3126,1.3126,39.5717,4.5848,0.7811,5126,108,876,no_density,3,101237
dstep,100,5902,1014,283296,3482.19,155.0,62.0,465.0,105.0,329.12,102.85,2065.7,182.52,15.0,1.0,1.0,1.0,1.0,-0.6251,27,0.4749,-1.1329,1.1329,40.6199,4.9435,1.0999,4758,130,1014,no_density,4,101238
dstep,100,5785,1142,277680,3467.955,155.0,62.0,465.0,105.0,331.92,103.725,2024.75,205.56,15.0,1.0,1.0,1.0,1.0,-0.7853,29,0.5047,-1.7188,1.7188,42.935,7.3236,1.3487,4484,159,1040,no_suppression,0,101234
dstep,100,6873,1334,329904,3894.97,155.0,62.0,465.0,105.0,340.8,106.5,2405.55,240.12,15.0,1.0,1.0,1.0,1.0,-0.3578,21,0.4622,-1.7696,1.7696,47.1264,5.1666,1.0563,5346,193,1141,no_suppression,1,101235
dstep,100,6343,1076,304464,3645.81,155.0,62.0,465.0,105.0,327.68,102.4,2220.05,193.68,15.0,1.0,1.0,1.0,1.0,-0.2059,22,0.4241,-3.2693,3.2693,41.0524,6.3767,0.6805,5096,171,983,no_suppression,2,101236
dstep,100,6199,951,297552,3556.005,155.0,62.0,465.0,105.0,314.8,98.375,2169.65,171.18,15.0,1.0,0.99,0.995,1.0,-0.4451,22,0.6346,-1.2281,1.2281,39.1639,3.8082,1.1037,5136,112,827,no_suppression,3,101237
dstep,100,6345,1251,304560,3684.205,155.0,62.0,465.0,105.0,332.4,103.875,2220.75,225.18,15.0,1.0,1.0,1.0,1.0,-0.6151,21,0.4749,-0.7932,0.7932,40.8616,6.1646,1.0699,4926,168,1036,no_suppression,4,101238
dstep,100,5632,960,270336,3372.3,155.0,62.0,465.0,105.0,324.8,101.5,1971.2,172.8,15.0,1.0,1.0,1.0,1.0,-0.8753,35,0.2847,-1.793,1.793,43.4151,5.8449,1.3122,4542,130,960,no_backoff,0,101234
dstep,100,6600,926,316800,3701.41,155.0,62.0,465.0,105.0,322.08,100.65,2310.0,166.68,15.0,1.0,1.0,1.0,1.0,-0.0278,15,0.8222,-0.4856,0.4856,45.3703,5.8478,0.9687,5543,131,926,no_backoff,1,101235
dstep,100,6081,930,291888,3520.9,155.0,62.0,465.0,105.0,322.4,100.75,2128.35,167.4,15.0,1.0,1.0,1.0,1.0,-0.2659,23,0.3141,-3.4727,3.4727,41.3653,7.5905,0.8373,5013,138,930,no_backoff,2,101236
dstep,100,6110,876,293280,3515.66,155.0,62.0,465.0,105.0,318.08,99.4,2138.5,157.68,15.0,1.0,1.0,1.0,1.0,-0.4951,23,0.6449,-1.3126,1.3126,39.5717,4.5848,0.7811,5126,108,876,no_backoff,3,101237
dstep,100,5902,1014,283296,3482.19,155.0,62.0,465.0,105.0,329.12,102.85,2065.7,182.52,15.0,1.0,1.0,1.0,1.0,-0.6251,27,0.4749,-1.1329,1.1329,40.6199,4.9435,1.0999,4758,130,1014,no_backoff,4,101238
dstep,100,5813,1049,279024,3461.015,155.0,62.0,465.0,105.0,331.92,103.725,2034.55,188.82,15.0,1.0,1.0,1.0,0.99,-0.5653,19,0.2747,-1.1035,1.1035,42.2368,4.4354,0.9316,4620,144,1049,no_voi,0,101234
dstep,100,6813,1056,327024,3813.01,155.0,62.0,465.0,105.0,332.48,103.9,2384.55,190.08,15.0,1.0,1.0,1.0,1.0,-0.0078,16,0.5222,-1.3055,1.3055,47.1022,6.1239,0.8397,5590,167,1056,no_voi,1,101235
dstep,100,6328,1018,303744,3632.43,155.0,62.0,465.0,105.0,329.44,102.95,2214.8,183.24,15.0,1.0,1.0,1.0,1.0,-0.3359,22,0.3141,-1.2738,1.2738,39.9525,5.0095,0.8185,5149,161,1018,no_voi,2,101236
dstep,100,6445,1020,309360,3673.95,155.0,62.0,465.0,105.0,329.6,103.0,2255.75,183.6,15.0,1.0,1.0,1.0,1.0,-0.4951,21,0.4249,-1.4523,1.4523,40.0645,4.5429,0.9955,5270,155,1020,no_voi,3,101237
dstep,100,6151,1046,295248,3578.46,155.0,62.0,465.0,105.0,331.68,103.65,2152.85,188.28,15.0,1.0,1.0,1.0,1.0,-0.6651,23,0.2549,-1.8624,1.8624,42.1642,5.0294,1.0437,4947,158,1046,no_voi,4,101238
dstep,100,5596,942,268608,3249.57,155.0,62.0,465.0,0.0,323.36,101.05,1958.6,169.56,15.0,1.0,1.0,1.0,1.0,-0.4053,20,0.6947,-2.6216,2.6216,43.166,5.7215,0.9751,4501,153,942,no_consensus,0,101234
dstep,100,6582,995,315936,3609.775,155.0,62.0,465.0,0.0,327.6,102.375,2303.7,179.1,15.0,1.0,1.0,1.0,1.0,-0.0878,16,0.6622,-1.3553,1.3553,47.1838,6.0686,0.9471,5454,133,995,no_consensus,1,101235
dstep,100,6089,917,292272,3414.995,155.0,62.0,465.0,0.0,321.36,100.425,2131.15,165.06,15.0,1.0,1.0,1.0,1.0,-0.1259,19,0.7241,-1.573,1.573,40.3825,5.4986,0.6803,5033,139,917,no_consensus,2,101236
dstep,100,6273,1003,301104,3503.905,155.0,62.0,465.0,0.0,328.24,102.575,2195.55,180.54,15.0,1.0,1.0,1.0,1.0,-0.3251,23,0.6949,-1.8019,1.8019,42.0412,5.1647,1.0737,5125,145,1003,no_consensus,3,101237
dstep,100,6095,1114,292560,3473.24,155.0,62.0,465.0,0.0,337.12,105.35,2133.25,200.52,15.0,1.0,1.0,1.0,1.0,-0.7651,28,0.4349,-3.2012,3.2012,41.3438,4.8279,1.0762,4817,164,1114,no_consensus,4,101238
