policy,nodes,tx_packets,rx_packets,bytes_tx,energy_mj,energy_sense_mj,energy_preprocess_mj,energy_infer_mj,energy_consensus_mj,energy_estimate_mj,energy_prediction_mj,energy_tx_mj,energy_rx_mj,energy_idle_mj,precision,recall,f1,dcr,mean_detection_delay_s,pre_event_local_detections,mean_confirmation_delay_s,mean_alert_delay_s,mean_lead_time_s,mean_origin_error_m,mean_speed_error_m_s,mean_eta_error_s,collisions,channel_losses,below_sensitivity,suppressed_tx,node_density_per_m2,mean_nearest_neighbor_m,mean_neighbor_distance_m,mean_pair_distance_m,mean_degree,min_degree,max_degree,isolated_nodes,connected_components,largest_component_fraction,mean_nominal_link_margin_db,min_nominal_link_margin_db,max_nominal_link_margin_db,sensing_radius_m,estimated_sensing_coverage_fraction,area_width_m,area_height_m,channel_model,tx_power_dbm,receiver_sensitivity_dbm,nominal_effective_range_m,run,seed,connectivity_ok,quality_ok,operational_ok
dstep,20,37,117,1776,271.585,31.0,12.4,93.0,21.0,58.8,18.375,12.95,21.06,3.0,1.0,0.9,0.9474,1.0,-1.3755,5,1.0828,-0.7228,0.7228,20.7113,4.8151,1.1875,157,24,405,117,0.002,12.547214001481091,24.788422169258194,46.2277504604981,7.5,1,14,0,1,1.0,5.226038846756469,0.12047094435627059,31.149122680332923,20.0,0.848125,100,100,log_normal,-10,-85,38.986037025490766,0,21234,1,0,0
dstep,20,40,193,1920,294.505,31.0,12.4,93.0,21.0,65.04,20.325,14.0,34.74,3.0,1.0,1.0,1.0,1.0,-1.3755,5,1.0745,-2.3719,2.3719,29.8851,11.5191,1.2952,535,20,12,193,0.002,12.547214001481091,45.87913865328461,46.2277504604981,18.9,18,19,0,1,1.0,9.750435740306989,0.3069402660189553,41.14912268033292,20.0,0.848125,100,100,log_normal,0,-85,111.03363181676396,0,21234,1,1,1
dstep,20,40,197,1920,295.645,31.0,12.4,93.0,21.0,65.36,20.425,14.0,35.46,3.0,1.0,1.0,1.0,1.0,-1.3755,5,1.0745,-2.4719,2.4719,31.3141,11.6841,1.1978,563,0,0,197,0.002,12.547214001481091,46.2277504604981,46.2277504604981,19.0,19,19,0,1,1.0,19.69863010786389,9.90736557611838,51.14912268033292,20.0,0.848125,100,100,log_normal,10,-85,316.2277660168384,0,21234,1,1,1
dstep,20,40,193,1920,294.505,31.0,12.4,93.0,21.0,65.04,20.325,14.0,34.74,3.0,1.0,1.0,1.0,1.0,-1.3755,5,1.0745,-2.3719,2.3719,29.8851,11.5191,1.2952,535,20,12,193,0.002,12.547214001481091,45.87913865328461,46.2277504604981,18.9,18,19,0,1,1.0,9.750435740306989,0.3069402660189553,41.14912268033292,20.0,0.848125,100,100,log_normal,-10,-95,111.03363181676396,0,21234,1,1,1
dstep,20,40,197,1920,295.645,31.0,12.4,93.0,21.0,65.36,20.425,14.0,35.46,3.0,1.0,1.0,1.0,1.0,-1.3755,5,1.0745,-2.4719,2.4719,31.3141,11.6841,1.1978,563,0,0,197,0.002,12.547214001481091,46.2277504604981,46.2277504604981,19.0,19,19,0,1,1.0,19.69863010786389,9.90736557611838,51.14912268033292,20.0,0.848125,100,100,log_normal,0,-95,316.2277660168384,0,21234,1,1,1
dstep,20,40,197,1920,295.645,31.0,12.4,93.0,21.0,65.36,20.425,14.0,35.46,3.0,1.0,1.0,1.0,1.0,-1.3755,5,1.0745,-2.4719,2.4719,31.3141,11.6841,1.1978,563,0,0,197,0.002,12.547214001481091,46.2277504604981,46.2277504604981,19.0,19,19,0,1,1.0,29.698630107863888,19.90736557611838,61.14912268033292,20.0,0.848125,100,100,log_normal,10,-95,900.628020211279,0,21234,1,1,1
dstep,20,31,108,1488,266.71,31.0,12.4,93.0,21.0,57.92,18.1,10.85,19.44,3.0,1.0,0.8,0.8889,0.85,-1.3755,5,3.067,-0.3054,0.3054,37.7762,5.8943,2.2279,93,34,354,108,0.002,12.547214001481091,24.788422169258194,46.2277504604981,7.5,1,14,0,1,1.0,5.226038846756469,0.12047094435627059,31.149122680332923,20.0,0.848125,100,100,rician,-10,-85,38.986037025490766,0,21234,1,0,0
dstep,20,39,190,1872,293.3,31.0,12.4,93.0,21.0,64.8,20.25,13.65,34.2,3.0,1.0,1.0,1.0,1.0,-1.3755,5,1.0745,-2.3719,2.3719,31.0219,10.3389,1.2062,488,30,33,190,0.002,12.547214001481091,45.87913865328461,46.2277504604981,18.9,18,19,0,1,1.0,9.750435740306989,0.3069402660189553,41.14912268033292,20.0,0.848125,100,100,rician,0,-85,111.03363181676396,0,21234,1,1,1
dstep,20,40,197,1920,295.645,31.0,12.4,93.0,21.0,65.36,20.425,14.0,35.46,3.0,1.0,1.0,1.0,1.0,-1.3755,5,1.0745,-2.4719,2.4719,31.3141,11.6841,1.1978,561,1,1,197,0.002,12.547214001481091,46.2277504604981,46.2277504604981,19.0,19,19,0,1,1.0,19.69863010786389,9.90736557611838,51.14912268033292,20.0,0.848125,100,100,rician,10,-85,316.2277660168384,0,21234,1,1,1
dstep,20,39,190,1872,293.3,31.0,12.4,93.0,21.0,64.8,20.25,13.65,34.2,3.0,1.0,1.0,1.0,1.0,-1.3755,5,1.0745,-2.3719,2.3719,31.0219,10.3389,1.2062,488,30,33,190,0.002,12.547214001481091,45.87913865328461,46.2277504604981,18.9,18,19,0,1,1.0,9.750435740306989,0.3069402660189553,41.14912268033292,20.0,0.848125,100,100,rician,-10,-95,111.03363181676396,0,21234,1,1,1
dstep,20,40,197,1920,295.645,31.0,12.4,93.0,21.0,65.36,20.425,14.0,35.46,3.0,1.0,1.0,1.0,1.0,-1.3755,5,1.0745,-2.4719,2.4719,31.3141,11.6841,1.1978,561,1,1,197,0.002,12.547214001481091,46.2277504604981,46.2277504604981,19.0,19,19,0,1,1.0,19.69863010786389,9.90736557611838,51.14912268033292,20.0,0.848125,100,100,rician,0,-95,316.2277660168384,0,21234,1,1,1
dstep,20,40,197,1920,295.645,31.0,12.4,93.0,21.0,65.36,20.425,14.0,35.46,3.0,1.0,1.0,1.0,1.0,-1.3755,5,1.0745,-2.4719,2.4719,31.3141,11.6841,1.1978,563,0,0,197,0.002,12.547214001481091,46.2277504604981,46.2277504604981,19.0,19,19,0,1,1.0,29.698630107863888,19.90736557611838,61.14912268033292,20.0,0.848125,100,100,rician,10,-95,900.628020211279,0,21234,1,1,1
dstep,20,33,4,1584,236.195,31.0,12.4,93.0,21.0,48.4,15.125,11.55,0.72,3.0,1.0,0.05,0.0952,0.0,-1.4755,4,8.8619,8.9087,-8.9087,,,,0,0,623,4,8e-05,62.73607000740545,21.75148680653024,231.13875230249047,0.2,0,1,16,18,0.1,8.263763502792742,0.7557444206449588,15.771782584940524,20.0,0.095,500,500,log_normal,-10,-85,38.98603702549076,0,21234,0,0,0
dstep,20,30,57,1440,251.195,31.0,12.4,93.0,21.0,53.36,16.675,10.5,10.26,3.0,1.0,0.5,0.6667,0.55,-1.4755,4,2.9005,2.1051,-2.1051,168.2278,18.1072,2.5138,18,23,472,57,8e-05,62.73607000740545,77.36308822834867,231.13875230249047,3.0,0,6,1,3,0.8,4.244328483977664,0.002917948976616458,25.771782584940524,20.0,0.095,500,500,log_normal,0,-85,111.03363181676396,0,21234,0,0,0
dstep,20,33,182,1584,288.92,31.0,12.4,93.0,21.0,64.16,20.05,11.55,32.76,3.0,1.0,1.0,1.0,1.0,-1.4755,4,0.7745,-2.2217,2.2217,182.4505,6.9448,1.6253,267,36,142,182,8e-05,62.73607000740545,190.07715537253296,231.13875230249047,14.8,5,18,0,1,1.0,5.990931308693672,0.04456414751849991,35.771782584940524,20.0,0.095,500,500,log_normal,10,-85,316.2277660168384,0,21234,1,1,1
dstep,20,30,57,1440,251.195,31.0,12.4,93.0,21.0,53.36,16.675,10.5,10.26,3.0,1.0,0.5,0.6667,0.55,-1.4755,4,2.9005,2.1051,-2.1051,168.2278,18.1072,2.5138,18,23,472,57,8e-05,62.73607000740545,77.36308822834867,231.13875230249047,3.0,0,6,1,3,0.8,4.244328483977664,0.002917948976616458,25.771782584940524,20.0,0.095,500,500,log_normal,-10,-95,111.03363181676396,0,21234,0,0,0
dstep,20,33,182,1584,288.92,31.0,12.4,93.0,21.0,64.16,20.05,11.55,32.76,3.0,1.0,1.0,1.0,1.0,-1.4755,4,0.7745,-2.2217,2.2217,182.4505,6.9448,1.6253,267,36,142,182,8e-05,62.73607000740545,190.07715537253296,231.13875230249047,14.8,5,18,0,1,1.0,5.990931308693672,0.04456414751849991,35.771782584940524,20.0,0.095,500,500,log_normal,0,-95,316.2277660168384,0,21234,1,1,1
dstep,20,33,216,1584,298.61,31.0,12.4,93.0,21.0,66.88,20.9,11.55,38.88,3.0,1.0,1.0,1.0,1.0,-1.4755,4,0.7745,-2.5217,2.5217,166.5742,6.4095,1.0495,403,8,0,216,8e-05,62.73607000740545,231.13875230249047,231.13875230249047,19.0,19,19,0,1,1.0,14.321290012471476,4.5300254807259535,45.771782584940524,20.0,0.095,500,500,log_normal,10,-95,900.628020211279,0,21234,1,1,1
dstep,20,32,3,1536,235.455,31.0,12.4,93.0,21.0,48.24,15.075,11.2,0.54,3.0,0.0,0.0,0.0,0.0,-1.4755,4,,,,,,,0,0,605,3,8e-05,62.73607000740545,21.75148680653024,231.13875230249047,0.2,0,1,16,18,0.1,8.263763502792742,0.7557444206449588,15.771782584940524,20.0,0.095,500,500,rician,-10,-85,38.98603702549076,0,21234,0,0,0
dstep,20,31,51,1488,249.94,31.0,12.4,93.0,21.0,52.96,16.55,10.85,9.18,3.0,1.0,0.55,0.7097,0.6,-1.4755,4,2.2705,0.9714,-0.9714,137.2019,14.5486,2.6249,15,17,506,51,8e-05,62.73607000740545,77.36308822834867,231.13875230249047,3.0,0,6,1,3,0.8,4.244328483977664,0.002917948976616458,25.771782584940524,20.0,0.095,500,500,rician,0,-85,111.03363181676396,0,21234,0,0,0
dstep,20,32,174,1536,286.29,31.0,12.4,93.0,21.0,63.52,19.85,11.2,31.32,3.0,1.0,1.0,1.0,1.0,-1.4755,4,0.8245,-2.3217,2.3217,174.7201,7.2637,1.624,219,41,174,174,8e-05,62.73607000740545,190.07715537253296,231.13875230249047,14.8,5,18,0,1,1.0,5.990931308693672,0.04456414751849991,35.771782584940524,20.0,0.095,500,500,rician,10,-85,316.2277660168384,0,21234,1,1,1
dstep,20,31,51,1488,249.94,31.0,12.4,93.0,21.0,52.96,16.55,10.85,9.18,3.0,1.0,0.55,0.7097,0.6,-1.4755,4,2.2705,0.9714,-0.9714,137.2019,14.5486,2.6249,15,17,506,51,8e-05,62.73607000740545,77.36308822834867,231.13875230249047,3.0,0,6,1,3,0.8,4.244328483977664,0.002917948976616458,25.771782584940524,20.0,0.095,500,500,rician,-10,-95,111.03363181676396,0,21234,0,0,0
dstep,20,32,174,1536,286.29,31.0,12.4,93.0,21.0,63.52,19.85,11.2,31.32,3.0,1.0,1.0,1.0,1.0,-1.4755,4,0.8245,-2.3217,2.3217,174.7201,7.2637,1.624,219,41,174,174,8e-05,62.73607000740545,190.07715537253296,231.13875230249047,14.8,5,18,0,1,1.0,5.990931308693672,0.04456414751849991,35.771782584940524,20.0,0.095,500,500,rician,0,-95,316.2277660168384,0,21234,1,1,1
dstep,20,32,212,1536,297.12,31.0,12.4,93.0,21.0,66.56,20.8,11.2,38.16,3.0,1.0,1.0,1.0,1.0,-1.4755,4,0.7745,-2.5217,2.5217,170.0296,6.3844,1.0892,383,8,5,212,8e-05,62.73607000740545,231.13875230249047,231.13875230249047,19.0,19,19,0,1,1.0,14.321290012471476,4.5300254807259535,45.771782584940524,20.0,0.095,500,500,rician,10,-95,900.628020211279,0,21234,1,1,1
