event_model,nodes,comparison,baseline,paired_runs_confirmation_f1,delta_mean_confirmation_f1,delta_sd_confirmation_f1,delta_ci_lo_confirmation_f1,delta_ci_hi_confirmation_f1,cohen_dz_confirmation_f1,p_confirmation_f1,paired_runs_awareness_recall,delta_mean_awareness_recall,delta_sd_awareness_recall,delta_ci_lo_awareness_recall,delta_ci_hi_awareness_recall,cohen_dz_awareness_recall,p_awareness_recall,paired_runs_dcr,delta_mean_dcr,delta_sd_dcr,delta_ci_lo_dcr,delta_ci_hi_dcr,cohen_dz_dcr,p_dcr,paired_runs_network_false_alarm,delta_mean_network_false_alarm,delta_sd_network_false_alarm,delta_ci_lo_network_false_alarm,delta_ci_hi_network_false_alarm,cohen_dz_network_false_alarm,p_network_false_alarm,paired_runs_tx_packets,delta_mean_tx_packets,delta_sd_tx_packets,delta_ci_lo_tx_packets,delta_ci_hi_tx_packets,cohen_dz_tx_packets,p_tx_packets,paired_runs_energy_mj,delta_mean_energy_mj,delta_sd_energy_mj,delta_ci_lo_energy_mj,delta_ci_hi_energy_mj,cohen_dz_energy_mj,p_energy_mj,paired_runs_collisions,delta_mean_collisions,delta_sd_collisions,delta_ci_lo_collisions,delta_ci_hi_collisions,cohen_dz_collisions,p_collisions,p_holm_confirmation_f1,p_holm_awareness_recall,p_holm_dcr,p_holm_network_false_alarm,p_holm_tx_packets,p_holm_energy_mj,p_holm_collisions
deterministic,20,dstep_payoff - periodic,periodic,30,0.0,0.0,0.0,0.0,0.0,1.0,30,0.0,0.0,0.0,0.0,0.0,1.0,30,-0.003333333333333336,0.012685406585123132,-0.00833333333333334,0.0,-0.2627691364061218,0.15729920705028502,30,0.0,0.0,0.0,0.0,0.0,1.0,30,-558.1666666666666,1.8769625744130134,-558.8333333333334,-557.5,-297.3776218426855,1.5341809118885818e-06,30,-2332.3016066666664,9.115262396356824,-2335.5785314166665,-2329.0316498333336,-255.86774195319245,1.862645149230957e-09,30,-5894.433333333333,130.5824309176691,-5941.266666666666,-5849.565,-45.13955891240617,1.862645149230957e-09,1.0,1.0,0.9437952423017102,1.0,1.0739266383220073e-05,1.30385160446167e-08,1.30385160446167e-08
deterministic,20,dstep_payoff - event_driven,event_driven,30,0.0,0.0,0.0,0.0,0.0,1.0,30,0.0,0.0,0.0,0.0,0.0,1.0,30,-0.003333333333333336,0.012685406585123132,-0.00833333333333334,0.0,-0.2627691364061218,0.15729920705028502,30,0.0,0.0,0.0,0.0,0.0,1.0,30,-303.46666666666664,13.755834707706658,-308.4008333333333,-298.9,-22.06094163785281,1.7170105183845441e-06,30,-1207.8196833333334,59.25033383352534,-1229.0936273333334,-1187.91035175,-20.385027478949297,1.862645149230957e-09,30,-3297.6666666666665,178.94081728871706,-3360.735833333333,-3237.5308333333332,-18.428811920233684,1.862645149230957e-09,1.0,1.0,0.9437952423017102,1.0,1.0739266383220073e-05,1.30385160446167e-08,1.30385160446167e-08
deterministic,20,dstep_payoff - send_on_delta,send_on_delta,30,0.0,0.0,0.0,0.0,0.0,1.0,30,0.0,0.0,0.0,0.0,0.0,1.0,30,-0.003333333333333336,0.012685406585123132,-0.00833333333333334,0.0,-0.2627691364061218,0.15729920705028502,30,0.0,0.0,0.0,0.0,0.0,1.0,30,-112.36666666666666,9.492223072103538,-115.73333333333333,-109.06583333333334,-11.837760850448015,1.7235135468062213e-06,30,-364.34519000000006,40.825192422768865,-378.81809175000006,-350.0416569166667,-8.924518621418644,1.862645149230957e-09,30,-1221.6,123.85157969563184,-1263.7683333333332,-1178.1,-9.863418803394438,1.7333066441991056e-06,1.0,1.0,0.9437952423017102,1.0,1.0739266383220073e-05,1.30385160446167e-08,6.9332265767964225e-06
deterministic,20,dstep_payoff - teen_like,teen_like,30,0.0,0.0,0.0,0.0,0.0,1.0,30,0.0,0.0,0.0,0.0,0.0,1.0,30,-0.003333333333333336,0.012685406585123132,-0.00833333333333334,0.0,-0.2627691364061218,0.15729920705028502,30,0.0,0.0,0.0,0.0,0.0,1.0,30,-141.83333333333334,10.356018850735142,-145.46666666666667,-138.29916666666668,-13.695739200326488,1.7191759138770554e-06,30,-494.52657666666676,44.412568039329344,-510.1985196666666,-479.4741009166667,-11.134834090853316,1.862645149230957e-09,30,-1535.4333333333334,125.39336267242716,-1581.4333333333334,-1492.2941666666668,-12.244933069898133,1.7333066441991056e-06,1.0,1.0,0.9437952423017102,1.0,1.0739266383220073e-05,1.30385160446167e-08,6.9332265767964225e-06
deterministic,20,dstep_payoff - distributed_edge,distributed_edge,30,0.0,0.0,0.0,0.0,0.0,1.0,30,0.0,0.0,0.0,0.0,0.0,1.0,30,-0.003333333333333336,0.012685406585123132,-0.00833333333333334,0.0,-0.2627691364061218,0.15729920705028502,30,0.0,0.0,0.0,0.0,0.0,1.0,30,-303.46666666666664,13.755834707706658,-308.4008333333333,-298.9,-22.06094163785281,1.7170105183845441e-06,30,-1300.819683333333,59.25033383352533,-1322.0936273333332,-1280.9103517499998,-21.954638888419165,1.862645149230957e-09,30,-3297.6666666666665,178.94081728871706,-3360.735833333333,-3237.5308333333332,-18.428811920233684,1.862645149230957e-09,1.0,1.0,0.9437952423017102,1.0,1.0739266383220073e-05,1.30385160446167e-08,1.30385160446167e-08
deterministic,20,dstep_payoff - voi_baseline,voi_baseline,30,0.0,0.0,0.0,0.0,0.0,1.0,30,0.0,0.0,0.0,0.0,0.0,1.0,30,-0.003333333333333336,0.012685406585123132,-0.00833333333333334,0.0,-0.2627691364061218,0.15729920705028502,30,0.0,0.0,0.0,0.0,0.0,1.0,30,-71.16666666666667,11.67397144057678,-75.36666666666666,-67.03333333333333,-6.096183036674494,1.7235135468062213e-06,30,-275.5486466666667,51.25605022149184,-294.0919495,-257.3746311666667,-5.37592431480661,1.862645149230957e-09,30,-750.4333333333333,121.11826176647902,-793.2725,-707.3325000000001,-6.195872714720754,1.7333066441991056e-06,1.0,1.0,0.9437952423017102,1.0,1.0739266383220073e-05,1.30385160446167e-08,6.9332265767964225e-06
deterministic,20,dstep_payoff - dstep,dstep,30,0.10999666666666666,0.0837051783646476,0.08110824999999999,0.13870249999999995,1.3140963177628582,1.1540705985190682e-05,30,0.09333333333333332,0.08683449709106096,0.06333333333333334,0.12500000000000003,1.0748416408222783,4.697115512333756e-05,30,0.24666666666666667,0.19115498917124155,0.18000000000000005,0.315,1.2904014053522628,8.010176344754574e-06,30,0.0,0.0,0.0,0.0,0.0,1.0,30,6.833333333333333,4.488170914851566,5.3,8.433333333333334,1.5225207468640545,2.511735793117334e-06,30,-26.863343333333333,21.94733251642847,-34.35206191666666,-19.00209250000001,-1.2239912669671829,1.4193356037139893e-06,30,58.1,70.15320672494667,34.733333333333334,82.73416666666665,0.8281873732129694,0.00031876274351077204,8.078494189633478e-05,0.0003287980858633629,5.607123441328202e-05,1.0,1.0739266383220073e-05,1.4193356037139893e-06,0.00031876274351077204
deterministic,50,dstep_payoff - periodic,periodic,30,0.0,0.0,0.0,0.0,0.0,1.0,30,0.0,0.0,0.0,0.0,0.0,1.0,30,0.0006666666666666673,0.0036514837167011113,0.0,0.0020000000000000018,0.18257418583505536,0.31731050786291415,30,0.0,0.0,0.0,0.0,0.0,1.0,30,-1391.5333333333333,3.360350282781322,-1392.7,-1390.3333333333333,-414.10365474803353,1.6837370465306977e-06,30,-13267.412439999996,40.42154263278706,-13281.32710641667,-13253.187036583331,-328.22627677842314,1.862645149230957e-09,30,-45380.36666666667,721.6595569186028,-45631.736666666664,-45121.0275,-62.88334469016836,1.862645149230957e-09,1.0,1.0,1.0,1.0,1.1786159325714884e-05,1.30385160446167e-08,1.30385160446167e-08
deterministic,50,dstep_payoff - event_driven,event_driven,30,0.0,0.0,0.0,0.0,0.0,1.0,30,0.0,0.0,0.0,0.0,0.0,1.0,30,0.0006666666666666673,0.0036514837167011113,0.0,0.0020000000000000018,0.18257418583505536,0.31731050786291415,30,0.0,0.0,0.0,0.0,0.0,1.0,30,-751.7333333333333,15.939396720581742,-757.4666666666667,-746.4333333333333,-47.16196895724779,1.7289484360195754e-06,30,-7002.744356666666,151.83870209547942,-7056.568843666667,-6950.912140666666,-46.11962734154031,1.862645149230957e-09,30,-24778.266666666666,592.7713365803583,-25002.269166666665,-24575.99916666667,-41.800716629805585,1.7333066441991056e-06,1.0,1.0,1.0,1.0,1.1786159325714884e-05,1.30385160446167e-08,5.1999199325973165e-06
deterministic,50,dstep_payoff - send_on_delta,send_on_delta,30,0.0,0.0,0.0,0.0,0.0,1.0,30,0.0,0.0,0.0,0.0,0.0,1.0,30,0.0006666666666666673,0.0036514837167011113,0.0,0.0020000000000000018,0.18257418583505536,0.31731050786291415,30,0.0,0.0,0.0,0.0,0.0,1.0,30,-271.03333333333336,13.17124174842305,-275.7,-266.6666666666667,-20.57765991318042,1.7213435893906393e-06,30,-2295.1759466666667,127.2319820517048,-2339.9573746666665,-2252.74972675,-18.03930041531498,1.862645149230957e-09,30,-8800.2,485.17507682527736,-8973.218333333334,-8636.563333333334,-18.138194685480833,1.862645149230957e-09,1.0,1.0,1.0,1.0,1.1786159325714884e-05,1.30385160446167e-08,1.30385160446167e-08
deterministic,50,dstep_payoff - teen_like,teen_like,30,0.0,0.0,0.0,0.0,0.0,1.0,30,0.0,0.0,0.0,0.0,0.0,1.0,30,0.0006666666666666673,0.0036514837167011113,0.0,0.0020000000000000018,0.18257418583505536,0.31731050786291415,30,0.0,0.0,0.0,0.0,0.0,1.0,30,-347.46666666666664,15.08535104304683,-352.7,-342.3666666666667,-23.033382894117118,1.7235135468062213e-06,30,-3043.679616666667,145.41813951325315,-3093.9817945833333,-2993.812066583334,-20.930536086175625,1.862645149230957e-09,30,-11271.9,616.7977564921853,-11491.503333333334,-11054.3325,-18.274871919289826,1.862645149230957e-09,1.0,1.0,1.0,1.0,1.1786159325714884e-05,1.30385160446167e-08,1.30385160446167e-08
deterministic,50,dstep_payoff - distributed_edge,distributed_edge,30,0.0,0.0,0.0,0.0,0.0,1.0,30,0.0,0.0,0.0,0.0,0.0,1.0,30,0.0006666666666666673,0.0036514837167011113,0.0,0.0020000000000000018,0.18257418583505536,0.31731050786291415,30,0.0,0.0,0.0,0.0,0.0,1.0,30,-751.7333333333333,15.939396720581742,-757.4666666666667,-746.4333333333333,-47.16196895724779,1.7289484360195754e-06,30,-7235.244356666666,151.83870209547942,-7289.068843666667,-7183.412140666666,-47.65085750085633,1.862645149230957e-09,30,-24778.266666666666,592.7713365803583,-25002.269166666665,-24575.99916666667,-41.800716629805585,1.7333066441991056e-06,1.0,1.0,1.0,1.0,1.1786159325714884e-05,1.30385160446167e-08,5.1999199325973165e-06
deterministic,50,dstep_payoff - voi_baseline,voi_baseline,30,0.0,0.0,0.0,0.0,0.0,1.0,30,0.0,0.0,0.0,0.0,0.0,1.0,30,0.0006666666666666673,0.0036514837167011113,0.0,0.0020000000000000018,0.18257418583505536,0.31731050786291415,30,0.0,0.0,0.0,0.0,0.0,1.0,30,-170.36666666666667,19.64246514013985,-177.3,-163.56583333333333,-8.673385211641195,1.7311263949197288e-06,30,-1542.1383833333336,191.83452904139327,-1609.9327560833333,-1476.6933035,-8.038898893955515,1.862645149230957e-09,30,-5538.9,722.6820424521137,-5790.24,-5289.630833333334,-7.66436644974061,1.862645149230957e-09,1.0,1.0,1.0,1.0,1.1786159325714884e-05,1.30385160446167e-08,1.30385160446167e-08
deterministic,50,dstep_payoff - dstep,dstep,30,0.004389999999999997,0.006357854224880239,0.002356666666666666,0.00675333333333333,0.6904845321587553,0.0017663366484100124,30,0.0006666666666666673,0.0036514837167011113,0.0,0.0020000000000000018,0.18257418583505536,0.31731050786291415,30,0.014000000000000002,0.04399059460604168,0.0013333333333333346,0.032,0.31824984693608205,0.04216819709715596,30,0.0,0.0,0.0,0.0,0.0,1.0,30,7.866666666666666,4.133407489138273,6.433333333333334,9.333333333333334,1.9031916614412236,2.4479240496975712e-06,30,-67.33007000000002,41.40536991514214,-81.96585591666668,-52.66183616666669,-1.6261192724032902,1.30385160446167e-08,30,243.26666666666668,340.65605399939216,126.29166666666667,362.0691666666666,0.7141122660544313,0.0016488594954190978,0.012364356538870087,1.0,0.2951773796800917,1.0,1.1786159325714884e-05,1.30385160446167e-08,0.0016488594954190978
deterministic,100,dstep_payoff - periodic,periodic,30,0.0,0.0,0.0,0.0,0.0,1.0,30,0.0,0.0,0.0,0.0,0.0,1.0,30,0.0023333333333333353,0.004301830671520767,0.0010000000000000009,0.0040000000000000036,0.5424047368439223,0.0081509715935027,30,0.0,0.0,0.0,0.0,0.0,1.0,30,-2787.366666666667,4.582450280659097,-2788.9333333333334,-2785.6666666666665,-608.2699202283014,1.6933411124690754e-06,30,-51355.78924666667,98.39748543742144,-51388.47726508333,-51318.60537691666,-521.9217647520859,1.862645149230957e-09,30,-218393.56666666668,1681.231705365574,-218992.38333333333,-217817.22083333333,-129.900932732635,1.862645149230957e-09,1.0,1.0,0.0570568011545189,1.0,1.1853387787283528e-05,1.30385160446167e-08,1.30385160446167e-08
deterministic,100,dstep_payoff - event_driven,event_driven,30,0.0,0.0,0.0,0.0,0.0,1.0,30,0.0,0.0,0.0,0.0,0.0,1.0,30,0.0023333333333333353,0.004301830671520767,0.0010000000000000009,0.0040000000000000036,0.5424047368439223,0.0081509715935027,30,0.0,0.0,0.0,0.0,0.0,1.0,30,-1517.6,18.27302515392189,-1523.8674999999998,-1511.4666666666667,-83.05138241843233,1.7213435893906393e-06,30,-27606.621833333335,341.19859711344253,-27724.95695625,-27492.18197866667,-80.9107131942709,1.862645149230957e-09,30,-117863.83333333333,2033.8489091025103,-118558.97333333333,-117131.74916666668,-57.95112547733148,1.862645149230957e-09,1.0,1.0,0.0570568011545189,1.0,1.1853387787283528e-05,1.30385160446167e-08,1.30385160446167e-08
deterministic,100,dstep_payoff - send_on_delta,send_on_delta,30,0.0,0.0,0.0,0.0,0.0,1.0,30,0.0,0.0,0.0,0.0,0.0,1.0,30,0.0023333333333333353,0.004301830671520767,0.0010000000000000009,0.0040000000000000036,0.5424047368439223,0.0081509715935027,30,0.0,0.0,0.0,0.0,0.0,1.0,30,-550.8,19.05780679931455,-557.5,-544.2333333333333,-28.901541809092663,1.726772765612998e-06,30,-9530.96185,351.72820275065556,-9653.772437916665,-9409.248104833334,-27.097519549083803,1.862645149230957e-09,30,-41249.0,1744.737980525917,-41875.4875,-40655.88916666667,-23.641945358217225,1.862645149230957e-09,1.0,1.0,0.0570568011545189,1.0,1.1853387787283528e-05,1.30385160446167e-08,1.30385160446167e-08
deterministic,100,dstep_payoff - teen_like,teen_like,30,0.0,0.0,0.0,0.0,0.0,1.0,30,0.0,0.0,0.0,0.0,0.0,1.0,30,0.0023333333333333353,0.004301830671520767,0.0010000000000000009,0.0040000000000000036,0.5424047368439223,0.0081509715935027,30,0.0,0.0,0.0,0.0,0.0,1.0,30,-698.9666666666667,20.85331914924408,-706.2333333333333,-691.9325,-33.51824530494484,1.7289484360195754e-06,30,-12302.390806666668,386.5776354853812,-12436.4846385,-12171.146230583328,-31.823855488225455,1.862645149230957e-09,30,-52408.4,2093.971323454138,-53149.259999999995,-51683.33666666667,-25.02823195952322,1.862645149230957e-09,1.0,1.0,0.0570568011545189,1.0,1.1853387787283528e-05,1.30385160446167e-08,1.30385160446167e-08
deterministic,100,dstep_payoff - distributed_edge,distributed_edge,30,0.0,0.0,0.0,0.0,0.0,1.0,30,0.0,0.0,0.0,0.0,0.0,1.0,30,0.0023333333333333353,0.004301830671520767,0.0010000000000000009,0.0040000000000000036,0.5424047368439223,0.0081509715935027,30,0.0,0.0,0.0,0.0,0.0,1.0,30,-1517.6,18.27302515392189,-1523.8674999999998,-1511.4666666666667,-83.05138241843233,1.7213435893906393e-06,30,-28071.621833333338,341.1985971134424,-28189.95695625,-27957.18197866667,-82.27355584349026,1.862645149230957e-09,30,-117863.83333333333,2033.8489091025103,-118558.97333333333,-117131.74916666668,-57.95112547733148,1.862645149230957e-09,1.0,1.0,0.0570568011545189,1.0,1.1853387787283528e-05,1.30385160446167e-08,1.30385160446167e-08
deterministic,100,dstep_payoff - voi_baseline,voi_baseline,30,0.0,0.0,0.0,0.0,0.0,1.0,30,0.0,0.0,0.0,0.0,0.0,1.0,30,0.0023333333333333353,0.004301830671520767,0.0010000000000000009,0.0040000000000000036,0.5424047368439223,0.0081509715935027,30,0.0,0.0,0.0,0.0,0.0,1.0,30,-341.96666666666664,25.67097291835104,-351.06666666666666,-333.06583333333333,-13.32114165498612,1.7300371292901245e-06,30,-6091.053763333333,477.7550687765636,-6259.463199666668,-5924.990452416667,-12.749323160361898,1.862645149230957e-09,30,-24951.666666666668,2011.3097351165763,-25686.122499999998,-24265.200833333332,-12.405680851149691,1.862645149230957e-09,1.0,1.0,0.0570568011545189,1.0,1.1853387787283528e-05,1.30385160446167e-08,1.30385160446167e-08
deterministic,100,dstep_payoff - dstep,dstep,30,0.00016666666666666682,0.0009128709291752778,0.0,0.0005000000000000004,0.18257418583505536,0.31731050786291415,30,0.0,0.0,0.0,0.0,0.0,1.0,30,0.0,0.0,0.0,0.0,0.0,1.0,30,0.0,0.0,0.0,0.0,0.0,1.0,30,10.8,4.887704489063736,9.1,12.5,2.209626221095211,1.712686559944352e-06,30,-89.50476666666673,93.54574840724698,-121.83170450000006,-57.009164500000225,-0.9568020801652254,3.453157842159271e-05,30,988.7,878.4860860868974,681.3974999999999,1294.675,1.1254589180849024,5.144625902175903e-06,1.0,1.0,1.0,1.0,1.1853387787283528e-05,3.453157842159271e-05,5.144625902175903e-06
physical_pulse,20,dstep_payoff - periodic,periodic,30,-0.20714666666666667,0.08829330717531214,-0.2377344166666667,-0.17785966666666667,-2.346119692349539,1.6879998873377655e-06,30,-0.04999999999999998,0.06565321642986127,-0.07333333333333333,-0.02833333333333334,-0.7615773105863907,0.0003137093717310627,30,-0.06333333333333332,0.08087168778415268,-0.09166666666666666,-0.03666666666666666,-0.7831335671189478,0.0003631227576852431,30,0.0,0.0,0.0,0.0,0.0,1.0,30,-562.9,2.7959330069424664,-563.8,-561.9,-201.3281429141135,1.647864634710871e-06,30,-2356.9491800000005,15.397207050415979,-2361.8789073333332,-2351.3477468333335,-153.0764100451792,1.7333066441991056e-06,30,-6023.333333333333,146.37206567236592,-6077.400833333333,-5972.965833333333,-41.15083916910587,1.862645149230957e-09,1.1815999211364359e-05,0.0018822562303863763,0.0021787365461114587,1.0,1.1535052442976098e-05,1.7333066441991056e-06,1.30385160446167e-08
physical_pulse,20,dstep_payoff - event_driven,event_driven,30,-0.20714666666666667,0.08829330717531214,-0.2377344166666667,-0.17785966666666667,-2.346119692349539,1.6879998873377655e-06,30,-0.04999999999999998,0.06565321642986127,-0.07333333333333333,-0.02833333333333334,-0.7615773105863907,0.0003137093717310627,30,-0.06333333333333332,0.08087168778415268,-0.09166666666666666,-0.03666666666666666,-0.7831335671189478,0.0003631227576852431,30,0.0,0.0,0.0,0.0,0.0,1.0,30,-14.1,4.155179567886243,-15.5,-12.632500000000011,-3.3933551534026067,1.682672742622478e-06,30,66.77372333333334,18.419829982529674,60.49454974999999,73.240687,3.625099873161968,1.862645149230957e-09,30,-199.36666666666667,72.7217101451608,-224.00083333333333,-174.1325,-2.741501351779381,1.7289484360195754e-06,1.1815999211364359e-05,0.0018822562303863763,0.0021787365461114587,1.0,1.1535052442976098e-05,1.30385160446167e-08,1.0373690616117452e-05
physical_pulse,20,dstep_payoff - send_on_delta,send_on_delta,30,-0.20714666666666667,0.08829330717531214,-0.2377344166666667,-0.17785966666666667,-2.346119692349539,1.6879998873377655e-06,30,-0.04999999999999998,0.06565321642986127,-0.07333333333333333,-0.02833333333333334,-0.7615773105863907,0.0003137093717310627,30,-0.06333333333333332,0.08087168778415268,-0.09166666666666666,-0.03666666666666666,-0.7831335671189478,0.0003631227576852431,30,0.0,0.0,0.0,0.0,0.0,1.0,30,-2.6,3.6822032385047914,-3.9,-1.3333333333333333,-0.7060989933450185,0.0013171561008925455,30,117.53821666666666,16.51471960293319,111.80326591666663,123.26164491666667,7.117179067683995,1.862645149230957e-09,30,-79.26666666666667,66.1570406154062,-101.86833333333333,-56.233333333333334,-1.1981591971060384,1.3831603592094136e-05,1.1815999211364359e-05,0.0018822562303863763,0.0021787365461114587,1.0,0.002634312201785091,1.30385160446167e-08,4.149481077628241e-05
physical_pulse,20,dstep_payoff - teen_like,teen_like,30,-0.20714666666666667,0.08829330717531214,-0.2377344166666667,-0.17785966666666667,-2.346119692349539,1.6879998873377655e-06,30,-0.04999999999999998,0.06565321642986127,-0.07333333333333333,-0.02833333333333334,-0.7615773105863907,0.0003137093717310627,30,-0.06333333333333332,0.08087168778415268,-0.09166666666666666,-0.03666666666666666,-0.7831335671189478,0.0003631227576852431,30,0.0,0.0,0.0,0.0,0.0,1.0,30,-5.8,3.763710568226429,-7.066666666666666,-4.533333333333333,-1.5410324186360402,3.308153275429031e-06,30,103.41472999999996,16.72941433645521,97.75920574999996,109.13668908333332,6.181610899232021,1.862645149230957e-09,30,-106.6,64.58119722088433,-129.23583333333332,-83.86583333333334,-1.6506352403997797,2.8768627254590153e-06,1.1815999211364359e-05,0.0018822562303863763,0.0021787365461114587,1.0,1.1535052442976098e-05,1.30385160446167e-08,1.1507450901836061e-05
physical_pulse,20,dstep_payoff - distributed_edge,distributed_edge,30,-0.20714666666666667,0.08829330717531214,-0.2377344166666667,-0.17785966666666667,-2.346119692349539,1.6879998873377655e-06,30,-0.04999999999999998,0.06565321642986127,-0.07333333333333333,-0.02833333333333334,-0.7615773105863907,0.0003137093717310627,30,-0.06333333333333332,0.08087168778415268,-0.09166666666666666,-0.03666666666666666,-0.7831335671189478,0.0003631227576852431,30,0.0,0.0,0.0,0.0,0.0,1.0,30,-14.1,4.155179567886243,-15.5,-12.632500000000011,-3.3933551534026067,1.682672742622478e-06,30,-26.226276666666664,18.419829982529674,-32.50545025000001,-19.75931300000001,-1.4238066633373399,8.009374141693115e-08,30,-199.36666666666667,72.7217101451608,-224.00083333333333,-174.1325,-2.741501351779381,1.7289484360195754e-06,1.1815999211364359e-05,0.0018822562303863763,0.0021787365461114587,1.0,1.1535052442976098e-05,2.4028122425079346e-07,1.0373690616117452e-05
physical_pulse,20,dstep_payoff - voi_baseline,voi_baseline,30,-0.20714666666666667,0.08829330717531214,-0.2377344166666667,-0.17785966666666667,-2.346119692349539,1.6879998873377655e-06,30,-0.04999999999999998,0.06565321642986127,-0.07333333333333333,-0.02833333333333334,-0.7615773105863907,0.0003137093717310627,30,-0.06333333333333332,0.08087168778415268,-0.09166666666666666,-0.03666666666666666,-0.7831335671189478,0.0003631227576852431,30,0.0,0.0,0.0,0.0,0.0,1.0,30,-2.3666666666666667,3.9082876869133063,-3.7333333333333334,-0.9666666666666667,-0.6055507824030775,0.00496110399913519,30,25.610649999999996,17.61544125172376,19.546161499999986,31.909319833333324,1.4538750198774537,3.5390257835388184e-08,30,-84.7,67.50844136233938,-107.03416666666666,-61.13166666666669,-1.2546579107846385,2.4786764370169976e-05,1.1815999211364359e-05,0.0018822562303863763,0.0021787365461114587,1.0,0.00496110399913519,1.4156103134155273e-07,4.957352874033995e-05
physical_pulse,20,dstep_payoff - dstep,dstep,30,0.21048666666666668,0.1818718983303876,0.1498506666666667,0.2743600833333334,1.1573347427445753,1.1911022585151629e-05,30,0.225,0.19641177715935607,0.15666666666666665,0.29166666666666674,1.1455524880132277,9.152051305338665e-06,30,0.26999999999999996,0.19009979230520677,0.20666666666666664,0.33666666666666667,1.4203066543413827,2.943671653012301e-06,30,0.0,0.0,0.0,0.0,0.0,1.0,30,7.766666666666667,3.856774901867901,6.466666666666667,9.1,2.0137723523623685,1.6922717396102948e-06,30,-23.242180000000005,18.218646495666714,-29.37589341666667,-16.970687916666673,-1.275735824037649,6.910413503646851e-07,30,48.06666666666667,60.978194708314035,26.633333333333333,69.46749999999999,0.7882599164601547,0.00034480548894613814,1.1911022585151629e-05,6.406435913737066e-05,2.0605701571086107e-05,1.0,1.1535052442976098e-05,1.3820827007293701e-06,0.00034480548894613814
physical_pulse,50,dstep_payoff - periodic,periodic,30,-0.14308666666666664,0.05802110634595998,-0.16377699999999998,-0.12314633333333336,-2.4661140691370114,1.7159286750586906e-06,30,0.01200000000000001,0.012429109325317319,0.00733333333333334,0.01666666666666668,0.9654754565201836,0.00013385234762018769,30,0.01666666666666668,0.013978637231524932,0.01200000000000001,0.02200000000000002,1.1922955285712433,3.55928164895585e-05,30,0.0,0.0,0.0,0.0,0.0,1.0,30,-1401.6333333333334,3.890601702718411,-1403.0666666666666,-1400.3,-360.26132727850165,1.679483202276532e-06,30,-13361.029310000002,50.987669514280505,-13379.731779416668,-13342.955749249997,-262.0443224269718,1.862645149230957e-09,30,-45822.5,715.7155450172298,-46062.4475,-45569.690833333334,-64.0233404444176,1.7333066441991056e-06,1.2011500725410834e-05,0.0009369664333413138,0.0002491497154269095,1.0,1.1756382415935724e-05,1.30385160446167e-08,8.666533220995529e-06
physical_pulse,50,dstep_payoff - event_driven,event_driven,30,-0.14308666666666664,0.05802110634595998,-0.16377699999999998,-0.12314633333333336,-2.4661140691370114,1.7159286750586906e-06,30,0.01200000000000001,0.012429109325317319,0.00733333333333334,0.01666666666666668,0.9654754565201836,0.00013385234762018769,30,0.01666666666666668,0.013978637231524932,0.01200000000000001,0.02200000000000002,1.1922955285712433,3.55928164895585e-05,30,0.0,0.0,0.0,0.0,0.0,1.0,30,-29.966666666666665,6.49394058856532,-32.266666666666666,-27.633333333333333,-4.614558180503323,1.6997692098403253e-06,30,62.49971333333331,64.60783110006325,40.15096450000001,85.75157924999996,0.9673705535252386,7.994472980499268e-06,30,-1111.9666666666667,333.3327511489168,-1231.5366666666666,-997.7600000000001,-3.3359058263371613,1.862645149230957e-09,1.2011500725410834e-05,0.0009369664333413138,0.0002491497154269095,1.0,1.1756382415935724e-05,1.5988945960998535e-05,1.30385160446167e-08
physical_pulse,50,dstep_payoff - send_on_delta,send_on_delta,30,-0.14308666666666664,0.05802110634595998,-0.16377699999999998,-0.12314633333333336,-2.4661140691370114,1.7159286750586906e-06,30,0.01200000000000001,0.012429109325317319,0.00733333333333334,0.01666666666666668,0.9654754565201836,0.00013385234762018769,30,0.01666666666666668,0.013978637231524932,0.01200000000000001,0.02200000000000002,1.1922955285712433,3.55928164895585e-05,30,0.0,0.0,0.0,0.0,0.0,1.0,30,-3.1,5.181864928568771,-4.9,-1.3,-0.5982402171289746,0.003448609363504588,30,325.60922000000005,53.16735776430422,307.19896316666666,344.3095109166667,6.124231740901168,1.862645149230957e-09,30,-222.66666666666666,266.10800676486195,-315.9,-134.09750000000003,-0.8367529762583172,0.00022239725835124867,1.2011500725410834e-05,0.0009369664333413138,0.0002491497154269095,1.0,0.006897218727009176,1.30385160446167e-08,0.000667191775053746
physical_pulse,50,dstep_payoff - teen_like,teen_like,30,-0.14308666666666664,0.05802110634595998,-0.16377699999999998,-0.12314633333333336,-2.4661140691370114,1.7159286750586906e-06,30,0.01200000000000001,0.012429109325317319,0.00733333333333334,0.01666666666666668,0.9654754565201836,0.00013385234762018769,30,0.01666666666666668,0.013978637231524932,0.01200000000000001,0.02200000000000002,1.1922955285712433,3.55928164895585e-05,30,0.0,0.0,0.0,0.0,0.0,1.0,30,-10.466666666666667,5.71587826740704,-12.5,-8.466666666666667,-1.831156329264301,2.96927964450106e-06,30,253.4086233333333,58.06865139471102,232.92123816666668,273.97983991666666,4.363948830339362,1.862645149230957e-09,30,-484.3333333333333,262.6831490248455,-577.9025,-394.59666666666675,-1.8437929312607844,1.7333066441991056e-06,1.2011500725410834e-05,0.0009369664333413138,0.0002491497154269095,1.0,1.187711857800424e-05,1.30385160446167e-08,8.666533220995529e-06
physical_pulse,50,dstep_payoff - distributed_edge,distributed_edge,30,-0.14308666666666664,0.05802110634595998,-0.16377699999999998,-0.12314633333333336,-2.4661140691370114,1.7159286750586906e-06,30,0.01200000000000001,0.012429109325317319,0.00733333333333334,0.01666666666666668,0.9654754565201836,0.00013385234762018769,30,0.01666666666666668,0.013978637231524932,0.01200000000000001,0.02200000000000002,1.1922955285712433,3.55928164895585e-05,30,0.0,0.0,0.0,0.0,0.0,1.0,30,-29.966666666666665,6.49394058856532,-32.266666666666666,-27.633333333333333,-4.614558180503323,1.6997692098403253e-06,30,-170.00028666666668,64.60783110006325,-192.34903549999999,-146.74842075,-2.631264411327689,3.725290298461914e-09,30,-1111.9666666666667,333.3327511489168,-1231.5366666666666,-997.7600000000001,-3.3359058263371613,1.862645149230957e-09,1.2011500725410834e-05,0.0009369664333413138,0.0002491497154269095,1.0,1.1756382415935724e-05,1.4901161193847656e-08,1.30385160446167e-08
physical_pulse,50,dstep_payoff - voi_baseline,voi_baseline,30,-0.14308666666666664,0.05802110634595998,-0.16377699999999998,-0.12314633333333336,-2.4661140691370114,1.7159286750586906e-06,30,0.01200000000000001,0.012429109325317319,0.00733333333333334,0.01666666666666668,0.9654754565201836,0.00013385234762018769,30,0.01666666666666668,0.013978637231524932,0.01200000000000001,0.02200000000000002,1.1922955285712433,3.55928164895585e-05,30,0.0,0.0,0.0,0.0,0.0,1.0,30,-2.433333333333333,7.025487261704188,-4.9,-0.03333333333333333,-0.34635794539083314,0.0390533177730157,30,99.54362000000008,70.13487586231508,75.06248016666672,124.04695891666671,1.4193169771258827,4.6566128730773926e-08,30,-200.26666666666668,316.4086111271346,-313.1016666666667,-96.0283333333334,-0.6329368406038688,0.0006084088236093521,1.2011500725410834e-05,0.0009369664333413138,0.0002491497154269095,1.0,0.0390533177730157,1.3969838619232178e-07,0.0012168176472187042
physical_pulse,50,dstep_payoff - dstep,dstep,30,-0.058833333333333335,0.07862967033805539,-0.08670033333333335,-0.03142325,-0.7482332442752088,0.0007721094781784061,30,0.014000000000000009,0.02931399571582808,0.005333333333333338,0.02533333333333335,0.4775875706511315,0.004934671740055449,30,0.01866666666666667,0.03481313003722167,0.008000000000000007,0.03200000000000001,0.5361961606643401,0.0013497369658362166,30,0.0,0.0,0.0,0.0,0.0,1.0,30,6.266666666666667,8.038413522208408,3.533333333333333,9.1,0.7795899836893454,0.00045326120390231956,30,-84.72094,85.88147610185115,-114.21212116666669,-54.811128083333344,-0.9864867704360971,2.0798295736312866e-05,30,175.1,289.62512631521355,77.96416666666667,276.2083333333332,0.604574617636696,0.0006084088236093521,0.0007721094781784061,0.004934671740055449,0.0013497369658362166,1.0,0.0013597836117069588,2.0798295736312866e-05,0.0012168176472187042
physical_pulse,100,dstep_payoff - periodic,periodic,30,-0.09613333333333333,0.03910423147870611,-0.11023358333333334,-0.08268,-2.4583869749666847,1.7300371292901245e-06,30,0.01566666666666668,0.01135123670410603,0.01200000000000001,0.020000000000000018,1.3801726697320698,5.383913657295108e-06,30,0.02300000000000002,0.013429252681598006,0.01833333333333335,0.028000000000000025,1.7126790704829562,3.2206700341064423e-06,30,0.0,0.0,0.0,0.0,0.0,1.0,30,-2800.5666666666666,4.710101641288048,-2802.2,-2798.9333333333334,-594.5873104132864,1.6954815515692352e-06,30,-51611.846950000014,114.68117648991613,-51651.34144100001,-51570.31040575001,-450.04636793674877,1.862645149230957e-09,30,-221061.5,2103.2962430924695,-221779.76916666667,-220325.7225,-105.10240805402381,1.862645149230957e-09,1.2110259905030871e-05,3.7687395601065754e-05,2.2544690238745097e-05,1.0,1.1868370860984646e-05,1.30385160446167e-08,1.30385160446167e-08
physical_pulse,100,dstep_payoff - event_driven,event_driven,30,-0.09613333333333333,0.03910423147870611,-0.11023358333333334,-0.08268,-2.4583869749666847,1.7300371292901245e-06,30,0.01566666666666668,0.01135123670410603,0.01200000000000001,0.020000000000000018,1.3801726697320698,5.383913657295108e-06,30,0.02300000000000002,0.013429252681598006,0.01833333333333335,0.028000000000000025,1.7126790704829562,3.2206700341064423e-06,30,0.0,0.0,0.0,0.0,0.0,1.0,30,-58.36666666666667,8.35209382516551,-61.266666666666666,-55.36666666666667,-6.988267599533348,1.712686559944352e-06,30,-322.6991466666666,157.97160426816072,-376.6334352499999,-266.5738749166667,-2.0427667881303324,1.862645149230957e-09,30,-5044.333333333333,926.940846728276,-5360.3975,-4718.041666666667,-5.441915038200956,1.862645149230957e-09,1.2110259905030871e-05,3.7687395601065754e-05,2.2544690238745097e-05,1.0,1.1868370860984646e-05,1.30385160446167e-08,1.30385160446167e-08
physical_pulse,100,dstep_payoff - send_on_delta,send_on_delta,30,-0.09613333333333333,0.03910423147870611,-0.11023358333333334,-0.08268,-2.4583869749666847,1.7300371292901245e-06,30,0.01566666666666668,0.01135123670410603,0.01200000000000001,0.020000000000000018,1.3801726697320698,5.383913657295108e-06,30,0.02300000000000002,0.013429252681598006,0.01833333333333335,0.028000000000000025,1.7126790704829562,3.2206700341064423e-06,30,0.0,0.0,0.0,0.0,0.0,1.0,30,-2.8333333333333335,8.120146649488259,-5.766666666666667,-0.03333333333333333,-0.3489263748102251,0.1493895618287688,30,716.4127666666666,151.71132260351968,661.2604654166666,768.4634442500001,4.722210276545608,1.862645149230957e-09,30,-525.7333333333333,805.2309128371226,-809.6133333333333,-252.51916666666688,-0.652897603596691,0.0020201820880174637,1.2110259905030871e-05,3.7687395601065754e-05,2.2544690238745097e-05,1.0,0.2987791236575376,1.30385160446167e-08,0.006060546264052391
physical_pulse,100,dstep_payoff - teen_like,teen_like,30,-0.09613333333333333,0.03910423147870611,-0.11023358333333334,-0.08268,-2.4583869749666847,1.7300371292901245e-06,30,0.01566666666666668,0.01135123670410603,0.01200000000000001,0.020000000000000018,1.3801726697320698,5.383913657295108e-06,30,0.02300000000000002,0.013429252681598006,0.01833333333333335,0.028000000000000025,1.7126790704829562,3.2206700341064423e-06,30,0.0,0.0,0.0,0.0,0.0,1.0,30,-19.2,7.743295208737374,-21.933333333333334,-16.465833333333343,-2.479564511286502,1.7083716990437344e-06,30,410.05332000000004,147.6232107389093,358.00465016666675,462.2388457500001,2.777702218692643,1.862645149230957e-09,30,-1855.3,790.1348269932076,-2137.7441666666664,-1590.4,-2.3480802726544656,1.862645149230957e-09,1.2110259905030871e-05,3.7687395601065754e-05,2.2544690238745097e-05,1.0,1.1868370860984646e-05,1.30385160446167e-08,1.30385160446167e-08
physical_pulse,100,dstep_payoff - distributed_edge,distributed_edge,30,-0.09613333333333333,0.03910423147870611,-0.11023358333333334,-0.08268,-2.4583869749666847,1.7300371292901245e-06,30,0.01566666666666668,0.01135123670410603,0.01200000000000001,0.020000000000000018,1.3801726697320698,5.383913657295108e-06,30,0.02300000000000002,0.013429252681598006,0.01833333333333335,0.028000000000000025,1.7126790704829562,3.2206700341064423e-06,30,0.0,0.0,0.0,0.0,0.0,1.0,30,-58.36666666666667,8.35209382516551,-61.266666666666666,-55.36666666666667,-6.988267599533348,1.712686559944352e-06,30,-787.6991466666666,157.97160426816072,-841.63343525,-731.5738749166668,-4.986333780149043,1.862645149230957e-09,30,-5044.333333333333,926.940846728276,-5360.3975,-4718.041666666667,-5.441915038200956,1.862645149230957e-09,1.2110259905030871e-05,3.7687395601065754e-05,2.2544690238745097e-05,1.0,1.1868370860984646e-05,1.30385160446167e-08,1.30385160446167e-08
physical_pulse,100,dstep_payoff - voi_baseline,voi_baseline,30,-0.09613333333333333,0.03910423147870611,-0.11023358333333334,-0.08268,-2.4583869749666847,1.7300371292901245e-06,30,0.01566666666666668,0.01135123670410603,0.01200000000000001,0.020000000000000018,1.3801726697320698,5.383913657295108e-06,30,0.02300000000000002,0.013429252681598006,0.01833333333333335,0.028000000000000025,1.7126790704829562,3.2206700341064423e-06,30,0.0,0.0,0.0,0.0,0.0,1.0,30,-0.03333333333333333,8.895885656256796,-3.1674999999999995,3.033333333333333,-0.0037470505603777408,0.8642266025695412,30,303.81189666666666,169.42069432493307,244.52530308333317,362.47016324999987,1.793239591404246,9.313225746154785e-09,30,-166.36666666666667,941.3296715682093,-488.71416666666664,156.7399999999999,-0.17673581497702917,0.42795460671186447,1.2110259905030871e-05,3.7687395601065754e-05,2.2544690238745097e-05,1.0,0.8642266025695412,1.30385160446167e-08,0.8559092134237289
physical_pulse,100,dstep_payoff - dstep,dstep,30,-0.07081666666666665,0.03799455572010044,-0.08479008333333331,-0.058092166666666695,-1.863863527931771,1.7300371292901245e-06,30,0.0,0.0026261286571944535,-0.0010000000000000009,0.0010000000000000009,0.0,1.0,30,0.0,0.0026261286571944535,-0.0010000000000000009,0.0010000000000000009,0.0,1.0,30,0.0,0.0,0.0,0.0,0.0,1.0,30,3.466666666666667,6.306719642070524,1.2333333333333334,5.7,0.549678258018862,0.009690126190773503,30,-234.71829999999994,126.58177236921769,-279.71731100000005,-190.09304883333348,-1.8542819839444673,5.587935447692871e-09,30,51.2,744.1739414763283,-220.06666666666666,308.40999999999985,0.06880111912871736,0.7000329215079546,1.2110259905030871e-05,1.0,1.0,1.0,0.02907037857232051,1.30385160446167e-08,0.8559092134237289
absent,20,dstep_payoff - periodic,periodic,30,0.0,0.0,0.0,0.0,0.0,1.0,30,0.0,0.0,0.0,0.0,0.0,1.0,30,0.0,0.0,0.0,0.0,0.0,1.0,30,-0.9333333333333333,0.2537081317024625,-1.0,-0.8333333333333334,-3.6787679096857047,1.2131545083660686e-07,30,-589.8666666666667,2.7003618318641127,-590.8,-588.9333333333333,-218.4398622830001,1.6384766464748476e-06,30,-2483.926656666667,12.562611384407468,-2488.3449959999994,-2479.519184749999,-197.72375190636566,1.862645149230957e-09,30,-6238.366666666667,138.74076131611326,-6285.9,-6189.966666666666,-44.96419514704037,1.862645149230957e-09,1.0,1.0,1.0,8.49208155856248e-07,1.1469336525323932e-05,1.30385160446167e-08,1.30385160446167e-08
absent,20,dstep_payoff - event_driven,event_driven,30,0.0,0.0,0.0,0.0,0.0,1.0,30,0.0,0.0,0.0,0.0,0.0,1.0,30,0.0,0.0,0.0,0.0,0.0,1.0,30,-0.9333333333333333,0.2537081317024625,-1.0,-0.8333333333333334,-3.6787679096857047,1.2131545083660686e-07,30,-0.1,0.8030115728972382,-0.4,0.16666666666666666,-0.12453120649208509,0.4753436121953518,30,120.70054333333334,3.4845154467159825,119.46173599999997,121.85983066666665,34.6391184596667,1.862645149230957e-09,30,-1.8333333333333333,11.773972854631916,-6.100833333333333,2.033333333333333,-0.15571068117522407,0.4396586365458026,1.0,1.0,1.0,8.49208155856248e-07,0.9506872243907036,1.30385160446167e-08,1.0
absent,20,dstep_payoff - send_on_delta,send_on_delta,30,0.0,0.0,0.0,0.0,0.0,1.0,30,0.0,0.0,0.0,0.0,0.0,1.0,30,0.0,0.0,0.0,0.0,0.0,1.0,30,-0.9333333333333333,0.2537081317024625,-1.0,-0.8333333333333334,-3.6787679096857047,1.2131545083660686e-07,30,0.43333333333333335,1.19433528860584,0.03333333333333333,0.8666666666666667,0.3628238547980675,0.061692272694972794,30,123.05676666666668,5.235188298450196,121.31490508333331,124.88896083333331,23.50570020625541,1.862645149230957e-09,30,0.3333333333333333,14.415827827565888,-4.7,5.333333333333333,0.0231227326880205,0.8136637157667919,1.0,1.0,1.0,8.49208155856248e-07,0.30846136347486397,1.30385160446167e-08,1.0
absent,20,dstep_payoff - teen_like,teen_like,30,0.0,0.0,0.0,0.0,0.0,1.0,30,0.0,0.0,0.0,0.0,0.0,1.0,30,0.0,0.0,0.0,0.0,0.0,1.0,30,-0.9333333333333333,0.2537081317024625,-1.0,-0.8333333333333334,-3.6787679096857047,1.2131545083660686e-07,30,0.3,1.1492126240049811,-0.06666666666666667,0.7,0.2610482984032202,0.18530845822260156,30,122.46771333333335,5.022068990430504,120.80978416666666,124.22069825,24.38590819176204,1.862645149230957e-09,30,-0.6333333333333333,13.438193981010409,-5.3,3.933333333333333,-0.047129348945870286,0.9290127047257105,1.0,1.0,1.0,8.49208155856248e-07,0.6097777236173066,1.30385160446167e-08,1.0
absent,20,dstep_payoff - distributed_edge,distributed_edge,30,0.0,0.0,0.0,0.0,0.0,1.0,30,0.0,0.0,0.0,0.0,0.0,1.0,30,0.0,0.0,0.0,0.0,0.0,1.0,30,-0.9333333333333333,0.2537081317024625,-1.0,-0.8333333333333334,-3.6787679096857047,1.2131545083660686e-07,30,-0.1,0.8030115728972382,-0.4,0.16666666666666666,-0.12453120649208509,0.4753436121953518,30,27.700543333333332,3.4845154467159825,26.461736,28.85983066666667,7.949611289408975,1.862645149230957e-09,30,-1.8333333333333333,11.773972854631916,-6.100833333333333,2.033333333333333,-0.15571068117522407,0.4396586365458026,1.0,1.0,1.0,8.49208155856248e-07,0.9506872243907036,1.30385160446167e-08,1.0
absent,20,dstep_payoff - voi_baseline,voi_baseline,30,0.0,0.0,0.0,0.0,0.0,1.0,30,0.0,0.0,0.0,0.0,0.0,1.0,30,0.0,0.0,0.0,0.0,0.0,1.0,30,-0.9333333333333333,0.2537081317024625,-1.0,-0.8333333333333334,-3.6787679096857047,1.2131545083660686e-07,30,0.23333333333333334,0.858359836662575,-0.06666666666666667,0.5333333333333333,0.27183626652496523,0.15244443090432666,30,29.173183333333334,3.693857639386967,27.850470916666666,30.412027250000005,7.897755187494155,1.862645149230957e-09,30,0.1,12.293396040431487,-4.5,4.4,0.008134448745579509,0.9527235817670947,1.0,1.0,1.0,8.49208155856248e-07,0.6097777236173066,1.30385160446167e-08,1.0
absent,20,dstep_payoff - dstep,dstep,30,0.0,0.0,0.0,0.0,0.0,1.0,30,0.0,0.0,0.0,0.0,0.0,1.0,30,0.0,0.0,0.0,0.0,0.0,1.0,30,-0.16666666666666666,0.4611330373774141,-0.3333333333333333,0.0,-0.36142859686337847,0.05878172135535886,30,1.6,1.2757688689165259,1.1333333333333333,2.066666666666667,1.2541456677484493,1.774086374925064e-05,30,-52.250503333333334,6.125030100108072,-54.417839166666674,-50.009575666666684,-8.530652499554478,1.862645149230957e-09,30,10.566666666666666,17.31788657435713,4.9316666666666675,16.9,0.610159133523423,0.00907853133460859,1.0,1.0,1.0,0.05878172135535886,0.00010644518249550384,1.30385160446167e-08,0.054471188007651536
absent,50,dstep_payoff - periodic,periodic,30,0.0,0.0,0.0,0.0,0.0,1.0,30,0.0,0.0,0.0,0.0,0.0,1.0,30,0.0,0.0,0.0,0.0,0.0,1.0,30,-1.0,0.0,-1.0,-1.0,0.0,4.320463057827488e-08,30,-1477.6333333333334,4.230295769665589,-1479.1666666666667,-1476.1666666666667,-349.29787745081063,1.6933411124690754e-06,30,-14155.904583333333,44.22780528814729,-14171.265946249996,-14140.034752916663,-320.0679864421626,1.862645149230957e-09,30,-47951.13333333333,585.8876986268776,-48154.715,-47750.729999999996,-81.84355712829361,1.732216233144114e-06,1.0,1.0,1.0,3.024324140479242e-07,1.1853387787283528e-05,1.30385160446167e-08,1.2125513632008799e-05
absent,50,dstep_payoff - event_driven,event_driven,30,0.0,0.0,0.0,0.0,0.0,1.0,30,0.0,0.0,0.0,0.0,0.0,1.0,30,0.0,0.0,0.0,0.0,0.0,1.0,30,-1.0,0.0,-1.0,-1.0,0.0,4.320463057827488e-08,30,0.23333333333333334,1.0063019815944514,-0.1,0.6,0.23187207975445362,0.23360859512268173,30,309.45039666666673,9.600520406996745,306.183217,312.8342624166666,32.23266901668611,1.862645149230957e-09,30,21.4,53.84306698237913,3.399166666666667,40.26833333333331,0.3974513563093172,0.15299519795034452,1.0,1.0,1.0,3.024324140479242e-07,0.46721719024536346,1.30385160446167e-08,0.30599039590068905
absent,50,dstep_payoff - send_on_delta,send_on_delta,30,0.0,0.0,0.0,0.0,0.0,1.0,30,0.0,0.0,0.0,0.0,0.0,1.0,30,0.0,0.0,0.0,0.0,0.0,1.0,30,-1.0,0.0,-1.0,-1.0,0.0,4.320463057827488e-08,30,1.2666666666666666,1.0806553992619585,0.9,1.6666666666666667,1.1721281988057857,2.8539157409042136e-05,30,319.55400333333336,10.309260859938725,316.08105308333336,323.1736073333333,30.996790912053097,1.862645149230957e-09,30,51.43333333333333,66.36143631571771,29.16416666666667,75.13416666666666,0.7750485249993202,0.00047454613826976614,1.0,1.0,1.0,3.024324140479242e-07,0.0001426957870452107,1.30385160446167e-08,0.0023727306913488306
absent,50,dstep_payoff - teen_like,teen_like,30,0.0,0.0,0.0,0.0,0.0,1.0,30,0.0,0.0,0.0,0.0,0.0,1.0,30,0.0,0.0,0.0,0.0,0.0,1.0,30,-1.0,0.0,-1.0,-1.0,0.0,4.320463057827488e-08,30,1.0333333333333334,1.0333518722845685,0.6666666666666666,1.4,0.9999820594013208,6.483002800368435e-05,30,317.2770133333334,9.941049852305499,313.89417641666677,320.76487925,31.915845715203957,1.862645149230957e-09,30,42.833333333333336,64.5552868282007,21.296666666666667,64.96666666666667,0.6635139496370694,0.0026325673856724455,1.0,1.0,1.0,3.024324140479242e-07,0.00019449008401105304,1.30385160446167e-08,0.007897702157017336
absent,50,dstep_payoff - distributed_edge,distributed_edge,30,0.0,0.0,0.0,0.0,0.0,1.0,30,0.0,0.0,0.0,0.0,0.0,1.0,30,0.0,0.0,0.0,0.0,0.0,1.0,30,-1.0,0.0,-1.0,-1.0,0.0,4.320463057827488e-08,30,0.23333333333333334,1.0063019815944514,-0.1,0.6,0.23187207975445362,0.23360859512268173,30,76.95039666666668,9.600520406996738,73.68321700000001,80.33426241666666,8.01523182124442,1.862645149230957e-09,30,21.4,53.84306698237913,3.399166666666667,40.26833333333331,0.3974513563093172,0.15299519795034452,1.0,1.0,1.0,3.024324140479242e-07,0.46721719024536346,1.30385160446167e-08,0.30599039590068905
absent,50,dstep_payoff - voi_baseline,voi_baseline,30,0.0,0.0,0.0,0.0,0.0,1.0,30,0.0,0.0,0.0,0.0,0.0,1.0,30,0.0,0.0,0.0,0.0,0.0,1.0,30,-1.0,0.0,-1.0,-1.0,0.0,4.320463057827488e-08,30,1.1,0.959525744924238,0.7666666666666667,1.4333333333333333,1.1463996727746515,3.841634491570318e-05,30,85.44540333333333,9.003379869784645,82.31686683333334,88.59112316666666,9.490369679956327,1.862645149230957e-09,30,53.4,70.07562417451788,29.233333333333334,77.73333333333333,0.7620338830948042,0.0007469312525726135,1.0,1.0,1.0,3.024324140479242e-07,0.00015366537966281273,1.30385160446167e-08,0.002987725010290454
absent,50,dstep_payoff - dstep,dstep,30,0.0,0.0,0.0,0.0,0.0,1.0,30,0.0,0.0,0.0,0.0,0.0,1.0,30,0.0,0.0,0.0,0.0,0.0,1.0,30,-0.8,0.4068381021724863,-0.9333333333333333,-0.6333333333333333,-1.96638416050035,9.633570086430965e-07,30,4.2,2.618238418057665,3.2666666666666666,5.1,1.6041319885282874,3.515339769415901e-06,30,-111.5213266666667,27.493312191537303,-121.49036450000001,-102.10421966666668,-4.056307435413111,1.862645149230957e-09,30,205.86666666666667,122.73569397169123,164.66583333333332,250.73333333333332,1.6773170053867903,2.5613577487758663e-06,1.0,1.0,1.0,9.633570086430965e-07,2.1092038616495405e-05,1.30385160446167e-08,1.5368146492655198e-05
absent,100,dstep_payoff - periodic,periodic,30,0.0,0.0,0.0,0.0,0.0,1.0,30,0.0,0.0,0.0,0.0,0.0,1.0,30,0.0,0.0,0.0,0.0,0.0,1.0,30,-1.0,0.0,-1.0,-1.0,0.0,4.320463057827488e-08,30,-2954.233333333333,5.1305933872942155,-2955.9666666666667,-2952.4333333333334,-575.8073404626874,1.7040659206732472e-06,30,-54636.52602000001,114.06546264052075,-54675.87688341667,-54596.65794783333,-478.9927183497073,1.862645149230957e-09,30,-231569.53333333333,2127.8875996587813,-232338.99166666664,-230844.28916666668,-108.82601758216308,1.862645149230957e-09,1.0,1.0,1.0,3.024324140479242e-07,1.192846144471273e-05,1.30385160446167e-08,1.30385160446167e-08
absent,100,dstep_payoff - event_driven,event_driven,30,0.0,0.0,0.0,0.0,0.0,1.0,30,0.0,0.0,0.0,0.0,0.0,1.0,30,0.0,0.0,0.0,0.0,0.0,1.0,30,-1.0,0.0,-1.0,-1.0,0.0,4.320463057827488e-08,30,0.9333333333333333,1.284746944983205,0.5,1.4,0.7264725064946813,0.0005392947700946196,30,645.8830199999999,25.86249641720481,637.6315119166666,655.7167689166666,24.97373067088495,1.862645149230957e-09,30,39.86666666666667,179.45314119584944,-24.633333333333333,101.80249999999997,0.2221564158810542,0.2743161408629605,1.0,1.0,1.0,3.024324140479242e-07,0.001617884310283859,1.30385160446167e-08,0.548632281725921
absent,100,dstep_payoff - send_on_delta,send_on_delta,30,0.0,0.0,0.0,0.0,0.0,1.0,30,0.0,0.0,0.0,0.0,0.0,1.0,30,0.0,0.0,0.0,0.0,0.0,1.0,30,-1.0,0.0,-1.0,-1.0,0.0,4.320463057827488e-08,30,2.466666666666667,1.591644851508443,1.9333333333333333,3.033333333333333,1.5497594606792735,4.6523384105652426e-06,30,674.64013,29.82980360364158,664.6166785,685.0640645833332,22.61631149048668,1.862645149230957e-09,30,178.36666666666667,193.5051426445433,111.39000000000001,248.4358333333333,0.9217670612212873,0.000139051023044528,1.0,1.0,1.0,3.024324140479242e-07,2.3261692052826212e-05,1.30385160446167e-08,0.000556204092178112
absent,100,dstep_payoff - teen_like,teen_like,30,0.0,0.0,0.0,0.0,0.0,1.0,30,0.0,0.0,0.0,0.0,0.0,1.0,30,0.0,0.0,0.0,0.0,0.0,1.0,30,-1.0,0.0,-1.0,-1.0,0.0,4.320463057827488e-08,30,2.0,1.4855627054164149,1.5,2.533333333333333,1.346291201783626,8.289085483630618e-06,30,665.8584366666666,28.18342536985638,656.3910454999998,675.9813720833331,23.62588748274851,1.862645149230957e-09,30,133.06666666666666,172.78667998896557,71.0975,192.0675,0.7701210919450765,0.0008144599706234649,1.0,1.0,1.0,3.024324140479242e-07,3.315634193452247e-05,1.30385160446167e-08,0.0024433799118703946
absent,100,dstep_payoff - distributed_edge,distributed_edge,30,0.0,0.0,0.0,0.0,0.0,1.0,30,0.0,0.0,0.0,0.0,0.0,1.0,30,0.0,0.0,0.0,0.0,0.0,1.0,30,-1.0,0.0,-1.0,-1.0,0.0,4.320463057827488e-08,30,0.9333333333333333,1.284746944983205,0.5,1.4,0.7264725064946813,0.0005392947700946196,30,180.88302000000004,25.8624964172048,172.63151191666668,190.71676891666667,6.994027841785188,1.862645149230957e-09,30,39.86666666666667,179.45314119584944,-24.633333333333333,101.80249999999997,0.2221564158810542,0.2743161408629605,1.0,1.0,1.0,3.024324140479242e-07,0.001617884310283859,1.30385160446167e-08,0.548632281725921
absent,100,dstep_payoff - voi_baseline,voi_baseline,30,0.0,0.0,0.0,0.0,0.0,1.0,30,0.0,0.0,0.0,0.0,0.0,1.0,30,0.0,0.0,0.0,0.0,0.0,1.0,30,-1.0,0.0,-1.0,-1.0,0.0,4.320463057827488e-08,30,2.7,1.4890404223224918,2.1666666666666665,3.2,1.8132482903242788,3.084279066533795e-06,30,213.97554333333335,27.622580076160876,204.58995241666676,223.68494783333338,7.7463996029104,1.862645149230957e-09,30,175.93333333333334,173.29861279133857,116.09666666666666,236.73333333333332,1.0152033562159388,3.9785891604325174e-05,1.0,1.0,1.0,3.024324140479242e-07,1.850567439920277e-05,1.30385160446167e-08,0.00019892945802162587
absent,100,dstep_payoff - dstep,dstep,30,0.0,0.0,0.0,0.0,0.0,1.0,30,0.0,0.0,0.0,0.0,0.0,1.0,30,0.0,0.0,0.0,0.0,0.0,1.0,30,-0.9666666666666667,0.18257418583505533,-1.0,-0.9,-5.294651389216607,7.237829871739995e-08,30,0.7333333333333333,8.325007334917895,-2.2666666666666666,3.7666666666666666,0.08808801047627735,0.5762320294154888,30,-315.4865366666666,171.61820603543902,-376.82874075,-252.80890283333335,-1.8383045945691736,3.725290298461914e-09,30,853.0666666666667,373.5911404595739,721.4583333333334,981.4158333333331,2.283423171163173,1.862645149230957e-09,1.0,1.0,1.0,3.024324140479242e-07,0.5762320294154888,1.30385160446167e-08,1.30385160446167e-08
