event_model,nodes,policy,runs,confirmation_f1_mean,confirmation_f1_sd,confirmation_f1_ci_lo,confirmation_f1_ci_hi,awareness_recall_mean,awareness_recall_sd,awareness_recall_ci_lo,awareness_recall_ci_hi,dcr_mean,dcr_sd,dcr_ci_lo,dcr_ci_hi,network_false_alarm_mean,network_false_alarm_sd,network_false_alarm_ci_lo,network_false_alarm_ci_hi,false_confirmation_rate_mean,false_confirmation_rate_sd,false_confirmation_rate_ci_lo,false_confirmation_rate_ci_hi,false_awareness_rate_mean,false_awareness_rate_sd,false_awareness_rate_ci_lo,false_awareness_rate_ci_hi,tx_packets_mean,tx_packets_sd,tx_packets_ci_lo,tx_packets_ci_hi,energy_mj_mean,energy_mj_sd,energy_mj_ci_lo,energy_mj_ci_hi,collisions_mean,collisions_sd,collisions_ci_lo,collisions_ci_hi,suppressed_tx_mean,suppressed_tx_sd,suppressed_tx_ci_lo,suppressed_tx_ci_hi,link_pdr_mean,link_pdr_sd,link_pdr_ci_lo,link_pdr_ci_hi,channel_loss_rate_mean,channel_loss_rate_sd,channel_loss_rate_ci_lo,channel_loss_rate_ci_hi,collision_loss_rate_mean,collision_loss_rate_sd,collision_loss_rate_ci_lo,collision_loss_rate_ci_hi,mean_alert_delay_s_mean,mean_alert_delay_s_sd,mean_alert_delay_s_ci_lo,mean_alert_delay_s_ci_hi,mean_lead_time_s_mean,mean_lead_time_s_sd,mean_lead_time_s_ci_lo,mean_lead_time_s_ci_hi,operational_success_rate,false_alarm_free_rate
deterministic,20,periodic,30,1.0,0.0,1.0,1.0,1.0,0.0,1.0,1.0,1.0,0.0,1.0,1.0,0.0,0.0,0.0,0.0,0.0,0.0,0.0,0.0,0.0,0.0,0.0,0.0,600.0,0.0,600.0,600.0,2695.15616,4.896003523325323,2693.2850600000006,2696.6114600000005,6269.666666666667,133.15309657096518,6224.7325,6317.6,0.0,0.0,0.0,0.0,0.11844,0.015052702816071453,0.11321666666666667,0.12379375,0.33159,0.015841855298870295,0.32598658333333325,0.3370035,0.5499733333333333,0.011685532857380504,0.5460163333333332,0.5542134166666667,-0.32887,0.549088476100352,-0.522434,-0.14066975000000004,0.32887,0.549088476100352,0.13746324999999998,0.5302319166666666,1.0,
deterministic,20,event_driven,30,1.0,0.0,1.0,1.0,1.0,0.0,1.0,1.0,1.0,0.0,1.0,1.0,0.0,0.0,0.0,0.0,0.0,0.0,0.0,0.0,0.0,0.0,0.0,0.0,345.3,13.886609774688809,340.3,350.3666666666667,1570.6742366666667,61.05687804312824,1549.3491774166664,1593.2806898333333,3672.9,169.23323020877592,3615.128333333333,3732.834166666667,0.0,0.0,0.0,0.0,0.12043666666666666,0.015291974080031911,0.11503958333333333,0.12587008333333335,0.31973666666666667,0.015513831055641563,0.3140865,0.32502999999999993,0.5598433333333334,0.012972827924851863,0.5549797499999999,0.5639569166666666,-0.32887,0.549088476100352,-0.522434,-0.14066975000000004,0.32887,0.549088476100352,0.13746324999999998,0.5302319166666666,1.0,
deterministic,20,send_on_delta,30,1.0,0.0,1.0,1.0,1.0,0.0,1.0,1.0,1.0,0.0,1.0,1.0,0.0,0.0,0.0,0.0,0.0,0.0,0.0,0.0,0.0,0.0,0.0,0.0,154.2,9.781756417979834,150.66583333333332,157.56666666666666,727.1997433333333,43.08921809065372,711.3973133333332,742.1184996666668,1596.8333333333333,113.6428414036663,1556.4991666666667,1637.7008333333333,0.0,0.0,0.0,0.0,0.13269666666666666,0.016784197891188447,0.12678991666666664,0.13866675,0.3222333333333333,0.02013273767863629,0.31519949999999997,0.3292900833333335,0.54508,0.018864880708287846,0.5383330833333332,0.55135675,-0.32887,0.549088476100352,-0.522434,-0.14066975000000004,0.32887,0.549088476100352,0.13746324999999998,0.5302319166666666,1.0,
deterministic,20,teen_like,30,1.0,0.0,1.0,1.0,1.0,0.0,1.0,1.0,1.0,0.0,1.0,1.0,0.0,0.0,0.0,0.0,0.0,0.0,0.0,0.0,0.0,0.0,0.0,0.0,183.66666666666666,10.158513783957305,180.03333333333333,187.23333333333332,857.38113,44.726739967458556,840.9596369166666,873.0589464999999,1910.6666666666667,104.63016421839266,1874.4658333333334,1948.3091666666664,0.0,0.0,0.0,0.0,0.12963,0.017802985995187086,0.12338291666666666,0.13597416666666665,0.32259333333333334,0.014991030268322025,0.3172960833333333,0.32778999999999997,0.5477833333333333,0.01615897494472863,0.5419433333333334,0.5534066666666668,-0.32887,0.549088476100352,-0.522434,-0.14066975000000004,0.32887,0.549088476100352,0.13746324999999998,0.5302319166666666,1.0,
deterministic,20,distributed_edge,30,1.0,0.0,1.0,1.0,1.0,0.0,1.0,1.0,1.0,0.0,1.0,1.0,0.0,0.0,0.0,0.0,0.0,0.0,0.0,0.0,0.0,0.0,0.0,0.0,345.3,13.886609774688809,340.3,350.3666666666667,1663.6742366666667,61.05687804312824,1642.3491774166664,1686.2806898333333,3672.9,169.23323020877592,3615.128333333333,3732.834166666667,0.0,0.0,0.0,0.0,0.12043666666666666,0.015291974080031911,0.11503958333333333,0.12587008333333335,0.31973666666666667,0.015513831055641563,0.3140865,0.32502999999999993,0.5598433333333334,0.012972827924851863,0.5549797499999999,0.5639569166666666,-0.32487,0.549088476100352,-0.518434,-0.13666975000000006,0.32487,0.549088476100352,0.13346325,0.5262319166666667,1.0,
deterministic,20,voi_baseline,30,1.0,0.0,1.0,1.0,1.0,0.0,1.0,1.0,1.0,0.0,1.0,1.0,0.0,0.0,0.0,0.0,0.0,0.0,0.0,0.0,0.0,0.0,0.0,0.0,113.0,11.706172848485567,108.96666666666667,117.1,638.4032,51.61471165193519,620.0088434166667,656.2557190833332,1125.6666666666667,117.37394803856995,1084.5991666666666,1167.2008333333333,0.0,0.0,0.0,0.0,0.14120666666666667,0.02000046436242528,0.13426316666666666,0.14844016666666668,0.33392333333333335,0.02247011322859204,0.3257196666666668,0.341808,0.5248533333333333,0.02729252434381017,0.5157199166666666,0.5347235833333334,-0.32487,0.549088476100352,-0.518434,-0.13666975000000006,0.32487,0.549088476100352,0.13346325,0.5262319166666667,1.0,
deterministic,20,dstep,30,0.8900033333333334,0.08370517836464761,0.8612975,0.91889175,0.9066666666666666,0.08683449709106095,0.875,0.9349999999999999,0.75,0.19387162478442202,0.68,0.8166666666666667,0.0,0.0,0.0,0.0,0.0,0.0,0.0,0.0,0.0,0.0,0.0,0.0,35.0,4.034335393713011,33.63333333333333,36.36666666666667,389.71789666666666,19.405201483151696,383.1366781666666,396.64316441666665,317.1333333333333,58.84153666230692,296.9,338.2008333333333,95.76666666666667,20.13177850432312,88.93333333333334,103.23333333333333,0.14384666666666665,0.023895746747981703,0.13568333333333332,0.15244449999999996,0.37849333333333335,0.06408720854312953,0.355079,0.4003871666666667,0.4776666666666667,0.07277484092228831,0.45223499999999994,0.5031770833333333,0.9417533333333333,1.5103154887897299,0.41867341666666674,1.485344583333333,-0.9417533333333333,1.5103154887897299,-1.50817125,-0.4179725833333333,0.13333333333333333,
deterministic,20,dstep_payoff,30,1.0,0.0,1.0,1.0,1.0,0.0,1.0,1.0,0.9966666666666667,0.012685406585123134,0.9916666666666667,1.0,0.0,0.0,0.0,0.0,0.0,0.0,0.0,0.0,0.0,0.0,0.0,0.0,41.833333333333336,1.8769625744130134,41.166666666666664,42.5,362.85455333333334,8.719369371562784,359.912033,365.99030008333335,375.23333333333335,55.27591190366387,356.2991666666667,395.3333333333333,119.63333333333334,19.434209676421794,112.9325,126.50083333333332,0.14893333333333333,0.025798601049125788,0.13997316666666665,0.15813358333333333,0.3796,0.049714439725711275,0.36206975,0.3965579166666666,0.47149,0.0621309981493496,0.45100975,0.4942316666666666,-0.6555966666666666,0.5337511938019974,-0.8415304166666666,-0.46730091666666684,0.6555966666666666,0.5337511938019974,0.46026708333333344,0.8349055,1.0,
deterministic,50,periodic,30,1.0,0.0,1.0,1.0,1.0,0.0,1.0,1.0,0.9993333333333333,0.003651483716701111,0.998,1.0,0.0,0.0,0.0,0.0,0.0,0.0,0.0,0.0,0.0,0.0,0.0,0.0,1500.0,0.0,1500.0,1500.0,14805.765693333333,27.799837363192626,14795.924816166671,14815.301373333334,48658.566666666666,622.1175010056149,48434.00666666667,48868.30333333334,0.0,0.0,0.0,0.0,0.09319666666666666,0.005188480830969055,0.09145,0.09502333333333332,0.24478666666666668,0.008278752751860437,0.24194333333333334,0.24774008333333336,0.66202,0.008447337878963953,0.65903325,0.6648535000000001,-0.57492,0.4124474373198652,-0.7173009166666667,-0.4291460000000001,0.57492,0.4124474373198652,0.42248308333333334,0.7159062500000001,1.0,
deterministic,50,event_driven,30,1.0,0.0,1.0,1.0,1.0,0.0,1.0,1.0,0.9993333333333333,0.003651483716701111,0.998,1.0,0.0,0.0,0.0,0.0,0.0,0.0,0.0,0.0,0.0,0.0,0.0,0.0,860.2,16.518328378313377,854.3666666666667,865.9333333333333,8541.09761,158.35048743482642,8485.913061083333,8595.904074583332,28056.466666666667,582.7491169734479,27854.130833333336,28258.915,0.0,0.0,0.0,0.0,0.09540333333333334,0.00499589371614214,0.09370333333333333,0.09716683333333334,0.23891333333333334,0.009636415606807669,0.2355931666666666,0.24225,0.6656833333333333,0.009683583097655305,0.6622432499999997,0.6691366666666666,-0.57492,0.4124474373198652,-0.7173009166666667,-0.4291460000000001,0.57492,0.4124474373198652,0.42248308333333334,0.7159062500000001,1.0,
deterministic,50,send_on_delta,30,1.0,0.0,1.0,1.0,1.0,0.0,1.0,1.0,0.9993333333333333,0.003651483716701111,0.998,1.0,0.0,0.0,0.0,0.0,0.0,0.0,0.0,0.0,0.0,0.0,0.0,0.0,379.5,14.139087421168606,374.6333333333333,384.53333333333336,3833.5292,137.92441152409387,3787.0980948333336,3883.96211575,12078.4,502.8135734595601,11906.164166666666,12264.0375,0.0,0.0,0.0,0.0,0.09988333333333334,0.006848915511098156,0.09751991666666668,0.10227008333333332,0.25050333333333336,0.012545599127632936,0.24597991666666666,0.25478025000000004,0.64961,0.01621171032692534,0.6438532500000002,0.6556201666666668,-0.57492,0.4124474373198652,-0.7173009166666667,-0.4291460000000001,0.57492,0.4124474373198652,0.42248308333333334,0.7159062500000001,1.0,
deterministic,50,teen_like,30,1.0,0.0,1.0,1.0,1.0,0.0,1.0,1.0,0.9993333333333333,0.003651483716701111,0.998,1.0,0.0,0.0,0.0,0.0,0.0,0.0,0.0,0.0,0.0,0.0,0.0,0.0,455.93333333333334,15.81342365890739,450.4,461.5,4582.03287,153.79437981833965,4528.292320166666,4638.042099083334,14550.1,551.147977501005,14362.09,14747.634166666667,0.0,0.0,0.0,0.0,0.0987,0.00707009242489458,0.09634641666666666,0.10121691666666666,0.24996333333333334,0.011745416812184828,0.24572975000000002,0.25394700000000003,0.65133,0.012601837578100579,0.6469297499999999,0.6559734166666669,-0.57492,0.4124474373198652,-0.7173009166666667,-0.4291460000000001,0.57492,0.4124474373198652,0.42248308333333334,0.7159062500000001,1.0,
deterministic,50,distributed_edge,30,1.0,0.0,1.0,1.0,1.0,0.0,1.0,1.0,0.9993333333333333,0.003651483716701111,0.998,1.0,0.0,0.0,0.0,0.0,0.0,0.0,0.0,0.0,0.0,0.0,0.0,0.0,860.2,16.518328378313377,854.3666666666667,865.9333333333333,8773.59761,158.35048743482642,8718.413061083333,8828.404074583332,28056.466666666667,582.7491169734479,27854.130833333336,28258.915,0.0,0.0,0.0,0.0,0.09540333333333334,0.00499589371614214,0.09370333333333333,0.09716683333333334,0.23891333333333334,0.009636415606807669,0.2355931666666666,0.24225,0.6656833333333333,0.009683583097655305,0.6622432499999997,0.6691366666666666,-0.57092,0.4124474373198652,-0.7133009166666666,-0.4251460000000001,0.57092,0.4124474373198652,0.41848308333333345,0.7119062499999999,1.0,
deterministic,50,voi_baseline,30,1.0,0.0,1.0,1.0,1.0,0.0,1.0,1.0,0.9993333333333333,0.003651483716701111,0.998,1.0,0.0,0.0,0.0,0.0,0.0,0.0,0.0,0.0,0.0,0.0,0.0,0.0,278.8333333333333,20.20939237656306,271.6666666666667,285.73333333333335,3080.4916366666666,197.56828967658763,3011.189008083334,3149.612911833333,8817.1,740.9704889651418,8555.3925,9090.610833333334,0.0,0.0,0.0,0.0,0.10301,0.007170406134796763,0.10062658333333332,0.10556666666666666,0.25195333333333336,0.017415722847440203,0.24589999999999998,0.2580769166666666,0.6450433333333333,0.01863424143943049,0.6384758333333335,0.65192675,-0.57092,0.4124474373198652,-0.7133009166666666,-0.4251460000000001,0.57092,0.4124474373198652,0.41848308333333345,0.7119062499999999,1.0,
deterministic,50,dstep,30,0.99561,0.00635785422488024,0.9932399999999999,0.9976433333333332,0.9993333333333333,0.003651483716701111,0.998,1.0,0.986,0.043990594606041676,0.968,0.9986666666666667,0.0,0.0,0.0,0.0,0.0,0.0,0.0,0.0,0.0,0.0,0.0,0.0,100.6,2.8958948352023635,99.56666666666666,101.56666666666666,1605.6833233333334,32.58946619128462,1594.0739467500005,1616.932972666667,3034.9333333333334,236.80792934844655,2947.8925,3116.0008333333335,527.5333333333333,63.65842758267636,506.0975,551.2016666666667,0.10691666666666666,0.01146443024836124,0.10290958333333332,0.11107033333333331,0.27736,0.037945138255662994,0.26409958333333333,0.29095350000000003,0.61571,0.0456038742304597,0.5999755833333335,0.6314703333333334,-1.6293133333333334,1.0124067724583534,-1.9985701666666666,-1.3071285000000001,1.6293133333333334,1.0124067724583534,1.2839034166666665,2.0038856666666667,0.9333333333333333,
deterministic,50,dstep_payoff,30,1.0,0.0,1.0,1.0,1.0,0.0,1.0,1.0,1.0,0.0,1.0,1.0,0.0,0.0,0.0,0.0,0.0,0.0,0.0,0.0,0.0,0.0,0.0,0.0,108.46666666666667,3.3603502827813214,107.3,109.6,1538.3532533333332,33.47936446418932,1526.6193099166665,1550.3529536666665,3278.2,269.01895843973523,3185.4583333333335,3372.5375,567.3666666666667,62.131386556251094,545.8666666666667,589.67,0.10636,0.010969066222477801,0.10266308333333334,0.11048016666666664,0.27694,0.03718525477139821,0.2643155,0.29017683333333333,0.6166966666666667,0.04500784976234574,0.6010398333333333,0.6328254166666667,-1.3375766666666666,0.3068765962057885,-1.4445569166666667,-1.2286213333333333,1.3375766666666666,0.3068765962057885,1.2292520833333334,1.4411804166666664,1.0,
deterministic,100,periodic,30,1.0,0.0,1.0,1.0,1.0,0.0,1.0,1.0,0.9976666666666667,0.004301830671520767,0.996,0.999,0.0,0.0,0.0,0.0,0.0,0.0,0.0,0.0,0.0,0.0,0.0,0.0,3000.0,0.0,3000.0,3000.0,56349.8629,45.72489375919508,56332.67878175,56365.32885683333,234013.36666666667,1670.1561249204206,233426.12583333332,234585.04333333333,0.0,0.0,0.0,0.0,0.06307,0.0022167310508323145,0.062323333333333335,0.06386666666666668,0.14900666666666668,0.005083979796843479,0.14713991666666662,0.1507735,0.7879266666666667,0.005614631951786607,0.7859798333333333,0.7899333333333333,-0.37657,0.3080675218754531,-0.48598408333333337,-0.2700658333333334,0.37657,0.3080675218754531,0.2728725,0.4858791666666664,1.0,
deterministic,100,event_driven,30,1.0,0.0,1.0,1.0,1.0,0.0,1.0,1.0,0.9976666666666667,0.004301830671520767,0.996,0.999,0.0,0.0,0.0,0.0,0.0,0.0,0.0,0.0,0.0,0.0,0.0,0.0,1730.2333333333333,18.083490915145806,1723.8325,1736.8,32600.695486666667,339.3711421211066,32485.431372666666,32721.59444508333,133483.63333333333,2033.698643178081,132780.56416666668,134224.89416666667,0.0,0.0,0.0,0.0,0.06495,0.0023330829093859843,0.06413333333333335,0.06576341666666667,0.15578333333333333,0.00744696574791201,0.15319,0.15827666666666665,0.77927,0.00838702404991145,0.77634325,0.7822667499999999,-0.37657,0.3080675218754531,-0.48598408333333337,-0.2700658333333334,0.37657,0.3080675218754531,0.2728725,0.4858791666666664,1.0,
deterministic,100,send_on_delta,30,1.0,0.0,1.0,1.0,1.0,0.0,1.0,1.0,0.9976666666666667,0.004301830671520767,0.996,0.999,0.0,0.0,0.0,0.0,0.0,0.0,0.0,0.0,0.0,0.0,0.0,0.0,763.4333333333333,18.408549987537807,756.8333333333334,770.0333333333333,14525.035503333333,341.64276172548966,14404.548503499998,14645.5889335,56868.8,1472.8699266023648,56343.465000000004,57379.880000000005,0.0,0.0,0.0,0.0,0.07036,0.003153170271111392,0.06927316666666666,0.07146999999999999,0.17716,0.009965443741525876,0.17364325,0.1806600833333334,0.7524833333333333,0.011682645051626748,0.7483565833333331,0.7567136666666668,-0.37657,0.3080675218754531,-0.48598408333333337,-0.2700658333333334,0.37657,0.3080675218754531,0.2728725,0.4858791666666664,1.0,
deterministic,100,teen_like,30,1.0,0.0,1.0,1.0,1.0,0.0,1.0,1.0,0.9976666666666667,0.004301830671520767,0.996,0.999,0.0,0.0,0.0,0.0,0.0,0.0,0.0,0.0,0.0,0.0,0.0,0.0,911.6,19.765173132697758,904.4991666666667,918.7666666666667,17296.46446,368.4219000231959,17167.46727508333,17424.178152666664,68028.2,1880.8088208772456,67359.35166666667,68669.83333333333,0.0,0.0,0.0,0.0,0.06925333333333333,0.003174546759214105,0.06814325000000002,0.07037999999999998,0.17698666666666665,0.010515201912677087,0.1733631666666667,0.18063008333333336,0.7537633333333333,0.011386334317742577,0.7496899166666665,0.7578134166666668,-0.37657,0.3080675218754531,-0.48598408333333337,-0.2700658333333334,0.37657,0.3080675218754531,0.2728725,0.4858791666666664,1.0,
deterministic,100,distributed_edge,30,1.0,0.0,1.0,1.0,1.0,0.0,1.0,1.0,0.9976666666666667,0.004301830671520767,0.996,0.999,0.0,0.0,0.0,0.0,0.0,0.0,0.0,0.0,0.0,0.0,0.0,0.0,1730.2333333333333,18.083490915145806,1723.8325,1736.8,33065.695486666664,339.3711421211065,32950.431372666666,33186.594445083334,133483.63333333333,2033.698643178081,132780.56416666668,134224.89416666667,0.0,0.0,0.0,0.0,0.06495,0.0023330829093859843,0.06413333333333335,0.06576341666666667,0.15578333333333333,0.00744696574791201,0.15319,0.15827666666666665,0.77927,0.00838702404991145,0.77634325,0.7822667499999999,-0.37257,0.3080675218754531,-0.48198408333333337,-0.26606583333333333,0.37257,0.3080675218754531,0.2688725,0.4818791666666665,1.0,
deterministic,100,voi_baseline,30,1.0,0.0,1.0,1.0,1.0,0.0,1.0,1.0,0.9976666666666667,0.004301830671520767,0.996,0.999,0.0,0.0,0.0,0.0,0.0,0.0,0.0,0.0,0.0,0.0,0.0,0.0,554.6,24.72692236521101,546.0,563.5341666666666,11085.127416666666,462.9325242312676,10925.485903916666,11245.000965083333,40571.46666666667,1802.6346567585808,39950.394166666665,41197.402500000004,0.0,0.0,0.0,0.0,0.07271666666666667,0.0033034029824361142,0.07159325,0.07387341666666665,0.18822333333333333,0.012709423149050048,0.18365316666666673,0.19261000000000003,0.7390733333333334,0.013856877623449823,0.7343563333333333,0.7441743333333332,-0.37257,0.3080675218754531,-0.48198408333333337,-0.26606583333333333,0.37257,0.3080675218754531,0.2688725,0.4818791666666665,1.0,
deterministic,100,dstep,30,0.9998333333333334,0.0009128709291752777,0.9994999999999999,1.0,1.0,0.0,1.0,1.0,1.0,0.0,1.0,1.0,0.0,0.0,0.0,0.0,0.0,0.0,0.0,0.0,0.0,0.0,0.0,0.0,201.83333333333334,5.193386599110073,199.96666666666667,203.63333333333333,5083.57842,104.60031995227448,5047.773839083333,5120.699484916667,14631.1,648.8222406792172,14403.383333333333,14862.294166666667,1595.1666666666667,141.305753923731,1544.7991666666667,1645.9341666666667,0.07980666666666666,0.00653520615896927,0.07744991666666666,0.08210666666666668,0.18794,0.022717691723442752,0.17980633333333332,0.19575383333333332,0.7322433333333334,0.02695310977302584,0.7228364166666663,0.7417003333333334,-2.41663,0.9462283762937193,-2.7600302500000007,-2.104655833333333,2.41663,0.9462283762937193,2.1003414166666667,2.7627001666666664,1.0,
deterministic,100,dstep_payoff,30,1.0,0.0,1.0,1.0,1.0,0.0,1.0,1.0,1.0,0.0,1.0,1.0,0.0,0.0,0.0,0.0,0.0,0.0,0.0,0.0,0.0,0.0,0.0,0.0,212.63333333333333,4.582450280659097,211.1,214.23333333333332,4994.073653333333,85.75908466769685,4965.346402,5025.347048583332,15619.8,696.5128609848072,15381.834166666667,15869.800833333333,1653.9,115.09436907643853,1613.0266666666666,1694.5016666666666,0.07835666666666667,0.005548263682005161,0.07644641666666666,0.08035333333333333,0.17976666666666666,0.02221413550179151,0.17219958333333335,0.18756666666666666,0.7418833333333333,0.025496924538452474,0.7326265833333334,0.7508308333333336,-1.6762566666666667,0.2583383129145583,-1.7643969166666664,-1.5827824166666666,1.6762566666666667,0.2583383129145583,1.584764,1.7668142499999997,1.0,
physical_pulse,20,periodic,30,0.9922733333333333,0.013850480716998728,0.9870599999999999,0.9965866666666667,0.985,0.026749154031096217,0.9749999999999999,0.9933333333333334,0.9816666666666667,0.0334337567729686,0.9683333333333334,0.9916666666666667,0.0,0.0,0.0,0.0,0.0,0.0,0.0,0.0,0.0,0.0,0.0,0.0,600.0,0.0,600.0,600.0,2696.23724,3.5691715582384087,2694.7819400000003,2697.0972530000004,6320.066666666667,136.11580600238224,6272.6325,6366.005,0.0,0.0,0.0,0.0,0.11607666666666666,0.014407748952735727,0.11122658333333332,0.12126374999999999,0.32953,0.01372599220708527,0.32469333333333333,0.3344000833333333,0.5544,0.011934274027008265,0.5502293333333332,0.5586433333333333,-0.37402,0.6009180232117269,-0.5914505833333333,-0.17556900000000014,0.37402,0.6009180232117269,0.18022908333333332,0.5947568333333333,0.9666666666666667,
physical_pulse,20,event_driven,30,0.9922733333333333,0.013850480716998728,0.9870599999999999,0.9965866666666667,0.985,0.026749154031096217,0.9749999999999999,0.9933333333333334,0.9816666666666667,0.0334337567729686,0.9683333333333334,0.9916666666666667,0.0,0.0,0.0,0.0,0.0,0.0,0.0,0.0,0.0,0.0,0.0,0.0,51.2,5.267990521814844,49.3,53.03333333333333,272.5143366666667,23.116160406990446,264.2675566666666,280.3841165,496.1,64.21802840646693,473.7325,518.3,0.0,0.0,0.0,0.0,0.13390333333333332,0.018884594767699672,0.12729616666666668,0.1404603333333333,0.35529,0.04303238035039068,0.3407299166666667,0.37009758333333326,0.5108,0.05133504550062972,0.49283975,0.5291202500000001,-0.37402,0.6009180232117269,-0.5914505833333333,-0.17556900000000014,0.37402,0.6009180232117269,0.18022908333333332,0.5947568333333333,0.9666666666666667,
physical_pulse,20,send_on_delta,30,0.9922733333333333,0.013850480716998728,0.9870599999999999,0.9965866666666667,0.985,0.026749154031096217,0.9749999999999999,0.9933333333333334,0.9816666666666667,0.0334337567729686,0.9683333333333334,0.9916666666666667,0.0,0.0,0.0,0.0,0.0,0.0,0.0,0.0,0.0,0.0,0.0,0.0,39.7,4.324349662087931,38.2,41.233333333333334,221.74984333333333,19.03324593263575,215.01727000000002,228.5054030833333,376.0,49.672027790574305,359.0325,393.1333333333333,0.0,0.0,0.0,0.0,0.13770333333333334,0.021550621774106073,0.13031666666666666,0.14535016666666667,0.36249333333333333,0.044041500282420404,0.34718608333333334,0.3784333333333333,0.4997933333333333,0.054650367909499724,0.4802586666666666,0.5188933333333333,-0.37402,0.6009180232117269,-0.5914505833333333,-0.17556900000000014,0.37402,0.6009180232117269,0.18022908333333332,0.5947568333333333,0.9666666666666667,
physical_pulse,20,teen_like,30,0.9922733333333333,0.013850480716998728,0.9870599999999999,0.9965866666666667,0.985,0.026749154031096217,0.9749999999999999,0.9933333333333334,0.9816666666666667,0.0334337567729686,0.9683333333333334,0.9916666666666667,0.0,0.0,0.0,0.0,0.0,0.0,0.0,0.0,0.0,0.0,0.0,0.0,42.9,4.588967279209471,41.266666666666666,44.53333333333333,235.87333,20.161916934334393,228.71284000000003,242.8879458333333,403.3333333333333,46.493109117398234,386.6666666666667,419.3666666666667,0.0,0.0,0.0,0.0,0.13713,0.024144095444385283,0.12895975,0.14573333333333335,0.36628333333333335,0.034511388258663685,0.3540931666666665,0.37832400000000005,0.49659333333333333,0.04998067856567233,0.4799460833333334,0.5147014999999999,-0.37402,0.6009180232117269,-0.5914505833333333,-0.17556900000000014,0.37402,0.6009180232117269,0.18022908333333332,0.5947568333333333,0.9666666666666667,
physical_pulse,20,distributed_edge,30,0.9922733333333333,0.013850480716998728,0.9870599999999999,0.9965866666666667,0.985,0.026749154031096217,0.9749999999999999,0.9933333333333334,0.9816666666666667,0.0334337567729686,0.9683333333333334,0.9916666666666667,0.0,0.0,0.0,0.0,0.0,0.0,0.0,0.0,0.0,0.0,0.0,0.0,51.2,5.267990521814844,49.3,53.03333333333333,365.5143366666667,23.116160406990446,357.2675566666667,373.3841165,496.1,64.21802840646693,473.7325,518.3,0.0,0.0,0.0,0.0,0.13390333333333332,0.018884594767699672,0.12729616666666668,0.1404603333333333,0.35529,0.04303238035039068,0.3407299166666667,0.37009758333333326,0.5108,0.05133504550062972,0.49283975,0.5291202500000001,-0.37002,0.6009180232117269,-0.5874505833333334,-0.1715690000000001,0.37002,0.6009180232117269,0.17622908333333334,0.5907568333333334,0.9666666666666667,
physical_pulse,20,voi_baseline,30,0.9922733333333333,0.013850480716998728,0.9870599999999999,0.9965866666666667,0.985,0.026749154031096217,0.9749999999999999,0.9933333333333334,0.9816666666666667,0.0334337567729686,0.9683333333333334,0.9916666666666667,0.0,0.0,0.0,0.0,0.0,0.0,0.0,0.0,0.0,0.0,0.0,0.0,39.46666666666667,4.939170203470475,37.733333333333334,41.233333333333334,313.67741,21.63710239040004,305.9417233333333,321.13243341666663,381.43333333333334,66.28292718929671,358.9658333333333,404.60083333333336,0.0,0.0,0.0,0.0,0.13536333333333334,0.021095913697032505,0.12798983333333333,0.1429735,0.3566566666666667,0.049730811120598496,0.33874616666666657,0.37389058333333336,0.5079966666666667,0.060444682509532305,0.48683666666666675,0.5293034166666667,-0.37002,0.6009180232117269,-0.5874505833333334,-0.1715690000000001,0.37002,0.6009180232117269,0.17622908333333334,0.5907568333333334,0.9666666666666667,
physical_pulse,20,dstep,30,0.57464,0.16072540429629317,0.5175216666666667,0.6288804166666667,0.71,0.18401649101511863,0.6433333333333333,0.7716666666666666,0.6483333333333333,0.17493019954440023,0.5850000000000001,0.7083749999999996,0.0,0.0,0.0,0.0,0.0,0.0,0.0,0.0,0.0,0.0,0.0,0.0,29.333333333333332,4.163331998932265,27.8,30.833333333333332,362.53024,20.287307961818275,355.31025600000004,369.2721891666667,248.66666666666666,61.785130078770365,227.165,270.96666666666664,82.83333333333333,24.124795276363212,74.56666666666666,91.46666666666667,0.14756333333333332,0.0338293535397817,0.13544316666666667,0.1596235,0.40659,0.07147045857048814,0.3807133333333334,0.43086149999999995,0.44583666666666666,0.09041959843755774,0.41358733333333336,0.4771134166666668,0.57967,0.7877512394632343,0.3022413333333334,0.8563572499999998,-0.57967,0.7877512394632343,-0.8519313333333334,-0.3024473333333335,0.0,
physical_pulse,20,dstep_payoff,30,0.7851266666666666,0.09118856905575821,0.7531032499999999,0.8166338333333333,0.9349999999999999,0.06714626340798996,0.9099999999999998,0.9566666666666666,0.9183333333333333,0.07821646944188942,0.8899999999999998,0.9433333333333332,0.0,0.0,0.0,0.0,0.0,0.0,0.0,0.0,0.0,0.0,0.0,0.0,37.1,2.795933006942467,36.13333333333333,38.1,339.28806,13.262298773476854,334.77802358333327,344.1137501666667,296.73333333333335,59.85265432614545,275.36583333333334,317.9008333333333,104.7,19.039251651477162,98.1,111.46666666666667,0.14626,0.022393465795736655,0.13826991666666666,0.15424025,0.43306,0.07190104118952612,0.40918774999999996,0.45874799999999993,0.42067333333333334,0.08095242508064093,0.39109208333333334,0.44854008333333334,-0.6808433333333334,0.5820137643136756,-0.8781793333333333,-0.46813291666666673,0.6808433333333334,0.5820137643136756,0.46489183333333334,0.8774634166666665,0.0,
physical_pulse,50,periodic,30,0.9932466666666667,0.006716923214632149,0.9908699999999999,0.9956166666666666,0.9866666666666667,0.013217891045025345,0.982,0.9913333333333334,0.9813333333333333,0.014793599112881356,0.9760000000000001,0.9866666666666667,0.0,0.0,0.0,0.0,0.0,0.0,0.0,0.0,0.0,0.0,0.0,0.0,1500.0,0.0,1500.0,1500.0,14797.444146666667,26.78312701837798,14788.019277333331,14806.677679999999,48586.8,691.9318483482464,48341.06166666667,48829.50916666666,0.0,0.0,0.0,0.0,0.09383666666666667,0.004985737128313494,0.09206308333333331,0.09558333333333331,0.24512333333333333,0.010608769415240726,0.2414633333333334,0.24884341666666668,0.6610433333333333,0.0094245710899693,0.65767325,0.6643666666666665,-0.52305,0.38370651927095856,-0.6598192500000001,-0.3924494166666667,0.52305,0.38370651927095856,0.3877563333333333,0.6606060833333329,0.9666666666666667,
physical_pulse,50,event_driven,30,0.9932466666666667,0.006716923214632149,0.9908699999999999,0.9956166666666666,0.9866666666666667,0.013217891045025345,0.982,0.9913333333333334,0.9813333333333333,0.014793599112881356,0.9760000000000001,0.9866666666666667,0.0,0.0,0.0,0.0,0.0,0.0,0.0,0.0,0.0,0.0,0.0,0.0,128.33333333333334,6.530212719423429,125.96666666666667,130.6,1373.9151233333334,64.31120472761353,1350.8955446666666,1396.839048333333,3876.266666666667,313.4570237642258,3763.1625,3983.3733333333334,0.0,0.0,0.0,0.0,0.10364333333333334,0.008168639921120255,0.10082333333333332,0.10645,0.28008,0.03441061784812437,0.2678395833333333,0.29179675,0.61627,0.03789618441351911,0.6034095833333334,0.6298671666666666,-0.52305,0.38370651927095856,-0.6598192500000001,-0.3924494166666667,0.52305,0.38370651927095856,0.3877563333333333,0.6606060833333329,0.9666666666666667,
physical_pulse,50,send_on_delta,30,0.9932466666666667,0.006716923214632149,0.9908699999999999,0.9956166666666666,0.9866666666666667,0.013217891045025345,0.982,0.9913333333333334,0.9813333333333333,0.014793599112881356,0.9760000000000001,0.9866666666666667,0.0,0.0,0.0,0.0,0.0,0.0,0.0,0.0,0.0,0.0,0.0,0.0,101.46666666666667,5.739958748700343,99.3,103.40083333333332,1110.8056166666665,56.558666576287344,1090.7714775000002,1130.7841104166664,2986.9666666666667,248.89084760791928,2900.7,3074.034166666667,0.0,0.0,0.0,0.0,0.10657333333333334,0.007759396231992376,0.10388991666666667,0.10926674999999998,0.2928733333333333,0.030242946551087814,0.28169591666666666,0.30312674999999994,0.60054,0.03320423321578554,0.5896398333333331,0.6128444166666667,-0.52305,0.38370651927095856,-0.6598192500000001,-0.3924494166666667,0.52305,0.38370651927095856,0.3877563333333333,0.6606060833333329,0.9666666666666667,
physical_pulse,50,teen_like,30,0.9932466666666667,0.006716923214632149,0.9908699999999999,0.9956166666666666,0.9866666666666667,0.013217891045025345,0.982,0.9913333333333334,0.9813333333333333,0.014793599112881356,0.9760000000000001,0.9866666666666667,0.0,0.0,0.0,0.0,0.0,0.0,0.0,0.0,0.0,0.0,0.0,0.0,108.83333333333333,6.400879968239999,106.43333333333334,111.03333333333333,1183.0062133333333,63.061193755451356,1161.0093991666665,1205.3436699166668,3248.633333333333,312.86115498548327,3138.5325,3359.3333333333335,0.0,0.0,0.0,0.0,0.10651,0.008057780562053479,0.10383316666666668,0.10949333333333332,0.2850333333333333,0.033542894137602926,0.2733726666666667,0.2972866666666666,0.60845,0.036592893129489046,0.5955365,0.6210636666666669,-0.52305,0.38370651927095856,-0.6598192500000001,-0.3924494166666667,0.52305,0.38370651927095856,0.3877563333333333,0.6606060833333329,0.9666666666666667,
physical_pulse,50,distributed_edge,30,0.9932466666666667,0.006716923214632149,0.9908699999999999,0.9956166666666666,0.9866666666666667,0.013217891045025345,0.982,0.9913333333333334,0.9813333333333333,0.014793599112881356,0.9760000000000001,0.9866666666666667,0.0,0.0,0.0,0.0,0.0,0.0,0.0,0.0,0.0,0.0,0.0,0.0,128.33333333333334,6.530212719423429,125.96666666666667,130.6,1606.4151233333334,64.31120472761353,1583.3955446666666,1629.339048333333,3876.266666666667,313.4570237642258,3763.1625,3983.3733333333334,0.0,0.0,0.0,0.0,0.10364333333333334,0.008168639921120255,0.10082333333333332,0.10645,0.28008,0.03441061784812437,0.2678395833333333,0.29179675,0.61627,0.03789618441351911,0.6034095833333334,0.6298671666666666,-0.51905,0.38370651927095856,-0.6558192500000001,-0.3884494166666667,0.51905,0.38370651927095856,0.38375633333333325,0.6566060833333331,0.9666666666666667,
physical_pulse,50,voi_baseline,30,0.9932466666666667,0.006716923214632149,0.9908699999999999,0.9956166666666666,0.9866666666666667,0.013217891045025345,0.982,0.9913333333333334,0.9813333333333333,0.014793599112881356,0.9760000000000001,0.9866666666666667,0.0,0.0,0.0,0.0,0.0,0.0,0.0,0.0,0.0,0.0,0.0,0.0,100.8,6.227857327889883,98.53333333333333,102.96666666666667,1336.8712166666667,61.38370664846002,1315.1588309999995,1358.811766833333,2964.5666666666666,253.11475976164527,2872.2566666666667,3050.9358333333334,0.0,0.0,0.0,0.0,0.10721333333333333,0.008275169894425685,0.10419316666666667,0.10993666666666667,0.29296,0.025903449377547624,0.28383208333333326,0.3015966666666667,0.5998233333333334,0.029348720037100286,0.5895358333333335,0.6103110833333334,-0.51905,0.38370651927095856,-0.6558192500000001,-0.3884494166666667,0.51905,0.38370651927095856,0.38375633333333325,0.6566060833333331,0.9666666666666667,
physical_pulse,50,dstep,30,0.9089933333333333,0.04965743291470232,0.8909582500000001,0.9259868333333334,0.9846666666666667,0.028615565252369978,0.9733333333333333,0.9933333333333334,0.9793333333333333,0.03382850596895988,0.9666666666666667,0.99,0.0,0.0,0.0,0.0,0.0,0.0,0.0,0.0,0.0,0.0,0.0,0.0,92.1,6.315552778383831,89.79916666666666,94.16666666666667,1521.1357766666667,68.17502923023378,1495.6238042499995,1544.4140834166665,2589.2,272.1184326342307,2489.925,2682.6,525.1,76.7864706114659,497.7658333333333,552.5675,0.11611,0.013013715576400471,0.11154625,0.12057358333333335,0.31016,0.03791076273348352,0.29700241666666666,0.32361025000000004,0.5737366666666667,0.046606418703519975,0.5576123333333334,0.5896940833333334,-1.3756166666666667,0.622990545167273,-1.5950581666666666,-1.1574892500000002,1.3756166666666667,0.622990545167273,1.1594262500000003,1.5953012500000001,0.16666666666666666,
physical_pulse,50,dstep_payoff,30,0.85016,0.060632861239339246,0.828389,0.8715936666666668,0.9986666666666667,0.005074162634049253,0.9966666666666667,1.0,0.998,0.006102571532587299,0.9953333333333334,1.0,0.0,0.0,0.0,0.0,0.0,0.0,0.0,0.0,0.0,0.0,0.0,0.0,98.36666666666666,3.890601702718411,96.93333333333334,99.66666666666667,1436.4148366666666,40.65988523497114,1421.8855791666663,1449.815130166667,2764.3,295.060034802972,2657.525833333333,2864.2091666666665,559.8333333333334,63.717092024761726,538.2666666666667,582.4016666666666,0.11582,0.01377076864105694,0.11116308333333332,0.12069049999999996,0.3114633333333333,0.039807766382551735,0.2975730833333334,0.3253566666666667,0.5727133333333333,0.04900306628923466,0.5549699166666667,0.5894504999999999,-1.72059,0.3943858257490045,-1.8612579166666665,-1.5849826666666664,1.72059,0.3943858257490045,1.5859333333333332,1.8582404999999997,0.03333333333333333,
physical_pulse,100,periodic,30,0.9919233333333334,0.005618914076785547,0.98988325,0.9937933333333334,0.984,0.011017227888394966,0.9799999999999999,0.9876666666666665,0.9766666666666667,0.01347624559743177,0.9719999999999998,0.9813333333333334,0.0,0.0,0.0,0.0,0.0,0.0,0.0,0.0,0.0,0.0,0.0,0.0,3000.0,0.0,3000.0,3000.0,56356.86220333333,55.64109119895078,56337.330475666684,56376.641116333354,234703.16666666666,2089.063477408879,233968.40416666665,235406.29083333333,0.0,0.0,0.0,0.0,0.06306,0.0017279846742615395,0.062483083333333335,0.06368333333333334,0.14670333333333332,0.006789976554392174,0.1444298333333333,0.1491033333333333,0.7902433333333333,0.007029871403804131,0.7877331666666668,0.7926769166666668,-0.4184,0.3373873543815057,-0.5356501666666666,-0.3005619166666668,0.4184,0.3373873543815057,0.299287,0.5344266666666665,1.0,
physical_pulse,100,event_driven,30,0.9919233333333334,0.005618914076785547,0.98988325,0.9937933333333334,0.984,0.011017227888394966,0.9799999999999999,0.9876666666666665,0.9766666666666667,0.01347624559743177,0.9719999999999998,0.9813333333333334,0.0,0.0,0.0,0.0,0.0,0.0,0.0,0.0,0.0,0.0,0.0,0.0,257.8,8.999616850081777,254.6,260.8,5067.7144,168.89912066704193,5008.788549916667,5126.1613646666665,18686.0,1002.739936030447,18332.083333333332,19037.766666666666,0.0,0.0,0.0,0.0,0.07625666666666667,0.00458616234530258,0.07468999999999998,0.07786,0.19190666666666667,0.01914382827230594,0.1853899166666666,0.19877683333333335,0.73186,0.021692992671240235,0.7239865833333332,0.7391434166666667,-0.4184,0.3373873543815057,-0.5356501666666666,-0.3005619166666668,0.4184,0.3373873543815057,0.299287,0.5344266666666665,1.0,
physical_pulse,100,send_on_delta,30,0.9919233333333334,0.005618914076785547,0.98988325,0.9937933333333334,0.984,0.011017227888394966,0.9799999999999999,0.9876666666666665,0.9766666666666667,0.01347624559743177,0.9719999999999998,0.9813333333333334,0.0,0.0,0.0,0.0,0.0,0.0,0.0,0.0,0.0,0.0,0.0,0.0,202.26666666666668,8.178750150419592,199.49916666666667,205.1,4028.6024866666667,152.82162292887872,3976.181045916667,4081.709494833334,14167.4,728.5962696431619,13916.164999999999,14435.934166666666,0.0,0.0,0.0,0.0,0.08267,0.00447052801016336,0.08110658333333333,0.08423333333333333,0.20979333333333333,0.02172643286546301,0.20227958333333335,0.21729374999999998,0.7075433333333333,0.02344655968195633,0.6990390000000001,0.7156335000000001,-0.4184,0.3373873543815057,-0.5356501666666666,-0.3005619166666668,0.4184,0.3373873543815057,0.299287,0.5344266666666665,1.0,
physical_pulse,100,teen_like,30,0.9919233333333334,0.005618914076785547,0.98988325,0.9937933333333334,0.984,0.011017227888394966,0.9799999999999999,0.9876666666666665,0.9766666666666667,0.01347624559743177,0.9719999999999998,0.9813333333333334,0.0,0.0,0.0,0.0,0.0,0.0,0.0,0.0,0.0,0.0,0.0,0.0,218.63333333333333,8.24823213381712,215.7,221.43333333333334,4334.961933333333,154.27514364676472,4280.185255750001,4388.822579250001,15496.966666666667,958.5877357479787,15164.025,15830.554166666667,0.0,0.0,0.0,0.0,0.08097666666666667,0.006008194595621099,0.07880324999999999,0.08308341666666666,0.20336666666666667,0.02429917457564086,0.19522883333333332,0.21180758333333333,0.7156633333333333,0.028256698727708904,0.7056250000000001,0.7254334166666667,-0.4184,0.3373873543815057,-0.5356501666666666,-0.3005619166666668,0.4184,0.3373873543815057,0.299287,0.5344266666666665,1.0,
physical_pulse,100,distributed_edge,30,0.9919233333333334,0.005618914076785547,0.98988325,0.9937933333333334,0.984,0.011017227888394966,0.9799999999999999,0.9876666666666665,0.9766666666666667,0.01347624559743177,0.9719999999999998,0.9813333333333334,0.0,0.0,0.0,0.0,0.0,0.0,0.0,0.0,0.0,0.0,0.0,0.0,257.8,8.999616850081777,254.6,260.8,5532.7144,168.89912066704193,5473.788549916667,5591.161364666666,18686.0,1002.739936030447,18332.083333333332,19037.766666666666,0.0,0.0,0.0,0.0,0.07625666666666667,0.00458616234530258,0.07468999999999998,0.07786,0.19190666666666667,0.01914382827230594,0.1853899166666666,0.19877683333333335,0.73186,0.021692992671240235,0.7239865833333332,0.7391434166666667,-0.4144,0.3373873543815057,-0.5316501666666668,-0.2965619166666668,0.4144,0.3373873543815057,0.29528699999999997,0.5304266666666666,1.0,
physical_pulse,100,voi_baseline,30,0.9919233333333334,0.005618914076785547,0.98988325,0.9937933333333334,0.984,0.011017227888394966,0.9799999999999999,0.9876666666666665,0.9766666666666667,0.01347624559743177,0.9719999999999998,0.9813333333333334,0.0,0.0,0.0,0.0,0.0,0.0,0.0,0.0,0.0,0.0,0.0,0.0,199.46666666666667,8.943243773676434,196.29916666666668,202.56666666666666,4441.203356666667,167.30688692717507,4381.7802005,4500.751670166666,13808.033333333333,886.2568897969954,13503.62,14114.084166666667,0.0,0.0,0.0,0.0,0.08372333333333333,0.005489342862080238,0.08181983333333334,0.08561675000000002,0.21724333333333334,0.022677372640697545,0.20945658333333333,0.22488691666666666,0.6990266666666667,0.026470203591225355,0.6898998333333334,0.7085733333333333,-0.4144,0.3373873543815057,-0.5316501666666668,-0.2965619166666668,0.4144,0.3373873543815057,0.29528699999999997,0.5304266666666666,1.0,
physical_pulse,100,dstep,30,0.9666066666666666,0.013420594912897571,0.9619333333333333,0.9710835,0.9996666666666667,0.0018257418583505554,0.999,1.0,0.9996666666666667,0.0018257418583505554,0.999,1.0,0.0,0.0,0.0,0.0,0.0,0.0,0.0,0.0,0.0,0.0,0.0,0.0,195.96666666666667,5.598542503269895,193.96666666666667,197.9,4979.7335533333335,114.1520859232126,4939.334769166667,5019.199813916666,13590.466666666667,754.5223989880702,13310.6975,13855.706666666667,1660.8666666666666,158.59898102323734,1608.3316666666667,1719.235,0.08557000000000001,0.007279974895750577,0.08306991666666666,0.08823699999999998,0.21379,0.030239199838893747,0.20338250000000002,0.22445675000000004,0.7006433333333333,0.03575133162056594,0.688323,0.7129433333333334,-2.587606666666667,0.8637307274893,-2.8979560833333338,-2.294735,2.587606666666667,0.8637307274893,2.2935569166666663,2.8930781666666663,0.9,
physical_pulse,100,dstep_payoff,30,0.89579,0.03846266752454188,0.8819496666666666,0.9091737500000001,0.9996666666666667,0.0018257418583505554,0.999,1.0,0.9996666666666667,0.0018257418583505554,0.999,1.0,0.0,0.0,0.0,0.0,0.0,0.0,0.0,0.0,0.0,0.0,0.0,0.0,199.43333333333334,4.710101641288048,197.8,201.03333333333333,4745.015253333333,89.56857735712798,4713.8541878333335,4776.2869215833325,13641.666666666666,795.2245110586731,13354.7325,13906.016666666666,1697.8666666666666,127.25340814711986,1654.865,1744.1008333333332,0.08580333333333333,0.006574374669795644,0.08362658333333335,0.08817008333333336,0.22350333333333333,0.028319001581530247,0.21347958333333336,0.23360683333333335,0.6906833333333333,0.03182939525499738,0.6794366666666666,0.7015408333333333,-2.0000833333333334,0.3913008332810406,-2.1399649999999997,-1.8623176666666665,2.0000833333333334,0.3913008332810406,1.8612381666666664,2.1361576666666666,0.03333333333333333,
absent,20,periodic,30,0.0,0.0,0.0,0.0,0.0,0.0,0.0,0.0,0.0,0.0,0.0,0.0,1.0,0.0,1.0,1.0,0.40166666666666667,0.10544105505899505,0.3633333333333334,0.44,0.40166666666666667,0.10544105505899505,0.36500000000000005,0.4399999999999999,600.0,0.0,600.0,600.0,2696.23724,2.201290369165156,2695.3502000000003,2696.88866,6282.633333333333,138.61792771881085,6231.326666666667,6331.604166666667,0.0,0.0,0.0,0.0,0.12237,0.014859181534057284,0.11718983333333334,0.12762358333333335,0.32652,0.017733494511409955,0.32034308333333333,0.3325868333333334,0.55111,0.01214854468366621,0.5467499166666666,0.5553134999999999,,,,,,,,,,0.0
absent,20,event_driven,30,0.0,0.0,0.0,0.0,0.0,0.0,0.0,0.0,0.0,0.0,0.0,0.0,1.0,0.0,1.0,1.0,0.40166666666666667,0.10544105505899505,0.3633333333333334,0.44,0.40166666666666667,0.10544105505899505,0.36500000000000005,0.4399999999999999,10.233333333333333,2.7876987584414663,9.266666666666667,11.2,91.61004,12.315826585965972,87.33937991666666,96.02795666666665,46.1,36.15421947998458,33.96666666666667,58.96666666666667,0.0,0.0,0.0,0.0,0.19356666666666666,0.04010649902905782,0.17995958333333334,0.20787041666666664,0.58559,0.15779083131879323,0.5302066666666667,0.6389548333333334,0.22085333333333335,0.16189817730935688,0.16400658333333332,0.2774401666666667,,,,,,,,,,0.0
absent,20,send_on_delta,30,0.0,0.0,0.0,0.0,0.0,0.0,0.0,0.0,0.0,0.0,0.0,0.0,1.0,0.0,1.0,1.0,0.40166666666666667,0.10544105505899505,0.3633333333333334,0.44,0.40166666666666667,0.10544105505899505,0.36500000000000005,0.4399999999999999,9.7,2.8180452995551417,8.733333333333333,10.666666666666666,89.25381666666667,12.44990326626548,84.98315666666666,93.67174000000001,43.93333333333333,34.333991735680065,32.1325,56.102499999999964,0.0,0.0,0.0,0.0,0.19454666666666667,0.041021774985835334,0.18036983333333334,0.2095533333333333,0.5821066666666667,0.15681523706168557,0.5267249166666665,0.63605375,0.22335,0.16127891400753006,0.16694166666666663,0.27978016666666666,,,,,,,,,,0.0
absent,20,teen_like,30,0.0,0.0,0.0,0.0,0.0,0.0,0.0,0.0,0.0,0.0,0.0,0.0,1.0,0.0,1.0,1.0,0.40166666666666667,0.10544105505899505,0.3633333333333334,0.44,0.40166666666666667,0.10544105505899505,0.36500000000000005,0.4399999999999999,9.833333333333334,2.853713048104091,8.866666666666667,10.833333333333334,89.84287,12.607479695393472,85.42494991666666,94.40805333333334,44.9,35.90538332512463,32.7325,57.66749999999998,0.0,0.0,0.0,0.0,0.19608,0.040692763060736506,0.18215658333333332,0.21071041666666668,0.5794366666666667,0.16001226350272146,0.5232490000000001,0.6342523333333333,0.22449,0.16299754461869706,0.16755208333333335,0.2815000833333334,,,,,,,,,,0.0
absent,20,distributed_edge,30,0.0,0.0,0.0,0.0,0.0,0.0,0.0,0.0,0.0,0.0,0.0,0.0,1.0,0.0,1.0,1.0,0.40166666666666667,0.10544105505899505,0.3633333333333334,0.44,0.40166666666666667,0.10544105505899505,0.36500000000000005,0.4399999999999999,10.233333333333333,2.7876987584414663,9.266666666666667,11.2,184.61004,12.315826585965969,180.33937991666664,189.02795666666665,46.1,36.15421947998458,33.96666666666667,58.96666666666667,0.0,0.0,0.0,0.0,0.19356666666666666,0.04010649902905782,0.17995958333333334,0.20787041666666664,0.58559,0.15779083131879323,0.5302066666666667,0.6389548333333334,0.22085333333333335,0.16189817730935688,0.16400658333333332,0.2774401666666667,,,,,,,,,,0.0
absent,20,voi_baseline,30,0.0,0.0,0.0,0.0,0.0,0.0,0.0,0.0,0.0,0.0,0.0,0.0,1.0,0.0,1.0,1.0,0.40166666666666667,0.10544105505899505,0.3633333333333334,0.44,0.40166666666666667,0.10544105505899505,0.36500000000000005,0.4399999999999999,9.9,2.7461571896642822,8.966666666666667,10.866666666666667,183.13739999999999,12.132306488192928,178.86674991666666,187.55532333333332,44.166666666666664,36.84083503989536,31.6,57.40083333333332,0.0,0.0,0.0,0.0,0.19534333333333334,0.03835475678212667,0.18232325,0.20884183333333328,0.58431,0.16545884653457404,0.5255319166666668,0.64072425,0.22035666666666667,0.17173407005044736,0.16057925000000006,0.2802701666666667,,,,,,,,,,0.0
absent,20,dstep,30,0.0,0.0,0.0,0.0,0.0,0.0,0.0,0.0,0.0,0.0,0.0,0.0,0.23333333333333334,0.4301830671520763,0.1,0.4,0.02,0.0427502772727447,0.006666666666666667,0.03666666666666667,0.08166666666666667,0.1594620986928876,0.030000000000000002,0.14166666666666666,8.533333333333333,2.7883171705668923,7.6,9.533333333333333,264.56108666666665,13.461590227825425,259.98891475,269.5077799166667,33.7,30.875891722429206,23.398333333333333,44.867499999999986,32.56666666666667,12.35867232388639,28.166666666666668,37.034999999999975,0.20144666666666666,0.04889407786812952,0.18512291666666666,0.21957691666666665,0.6066666666666667,0.14990991394451061,0.5519624999999999,0.6577010000000001,0.19188666666666668,0.16973866065083767,0.13299666666666668,0.25047108333333334,,,,,,,,,,0.7666666666666667
absent,20,dstep_payoff,30,0.0,0.0,0.0,0.0,0.0,0.0,0.0,0.0,0.0,0.0,0.0,0.0,0.06666666666666667,0.2537081317024624,0.0,0.16666666666666666,0.0033333333333333335,0.012685406585123122,0.0,0.008333333333333333,0.011666666666666667,0.05521639769771878,0.0,0.03333333333333333,10.133333333333333,2.7003618318641127,9.233333333333333,11.1,212.31058333333334,12.384564445060253,207.95253491666662,216.80337725000004,44.266666666666666,34.18906190615631,32.69833333333334,56.43416666666665,38.5,13.92776933398488,33.666666666666664,43.53333333333333,0.19707333333333332,0.046134787034434695,0.18174966666666667,0.21406399999999998,0.5871,0.14334179552673249,0.5347395833333333,0.6365203333333332,0.21583666666666668,0.15549583536574849,0.16276575000000004,0.27098383333333337,,,,,,,,,,0.9333333333333333
absent,50,periodic,30,0.0,0.0,0.0,0.0,0.0,0.0,0.0,0.0,0.0,0.0,0.0,0.0,1.0,0.0,1.0,1.0,0.35,0.07441727645165978,0.3233333333333334,0.37600000000000006,0.35,0.07441727645165978,0.32466666666666666,0.3766666666666667,1500.0,0.0,1500.0,1500.0,14798.505823333333,19.113051566127126,14791.791970666669,14805.319538583331,48419.9,598.1388000605972,48212.66333333333,48633.1075,0.0,0.0,0.0,0.0,0.09662333333333334,0.0073684173818156975,0.09424658333333334,0.09930674999999999,0.2446,0.008815308002129806,0.24151983333333335,0.2476433333333333,0.6587833333333334,0.008144644245457106,0.6559165,0.6616033333333333,,,,,,,,,,0.0
absent,50,event_driven,30,0.0,0.0,0.0,0.0,0.0,0.0,0.0,0.0,0.0,0.0,0.0,0.0,1.0,0.0,1.0,1.0,0.35,0.07441727645165978,0.3233333333333334,0.37600000000000006,0.35,0.07441727645165978,0.32466666666666666,0.3766666666666667,22.133333333333333,4.4700793276408755,20.533333333333335,23.6,333.15084333333334,43.87628931330234,317.17035649999997,348.491363,447.3666666666667,160.89715784406775,387.89916666666664,503.9358333333333,0.0,0.0,0.0,0.0,0.17084,0.028539671119096777,0.16089300000000004,0.1815700833333333,0.4271066666666667,0.09349695526421255,0.39604925,0.46246791666666665,0.40203666666666665,0.1116156906635391,0.36051199999999994,0.44000374999999997,,,,,,,,,,0.0
absent,50,send_on_delta,30,0.0,0.0,0.0,0.0,0.0,0.0,0.0,0.0,0.0,0.0,0.0,0.0,1.0,0.0,1.0,1.0,0.35,0.07441727645165978,0.3233333333333334,0.37600000000000006,0.35,0.07441727645165978,0.32466666666666666,0.3766666666666667,21.1,4.325944186353804,19.533333333333335,22.566666666666666,323.04723666666666,42.461712950987476,307.9927371666666,338.1013833333333,417.3333333333333,154.3463041643544,361.265,471.50249999999994,0.0,0.0,0.0,0.0,0.17097666666666667,0.027876695041499835,0.16135641666666664,0.18144358333333332,0.43510333333333334,0.09736354016788311,0.4022723333333333,0.4719003333333333,0.39392,0.11328600790127127,0.35188250000000004,0.43161099999999997,,,,,,,,,,0.0
absent,50,teen_like,30,0.0,0.0,0.0,0.0,0.0,0.0,0.0,0.0,0.0,0.0,0.0,0.0,1.0,0.0,1.0,1.0,0.35,0.07441727645165978,0.3233333333333334,0.37600000000000006,0.35,0.07441727645165978,0.32466666666666666,0.3766666666666667,21.333333333333332,4.30983905078579,19.8,22.8,325.3242266666667,42.31756310410146,310.27008658333324,340.3371332499999,425.93333333333334,154.79172510479862,369.2658333333333,480.97083333333325,0.0,0.0,0.0,0.0,0.17126666666666668,0.02910236787775101,0.16110958333333328,0.18220383333333331,0.43103,0.09617627548162405,0.39928283333333336,0.46639899999999995,0.39769333333333334,0.11349192264538972,0.35528883333333344,0.43553716666666664,,,,,,,,,,0.0
absent,50,distributed_edge,30,0.0,0.0,0.0,0.0,0.0,0.0,0.0,0.0,0.0,0.0,0.0,0.0,1.0,0.0,1.0,1.0,0.35,0.07441727645165978,0.3233333333333334,0.37600000000000006,0.35,0.07441727645165978,0.32466666666666666,0.3766666666666667,22.133333333333333,4.4700793276408755,20.533333333333335,23.6,565.6508433333333,43.876289313302344,549.6703565,580.991363,447.3666666666667,160.89715784406775,387.89916666666664,503.9358333333333,0.0,0.0,0.0,0.0,0.17084,0.028539671119096777,0.16089300000000004,0.1815700833333333,0.4271066666666667,0.09349695526421255,0.39604925,0.46246791666666665,0.40203666666666665,0.1116156906635391,0.36051199999999994,0.44000374999999997,,,,,,,,,,0.0
absent,50,voi_baseline,30,0.0,0.0,0.0,0.0,0.0,0.0,0.0,0.0,0.0,0.0,0.0,0.0,1.0,0.0,1.0,1.0,0.35,0.07441727645165978,0.3233333333333334,0.37600000000000006,0.35,0.07441727645165978,0.32466666666666666,0.3766666666666667,21.266666666666666,4.401671573808995,19.733333333333334,22.766666666666666,557.1558366666667,43.18884474898648,541.3859642499999,572.55110675,415.3666666666667,157.56279171598013,359.2991666666667,470.6666666666667,0.0,0.0,0.0,0.0,0.17312333333333332,0.028684606989828523,0.16331958333333335,0.18395741666666662,0.43771666666666664,0.0931016688740134,0.4067298333333333,0.4732355,0.38916,0.11175535966472974,0.3483190833333333,0.42710050000000005,,,,,,,,,,0.0
absent,50,dstep,30,0.0,0.0,0.0,0.0,0.0,0.0,0.0,0.0,0.0,0.0,0.0,0.0,0.8,0.4068381021724862,0.6666666666666666,0.9333333333333333,0.04866666666666667,0.04569262623174578,0.034,0.06533333333333334,0.36533333333333334,0.24768908950026697,0.27866666666666673,0.45133333333333336,18.166666666666668,4.556793589366536,16.566666666666666,19.833333333333332,754.1225666666667,48.60724022442246,737.7037841666668,772.6054319166665,262.9,146.75039799041375,211.89833333333334,319.1708333333333,163.56666666666666,43.43023206789557,149.1325,179.03416666666666,0.18613666666666667,0.029425317310958175,0.17568608333333335,0.19637375,0.5292266666666666,0.11015397979359536,0.4916694166666667,0.5680805833333333,0.28464,0.1283959678172338,0.24011924999999995,0.33034741666666667,,,,,,,,,,0.2
absent,50,dstep_payoff,30,0.0,0.0,0.0,0.0,0.0,0.0,0.0,0.0,0.0,0.0,0.0,0.0,0.0,0.0,0.0,0.0,0.0,0.0,0.0,0.0,0.0,0.0,0.0,0.0,22.366666666666667,4.230295769665589,20.866666666666667,23.8,642.60124,42.54849491527164,627.1965674999998,657.5910996666665,468.76666666666665,160.21767161849087,407.49916666666667,522.7016666666667,183.56666666666666,33.720640699657565,171.9,195.5675,0.17018,0.028387860445790117,0.16002316666666666,0.18018375,0.41122333333333333,0.09537735465826884,0.380761,0.44761758333333324,0.41861,0.11321724722393456,0.37502283333333325,0.4559893333333333,,,,,,,,,,1.0
absent,100,periodic,30,0.0,0.0,0.0,0.0,0.0,0.0,0.0,0.0,0.0,0.0,0.0,0.0,1.0,0.0,1.0,1.0,0.36233333333333334,0.04248190960489136,0.3476666666666667,0.377,0.36233333333333334,0.04248190960489136,0.3476666666666667,0.37699999999999995,3000.0,0.0,3000.0,3000.0,56357.46927,53.648773637100994,56338.33623375,56375.584494583345,234420.63333333333,1967.8984148741947,233738.28416666665,235122.6225,0.0,0.0,0.0,0.0,0.06423666666666666,0.0021011463756611583,0.06343333333333333,0.0649,0.14647,0.0057622523134741276,0.14447991666666668,0.14854333333333333,0.7893,0.00662383366441165,0.7870399166666667,0.7917366666666666,,,,,,,,,,0.0
absent,100,event_driven,30,0.0,0.0,0.0,0.0,0.0,0.0,0.0,0.0,0.0,0.0,0.0,0.0,1.0,0.0,1.0,1.0,0.36233333333333334,0.04248190960489136,0.3476666666666667,0.377,0.36233333333333334,0.04248190960489136,0.3476666666666667,0.37699999999999995,44.833333333333336,5.166759361422842,43.06666666666667,46.666666666666664,1075.06023,97.23349282058341,1040.5184402500001,1109.5327195833333,2811.233333333333,543.376714649228,2621.5916666666667,3003.443333333333,0.0,0.0,0.0,0.0,0.12856,0.013340077030227892,0.12382333333333334,0.13317025000000002,0.24192,0.05721225091859622,0.22207874999999996,0.26167175,0.6295133333333334,0.06285575568703718,0.6077288333333334,0.6518666666666666,,,,,,,,,,0.0
absent,100,send_on_delta,30,0.0,0.0,0.0,0.0,0.0,0.0,0.0,0.0,0.0,0.0,0.0,0.0,1.0,0.0,1.0,1.0,0.36233333333333334,0.04248190960489136,0.3476666666666667,0.377,0.36233333333333334,0.04248190960489136,0.3476666666666667,0.37699999999999995,43.3,4.956013414582051,41.56666666666667,45.06666666666667,1046.30312,93.23768664531117,1013.6843539999999,1079.0529522499999,2672.733333333333,517.5352017568189,2493.8283333333334,2862.1675,0.0,0.0,0.0,0.0,0.13168,0.012188615377785381,0.1273465,0.13584366666666667,0.24833333333333332,0.06196222616453001,0.22709000000000004,0.26972033333333334,0.6199833333333333,0.06678355715104674,0.5960825833333333,0.6439300833333332,,,,,,,,,,0.0
absent,100,teen_like,30,0.0,0.0,0.0,0.0,0.0,0.0,0.0,0.0,0.0,0.0,0.0,0.0,1.0,0.0,1.0,1.0,0.36233333333333334,0.04248190960489136,0.3476666666666667,0.377,0.36233333333333334,0.04248190960489136,0.3476666666666667,0.37699999999999995,43.766666666666666,5.0356202462425435,42.0,45.56666666666667,1055.0848133333334,94.76248920096633,1021.9087834166667,1088.37172975,2718.0333333333333,520.0530134338318,2536.92,2906.2374999999997,0.0,0.0,0.0,0.0,0.12985333333333335,0.012735687932987242,0.12545333333333333,0.1342336666666667,0.24644,0.05892876822179411,0.2260409166666666,0.26671358333333334,0.6236966666666667,0.06336630499875626,0.6008265833333334,0.6462895833333333,,,,,,,,,,0.0
absent,100,distributed_edge,30,0.0,0.0,0.0,0.0,0.0,0.0,0.0,0.0,0.0,0.0,0.0,0.0,1.0,0.0,1.0,1.0,0.36233333333333334,0.04248190960489136,0.3476666666666667,0.377,0.36233333333333334,0.04248190960489136,0.3476666666666667,0.37699999999999995,44.833333333333336,5.166759361422842,43.06666666666667,46.666666666666664,1540.06023,97.23349282058345,1505.5184402499997,1574.5327195833333,2811.233333333333,543.376714649228,2621.5916666666667,3003.443333333333,0.0,0.0,0.0,0.0,0.12856,0.013340077030227892,0.12382333333333334,0.13317025000000002,0.24192,0.05721225091859622,0.22207874999999996,0.26167175,0.6295133333333334,0.06285575568703718,0.6077288333333334,0.6518666666666666,,,,,,,,,,0.0
absent,100,voi_baseline,30,0.0,0.0,0.0,0.0,0.0,0.0,0.0,0.0,0.0,0.0,0.0,0.0,1.0,0.0,1.0,1.0,0.36233333333333334,0.04248190960489136,0.3476666666666667,0.377,0.36233333333333334,0.04248190960489136,0.3476666666666667,0.37699999999999995,43.06666666666667,5.071443604131377,41.3,44.86666666666667,1506.9677066666666,95.43020134710098,1473.7771170833335,1540.8818898333332,2675.1666666666665,515.8643956628948,2498.764166666667,2863.9708333333333,0.0,0.0,0.0,0.0,0.13119,0.012798689318670958,0.1265095,0.1356535,0.24436666666666668,0.06038484243088077,0.22384600000000002,0.26520699999999997,0.6244366666666666,0.06585351289733556,0.601425,0.6476309166666665,,,,,,,,,,0.0
absent,100,dstep,30,0.0,0.0,0.0,0.0,0.0,0.0,0.0,0.0,0.0,0.0,0.0,0.0,0.9666666666666667,0.18257418583505536,0.9,1.0,0.13333333333333333,0.06834664854852864,0.10933333333333334,0.15766666666666665,0.769,0.21555621716531556,0.6876583333333334,0.8379999999999997,45.03333333333333,10.96855484566216,41.233333333333334,48.96666666666667,2036.4297866666666,223.63218672090937,1955.8865515,2113.5342254999996,1998.0333333333333,598.8436260876016,1791.65,2213.27,686.6,179.19525086071474,624.46,750.0666666666667,0.15391,0.018571360041556018,0.14723991666666664,0.1603001666666667,0.3962833333333333,0.07429402019531323,0.3707662500000001,0.4212327499999999,0.44981666666666664,0.08678968667211374,0.42069616666666665,0.47915683333333337,,,,,,,,,,0.03333333333333333
absent,100,dstep_payoff,30,0.0,0.0,0.0,0.0,0.0,0.0,0.0,0.0,0.0,0.0,0.0,0.0,0.0,0.0,0.0,0.0,0.0,0.0,0.0,0.0,0.0,0.0,0.0,0.0,45.766666666666666,5.130593387294215,44.0,47.56666666666667,1720.94325,99.13580117977057,1685.8774709166664,1755.0698183333334,2851.1,523.5873836102834,2674.2958333333336,3042.47,582.1333333333333,58.960965072655064,560.6633333333333,603.2,0.12912333333333334,0.011582319562021314,0.12498324999999998,0.13316024999999998,0.24462666666666666,0.057707066042767825,0.22459658333333335,0.264214,0.62627,0.062027241790506296,0.6048153333333333,0.6481702500000002,,,,,,,,,,1.0
