policy,nodes,tx_packets,rx_packets,bytes_tx,energy_mj,energy_sense_mj,energy_preprocess_mj,energy_infer_mj,energy_consensus_mj,energy_estimate_mj,energy_prediction_mj,energy_tx_mj,energy_rx_mj,energy_idle_mj,precision,recall,f1,dcr,mean_detection_delay_s,pre_event_local_detections,mean_confirmation_delay_s,mean_alert_delay_s,mean_lead_time_s,mean_origin_error_m,mean_speed_error_m_s,mean_eta_error_s,collisions,channel_losses,suppressed_tx,tx_power_dbm,infer_energy_mj,neighbor_radius_m,run,seed
event_driven,20,341,306,16368,220.83,31.0,12.4,0.0,0.0,0.0,0.0,119.35,55.08,3.0,1.0,1.0,1.0,1.0,-0.5315,3,,-0.5315,0.5315,,,,518,124,0,-10,0.05,25.0,0,21234
dstep,20,35,54,1680,190.615,31.0,12.4,31.0,21.0,53.52,16.725,12.25,9.72,3.0,1.0,0.75,0.8571,0.75,-0.6775,6,1.4833,1.3826,-1.3826,43.0957,8.8557,1.4907,41,18,54,-10,0.05,25.0,0,21234
event_driven,20,343,391,16464,236.83,31.0,12.4,0.0,0.0,0.0,0.0,120.05,70.38,3.0,1.0,1.0,1.0,1.0,-1.1315,8,,-1.1315,1.1315,,,,1474,302,0,-10,0.05,38.0,0,21234
dstep,20,41,86,1968,202.045,31.0,12.4,31.0,21.0,56.24,17.575,14.35,15.48,3.0,1.0,0.85,0.9189,0.95,-1.0275,6,1.0893,-0.2665,0.2665,39.7406,4.8553,1.6197,92,88,86,-10,0.05,38.0,0,21234
event_driven,20,340,423,16320,241.54,31.0,12.4,0.0,0.0,0.0,0.0,119.0,76.14,3.0,1.0,1.0,1.0,1.0,-0.8815,5,,-0.8815,0.8815,,,,2287,464,0,-10,0.05,50.0,0,21234
dstep,20,37,103,1776,205.49,31.0,12.4,31.0,21.0,57.6,18.0,12.95,18.54,3.0,1.0,0.85,0.9189,0.8,-0.5775,4,1.3452,0.1121,-0.1121,34.9025,5.1782,2.0713,147,105,103,-10,0.05,50.0,0,21234
event_driven,20,341,306,16368,220.83,31.0,12.4,0.0,0.0,0.0,0.0,119.35,55.08,3.0,1.0,1.0,1.0,1.0,-0.5315,3,,-0.5315,0.5315,,,,518,124,0,-10,0.15,25.0,0,21234
dstep,20,35,54,1680,252.615,31.0,12.4,93.0,21.0,53.52,16.725,12.25,9.72,3.0,1.0,0.75,0.8571,0.75,-0.6775,6,1.4833,1.3826,-1.3826,43.0957,8.8557,1.4907,41,18,54,-10,0.15,25.0,0,21234
event_driven,20,343,391,16464,236.83,31.0,12.4,0.0,0.0,0.0,0.0,120.05,70.38,3.0,1.0,1.0,1.0,1.0,-1.1315,8,,-1.1315,1.1315,,,,1474,302,0,-10,0.15,38.0,0,21234
dstep,20,41,86,1968,264.045,31.0,12.4,93.0,21.0,56.24,17.575,14.35,15.48,3.0,1.0,0.85,0.9189,0.95,-1.0275,6,1.0893,-0.2665,0.2665,39.7406,4.8553,1.6197,92,88,86,-10,0.15,38.0,0,21234
event_driven,20,340,423,16320,241.54,31.0,12.4,0.0,0.0,0.0,0.0,119.0,76.14,3.0,1.0,1.0,1.0,1.0,-0.8815,5,,-0.8815,0.8815,,,,2287,464,0,-10,0.15,50.0,0,21234
dstep,20,37,103,1776,267.49,31.0,12.4,93.0,21.0,57.6,18.0,12.95,18.54,3.0,1.0,0.85,0.9189,0.8,-0.5775,4,1.3452,0.1121,-0.1121,34.9025,5.1782,2.0713,147,105,103,-10,0.15,50.0,0,21234
event_driven,20,341,306,16368,220.83,31.0,12.4,0.0,0.0,0.0,0.0,119.35,55.08,3.0,1.0,1.0,1.0,1.0,-0.5315,3,,-0.5315,0.5315,,,,518,124,0,-10,0.3,25.0,0,21234
dstep,20,35,54,1680,345.615,31.0,12.4,186.0,21.0,53.52,16.725,12.25,9.72,3.0,1.0,0.75,0.8571,0.75,-0.6775,6,1.4833,1.3826,-1.3826,43.0957,8.8557,1.4907,41,18,54,-10,0.3,25.0,0,21234
event_driven,20,343,391,16464,236.83,31.0,12.4,0.0,0.0,0.0,0.0,120.05,70.38,3.0,1.0,1.0,1.0,1.0,-1.1315,8,,-1.1315,1.1315,,,,1474,302,0,-10,0.3,38.0,0,21234
dstep,20,41,86,1968,357.045,31.0,12.4,186.0,21.0,56.24,17.575,14.35,15.48,3.0,1.0,0.85,0.9189,0.95,-1.0275,6,1.0893,-0.2665,0.2665,39.7406,4.8553,1.6197,92,88,86,-10,0.3,38.0,0,21234
event_driven,20,340,423,16320,241.54,31.0,12.4,0.0,0.0,0.0,0.0,119.0,76.14,3.0,1.0,1.0,1.0,1.0,-0.8815,5,,-0.8815,0.8815,,,,2287,464,0,-10,0.3,50.0,0,21234
dstep,20,37,103,1776,360.49,31.0,12.4,186.0,21.0,57.6,18.0,12.95,18.54,3.0,1.0,0.85,0.9189,0.8,-0.5775,4,1.3452,0.1121,-0.1121,34.9025,5.1782,2.0713,147,105,103,-10,0.3,50.0,0,21234
event_driven,20,334,326,16032,221.98,31.0,12.4,0.0,0.0,0.0,0.0,116.9,58.68,3.0,1.0,1.0,1.0,1.0,-0.6815,5,,-0.6815,0.6815,,,,565,26,0,0,0.05,25.0,0,21234
dstep,20,35,65,1680,193.54,31.0,12.4,31.0,21.0,54.24,16.95,12.25,11.7,3.0,1.0,0.65,0.7879,0.7,-0.4275,4,1.2595,0.8489,-0.8489,45.4621,7.4405,1.1643,48,1,65,0,0.05,25.0,0,21234
event_driven,20,342,424,16416,242.42,31.0,12.4,0.0,0.0,0.0,0.0,119.7,76.32,3.0,1.0,1.0,1.0,1.0,-0.7315,5,,-0.7315,0.7315,,,,1672,55,0,0,0.05,38.0,0,21234
dstep,20,42,107,2016,208.695,31.0,12.4,31.0,21.0,58.16,18.175,14.7,19.26,3.0,1.0,1.0,1.0,1.0,-0.8275,4,0.7725,0.2237,-0.2237,40.9831,3.8506,1.3778,145,9,107,0,0.05,38.0,0,21234
event_driven,20,337,465,16176,248.05,31.0,12.4,0.0,0.0,0.0,0.0,117.95,83.7,3.0,1.0,1.0,1.0,1.0,-0.7815,4,,-0.7815,0.7815,,,,2642,82,0,0,0.05,50.0,0,21234
dstep,20,39,148,1872,219.33,31.0,12.4,31.0,21.0,61.44,19.2,13.65,26.64,3.0,1.0,1.0,1.0,1.0,-0.8775,5,0.8225,-0.0259,0.0259,38.2223,6.1612,1.3997,197,26,148,0,0.05,50.0,0,21234
event_driven,20,334,326,16032,221.98,31.0,12.4,0.0,0.0,0.0,0.0,116.9,58.68,3.0,1.0,1.0,1.0,1.0,-0.6815,5,,-0.6815,0.6815,,,,565,26,0,0,0.15,25.0,0,21234
dstep,20,35,65,1680,255.54,31.0,12.4,93.0,21.0,54.24,16.95,12.25,11.7,3.0,1.0,0.65,0.7879,0.7,-0.4275,4,1.2595,0.8489,-0.8489,45.4621,7.4405,1.1643,48,1,65,0,0.15,25.0,0,21234
event_driven,20,342,424,16416,242.42,31.0,12.4,0.0,0.0,0.0,0.0,119.7,76.32,3.0,1.0,1.0,1.0,1.0,-0.7315,5,,-0.7315,0.7315,,,,1672,55,0,0,0.15,38.0,0,21234
dstep,20,42,107,2016,270.695,31.0,12.4,93.0,21.0,58.16,18.175,14.7,19.26,3.0,1.0,1.0,1.0,1.0,-0.8275,4,0.7725,0.2237,-0.2237,40.9831,3.8506,1.3778,145,9,107,0,0.15,38.0,0,21234
event_driven,20,337,465,16176,248.05,31.0,12.4,0.0,0.0,0.0,0.0,117.95,83.7,3.0,1.0,1.0,1.0,1.0,-0.7815,4,,-0.7815,0.7815,,,,2642,82,0,0,0.15,50.0,0,21234
dstep,20,39,148,1872,281.33,31.0,12.4,93.0,21.0,61.44,19.2,13.65,26.64,3.0,1.0,1.0,1.0,1.0,-0.8775,5,0.8225,-0.0259,0.0259,38.2223,6.1612,1.3997,197,26,148,0,0.15,50.0,0,21234
event_driven,20,334,326,16032,221.98,31.0,12.4,0.0,0.0,0.0,0.0,116.9,58.68,3.0,1.0,1.0,1.0,1.0,-0.6815,5,,-0.6815,0.6815,,,,565,26,0,0,0.3,25.0,0,21234
dstep,20,35,65,1680,348.54,31.0,12.4,186.0,21.0,54.24,16.95,12.25,11.7,3.0,1.0,0.65,0.7879,0.7,-0.4275,4,1.2595,0.8489,-0.8489,45.4621,7.4405,1.1643,48,1,65,0,0.3,25.0,0,21234
event_driven,20,342,424,16416,242.42,31.0,12.4,0.0,0.0,0.0,0.0,119.7,76.32,3.0,1.0,1.0,1.0,1.0,-0.7315,5,,-0.7315,0.7315,,,,1672,55,0,0,0.3,38.0,0,21234
dstep,20,42,107,2016,363.695,31.0,12.4,186.0,21.0,58.16,18.175,14.7,19.26,3.0,1.0,1.0,1.0,1.0,-0.8275,4,0.7725,0.2237,-0.2237,40.9831,3.8506,1.3778,145,9,107,0,0.3,38.0,0,21234
event_driven,20,337,465,16176,248.05,31.0,12.4,0.0,0.0,0.0,0.0,117.95,83.7,3.0,1.0,1.0,1.0,1.0,-0.7815,4,,-0.7815,0.7815,,,,2642,82,0,0,0.3,50.0,0,21234
dstep,20,39,148,1872,374.33,31.0,12.4,186.0,21.0,61.44,19.2,13.65,26.64,3.0,1.0,1.0,1.0,1.0,-0.8775,5,0.8225,-0.0259,0.0259,38.2223,6.1612,1.3997,197,26,148,0,0.3,50.0,0,21234
event_driven,20,342,334,16416,226.22,31.0,12.4,0.0,0.0,0.0,0.0,119.7,60.12,3.0,1.0,1.0,1.0,1.0,-0.4815,3,,-0.4815,0.4815,,,,611,4,0,10,0.05,25.0,0,21234
dstep,20,34,62,1632,192.335,31.0,12.4,31.0,21.0,54.0,16.875,11.9,11.16,3.0,1.0,0.65,0.7879,0.7,-0.4775,4,1.3364,0.9204,-0.9204,45.7689,7.5912,1.1755,47,0,62,10,0.05,25.0,0,21234
event_driven,20,341,429,16368,242.97,31.0,12.4,0.0,0.0,0.0,0.0,119.35,77.22,3.0,1.0,1.0,1.0,1.0,-0.6815,6,,-0.6815,0.6815,,,,1725,6,0,10,0.05,38.0,0,21234
dstep,20,43,113,2064,210.755,31.0,12.4,31.0,21.0,58.64,18.325,15.05,20.34,3.0,1.0,1.0,1.0,1.0,-1.0775,5,0.8225,0.4734,-0.4734,43.0098,7.0565,1.608,148,3,113,10,0.05,38.0,0,21234
event_driven,20,343,481,16464,253.03,31.0,12.4,0.0,0.0,0.0,0.0,120.05,86.58,3.0,1.0,1.0,1.0,1.0,-0.7315,6,,-0.7315,0.7315,,,,2757,13,0,10,0.05,50.0,0,21234
dstep,20,40,131,1920,214.835,31.0,12.4,31.0,21.0,60.08,18.775,14.0,23.58,3.0,1.0,1.0,1.0,0.95,-0.6775,5,0.8225,-0.0259,0.0259,38.0737,7.7073,1.296,243,3,131,10,0.05,50.0,0,21234
event_driven,20,342,334,16416,226.22,31.0,12.4,0.0,0.0,0.0,0.0,119.7,60.12,3.0,1.0,1.0,1.0,1.0,-0.4815,3,,-0.4815,0.4815,,,,611,4,0,10,0.15,25.0,0,21234
dstep,20,34,62,1632,254.335,31.0,12.4,93.0,21.0,54.0,16.875,11.9,11.16,3.0,1.0,0.65,0.7879,0.7,-0.4775,4,1.3364,0.9204,-0.9204,45.7689,7.5912,1.1755,47,0,62,10,0.15,25.0,0,21234
event_driven,20,341,429,16368,242.97,31.0,12.4,0.0,0.0,0.0,0.0,119.35,77.22,3.0,1.0,1.0,1.0,1.0,-0.6815,6,,-0.6815,0.6815,,,,1725,6,0,10,0.15,38.0,0,21234
dstep,20,43,113,2064,272.755,31.0,12.4,93.0,21.0,58.64,18.325,15.05,20.34,3.0,1.0,1.0,1.0,1.0,-1.0775,5,0.8225,0.4734,-0.4734,43.0098,7.0565,1.608,148,3,113,10,0.15,38.0,0,21234
event_driven,20,343,481,16464,253.03,31.0,12.4,0.0,0.0,0.0,0.0,120.05,86.58,3.0,1.0,1.0,1.0,1.0,-0.7315,6,,-0.7315,0.7315,,,,2757,13,0,10,0.15,50.0,0,21234
dstep,20,40,131,1920,276.835,31.0,12.4,93.0,21.0,60.08,18.775,14.0,23.58,3.0,1.0,1.0,1.0,0.95,-0.6775,5,0.8225,-0.0259,0.0259,38.0737,7.7073,1.296,243,3,131,10,0.15,50.0,0,21234
event_driven,20,342,334,16416,226.22,31.0,12.4,0.0,0.0,0.0,0.0,119.7,60.12,3.0,1.0,1.0,1.0,1.0,-0.4815,3,,-0.4815,0.4815,,,,611,4,0,10,0.3,25.0,0,21234
dstep,20,34,62,1632,347.335,31.0,12.4,186.0,21.0,54.0,16.875,11.9,11.16,3.0,1.0,0.65,0.7879,0.7,-0.4775,4,1.3364,0.9204,-0.9204,45.7689,7.5912,1.1755,47,0,62,10,0.3,25.0,0,21234
event_driven,20,341,429,16368,242.97,31.0,12.4,0.0,0.0,0.0,0.0,119.35,77.22,3.0,1.0,1.0,1.0,1.0,-0.6815,6,,-0.6815,0.6815,,,,1725,6,0,10,0.3,38.0,0,21234
dstep,20,43,113,2064,365.755,31.0,12.4,186.0,21.0,58.64,18.325,15.05,20.34,3.0,1.0,1.0,1.0,1.0,-1.0775,5,0.8225,0.4734,-0.4734,43.0098,7.0565,1.608,148,3,113,10,0.3,38.0,0,21234
event_driven,20,343,481,16464,253.03,31.0,12.4,0.0,0.0,0.0,0.0,120.05,86.58,3.0,1.0,1.0,1.0,1.0,-0.7315,6,,-0.7315,0.7315,,,,2757,13,0,10,0.3,50.0,0,21234
dstep,20,40,131,1920,369.835,31.0,12.4,186.0,21.0,60.08,18.775,14.0,23.58,3.0,1.0,1.0,1.0,0.95,-0.6775,5,0.8225,-0.0259,0.0259,38.0737,7.7073,1.296,243,3,131,10,0.3,50.0,0,21234
event_driven,50,858,1022,41184,600.26,77.5,31.0,0.0,0.0,0.0,0.0,300.3,183.96,7.5,1.0,1.0,1.0,1.0,-0.2394,10,,-0.2394,0.2394,,,,4905,415,0,-10,0.05,25.0,0,51234
dstep,50,98,234,4704,509.425,77.5,31.0,77.5,52.5,142.48,44.525,34.3,42.12,7.5,1.0,0.94,0.9691,0.94,-0.3154,13,1.281,0.4164,-0.4164,43.3671,4.6956,1.2784,421,96,234,-10,0.05,25.0,0,51234
event_driven,50,863,1125,41424,620.55,77.5,31.0,0.0,0.0,0.0,0.0,302.05,202.5,7.5,1.0,1.0,1.0,1.0,-0.4194,13,,-0.4194,0.4194,,,,10539,764,0,-10,0.05,38.0,0,51234
dstep,50,100,365,4800,547.565,77.5,31.0,77.5,52.5,153.04,47.825,35.0,65.7,7.5,1.0,0.96,0.9796,0.98,-0.6754,14,0.7633,-0.6271,0.6271,42.6289,4.9986,1.204,838,262,365,-10,0.05,38.0,0,51234
event_driven,50,858,1144,41184,622.22,77.5,31.0,0.0,0.0,0.0,0.0,300.3,205.92,7.5,1.0,1.0,1.0,1.0,-0.3194,11,,-0.3194,0.3194,,,,16392,1231,0,-10,0.05,50.0,0,51234
dstep,50,104,438,4992,569.98,77.5,31.0,77.5,52.5,159.04,49.7,36.4,78.84,7.5,1.0,1.0,1.0,1.0,-1.2154,18,0.1846,-2.4325,2.4325,43.2005,4.9879,1.711,1269,520,438,-10,0.05,50.0,0,51234
event_driven,50,858,1022,41184,600.26,77.5,31.0,0.0,0.0,0.0,0.0,300.3,183.96,7.5,1.0,1.0,1.0,1.0,-0.2394,10,,-0.2394,0.2394,,,,4905,415,0,-10,0.15,25.0,0,51234
dstep,50,98,234,4704,664.425,77.5,31.0,232.5,52.5,142.48,44.525,34.3,42.12,7.5,1.0,0.94,0.9691,0.94,-0.3154,13,1.281,0.4164,-0.4164,43.3671,4.6956,1.2784,421,96,234,-10,0.15,25.0,0,51234
event_driven,50,863,1125,41424,620.55,77.5,31.0,0.0,0.0,0.0,0.0,302.05,202.5,7.5,1.0,1.0,1.0,1.0,-0.4194,13,,-0.4194,0.4194,,,,10539,764,0,-10,0.15,38.0,0,51234
dstep,50,100,365,4800,702.565,77.5,31.0,232.5,52.5,153.04,47.825,35.0,65.7,7.5,1.0,0.96,0.9796,0.98,-0.6754,14,0.7633,-0.6271,0.6271,42.6289,4.9986,1.204,838,262,365,-10,0.15,38.0,0,51234
event_driven,50,858,1144,41184,622.22,77.5,31.0,0.0,0.0,0.0,0.0,300.3,205.92,7.5,1.0,1.0,1.0,1.0,-0.3194,11,,-0.3194,0.3194,,,,16392,1231,0,-10,0.15,50.0,0,51234
dstep,50,104,438,4992,724.98,77.5,31.0,232.5,52.5,159.04,49.7,36.4,78.84,7.5,1.0,1.0,1.0,1.0,-1.2154,18,0.1846,-2.4325,2.4325,43.2005,4.9879,1.711,1269,520,438,-10,0.15,50.0,0,51234
event_driven,50,858,1022,41184,600.26,77.5,31.0,0.0,0.0,0.0,0.0,300.3,183.96,7.5,1.0,1.0,1.0,1.0,-0.2394,10,,-0.2394,0.2394,,,,4905,415,0,-10,0.3,25.0,0,51234
dstep,50,98,234,4704,896.925,77.5,31.0,465.0,52.5,142.48,44.525,34.3,42.12,7.5,1.0,0.94,0.9691,0.94,-0.3154,13,1.281,0.4164,-0.4164,43.3671,4.6956,1.2784,421,96,234,-10,0.3,25.0,0,51234
event_driven,50,863,1125,41424,620.55,77.5,31.0,0.0,0.0,0.0,0.0,302.05,202.5,7.5,1.0,1.0,1.0,1.0,-0.4194,13,,-0.4194,0.4194,,,,10539,764,0,-10,0.3,38.0,0,51234
dstep,50,100,365,4800,935.065,77.5,31.0,465.0,52.5,153.04,47.825,35.0,65.7,7.5,1.0,0.96,0.9796,0.98,-0.6754,14,0.7633,-0.6271,0.6271,42.6289,4.9986,1.204,838,262,365,-10,0.3,38.0,0,51234
event_driven,50,858,1144,41184,622.22,77.5,31.0,0.0,0.0,0.0,0.0,300.3,205.92,7.5,1.0,1.0,1.0,1.0,-0.3194,11,,-0.3194,0.3194,,,,16392,1231,0,-10,0.3,50.0,0,51234
dstep,50,104,438,4992,957.48,77.5,31.0,465.0,52.5,159.04,49.7,36.4,78.84,7.5,1.0,1.0,1.0,1.0,-1.2154,18,0.1846,-2.4325,2.4325,43.2005,4.9879,1.711,1269,520,438,-10,0.3,50.0,0,51234
event_driven,50,838,1058,40224,599.74,77.5,31.0,0.0,0.0,0.0,0.0,293.3,190.44,7.5,1.0,1.0,1.0,1.0,-0.2794,9,,-0.2794,0.2794,,,,5013,72,0,0,0.05,25.0,0,51234
dstep,50,92,250,4416,512.095,77.5,31.0,77.5,52.5,143.92,44.975,32.2,45.0,7.5,1.0,0.98,0.9899,0.98,-0.1954,8,0.9706,0.1771,-0.1771,40.4341,4.92,1.0252,411,25,250,0,0.05,25.0,0,51234
event_driven,50,873,1181,41904,634.13,77.5,31.0,0.0,0.0,0.0,0.0,305.55,212.58,7.5,1.0,1.0,1.0,1.0,-0.5194,15,,-0.5194,0.5194,,,,11209,155,0,0,0.05,38.0,0,51234
dstep,50,101,391,4848,555.535,77.5,31.0,77.5,52.5,155.28,48.525,35.35,70.38,7.5,1.0,1.0,1.0,1.0,-0.6554,10,0.3846,-0.9735,0.9735,42.6946,4.7773,1.3773,1003,65,391,0,0.05,38.0,0,51234
event_driven,50,845,1237,40560,634.41,77.5,31.0,0.0,0.0,0.0,0.0,295.75,222.66,7.5,1.0,1.0,1.0,1.0,-0.7794,13,,-0.7794,0.7794,,,,16930,232,0,0,0.05,50.0,0,51234
dstep,50,105,520,5040,593.7,77.5,31.0,77.5,52.5,165.6,51.75,36.75,93.6,7.5,1.0,1.0,1.0,0.96,-0.8754,12,0.9046,-0.8532,0.8532,39.6591,6.7716,1.3154,1595,130,520,0,0.05,50.0,0,51234
event_driven,50,838,1058,40224,599.74,77.5,31.0,0.0,0.0,0.0,0.0,293.3,190.44,7.5,1.0,1.0,1.0,1.0,-0.2794,9,,-0.2794,0.2794,,,,5013,72,0,0,0.15,25.0,0,51234
dstep,50,92,250,4416,667.095,77.5,31.0,232.5,52.5,143.92,44.975,32.2,45.0,7.5,1.0,0.98,0.9899,0.98,-0.1954,8,0.9706,0.1771,-0.1771,40.4341,4.92,1.0252,411,25,250,0,0.15,25.0,0,51234
event_driven,50,873,1181,41904,634.13,77.5,31.0,0.0,0.0,0.0,0.0,305.55,212.58,7.5,1.0,1.0,1.0,1.0,-0.5194,15,,-0.5194,0.5194,,,,11209,155,0,0,0.15,38.0,0,51234
dstep,50,101,391,4848,710.535,77.5,31.0,232.5,52.5,155.28,48.525,35.35,70.38,7.5,1.0,1.0,1.0,1.0,-0.6554,10,0.3846,-0.9735,0.9735,42.6946,4.7773,1.3773,1003,65,391,0,0.15,38.0,0,51234
event_driven,50,845,1237,40560,634.41,77.5,31.0,0.0,0.0,0.0,0.0,295.75,222.66,7.5,1.0,1.0,1.0,1.0,-0.7794,13,,-0.7794,0.7794,,,,16930,232,0,0,0.15,50.0,0,51234
dstep,50,105,520,5040,748.7,77.5,31.0,232.5,52.5,165.6,51.75,36.75,93.6,7.5,1.0,1.0,1.0,0.96,-0.8754,12,0.9046,-0.8532,0.8532,39.6591,6.7716,1.3154,1595,130,520,0,0.15,50.0,0,51234
event_driven,50,838,1058,40224,599.74,77.5,31.0,0.0,0.0,0.0,0.0,293.3,190.44,7.5,1.0,1.0,1.0,1.0,-0.2794,9,,-0.2794,0.2794,,,,5013,72,0,0,0.3,25.0,0,51234
dstep,50,92,250,4416,899.595,77.5,31.0,465.0,52.5,143.92,44.975,32.2,45.0,7.5,1.0,0.98,0.9899,0.98,-0.1954,8,0.9706,0.1771,-0.1771,40.4341,4.92,1.0252,411,25,250,0,0.3,25.0,0,51234
event_driven,50,873,1181,41904,634.13,77.5,31.0,0.0,0.0,0.0,0.0,305.55,212.58,7.5,1.0,1.0,1.0,1.0,-0.5194,15,,-0.5194,0.5194,,,,11209,155,0,0,0.3,38.0,0,51234
dstep,50,101,391,4848,943.035,77.5,31.0,465.0,52.5,155.28,48.525,35.35,70.38,7.5,1.0,1.0,1.0,1.0,-0.6554,10,0.3846,-0.9735,0.9735,42.6946,4.7773,1.3773,1003,65,391,0,0.3,38.0,0,51234
event_driven,50,845,1237,40560,634.41,77.5,31.0,0.0,0.0,0.0,0.0,295.75,222.66,7.5,1.0,1.0,1.0,1.0,-0.7794,13,,-0.7794,0.7794,,,,16930,232,0,0,0.3,50.0,0,51234
dstep,50,105,520,5040,981.2,77.5,31.0,465.0,52.5,165.6,51.75,36.75,93.6,7.5,1.0,1.0,1.0,0.96,-0.8754,12,0.9046,-0.8532,0.8532,39.6591,6.7716,1.3154,1595,130,520,0,0.3,50.0,0,51234
event_driven,50,855,1060,41040,606.05,77.5,31.0,0.0,0.0,0.0,0.0,299.25,190.8,7.5,1.0,1.0,1.0,1.0,-0.1794,9,,-0.1794,0.1794,,,,5156,16,0,10,0.05,25.0,0,51234
dstep,50,95,257,4560,514.93,77.5,31.0,77.5,52.5,144.32,45.1,33.25,46.26,7.5,1.0,0.94,0.9691,0.96,-0.2954,11,1.0469,0.8081,-0.8081,40.4387,3.553,1.1076,453,3,257,10,0.05,25.0,0,51234
event_driven,50,861,1180,41328,629.75,77.5,31.0,0.0,0.0,0.0,0.0,301.35,212.4,7.5,1.0,1.0,1.0,1.0,-0.2994,13,,-0.2994,0.2994,,,,11238,25,0,10,0.05,38.0,0,51234
dstep,50,107,443,5136,572.455,77.5,31.0,77.5,52.5,159.44,49.825,37.45,79.74,7.5,1.0,1.0,1.0,1.0,-0.7354,15,0.2446,-0.0945,0.0945,41.5256,6.257,0.9636,1079,14,443,10,0.05,38.0,0,51234
event_driven,50,868,1227,41664,640.66,77.5,31.0,0.0,0.0,0.0,0.0,303.8,220.86,7.5,1.0,1.0,1.0,1.0,-0.3394,11,,-0.3394,0.3394,,,,17590,55,0,10,0.05,50.0,0,51234
dstep,50,105,533,5040,597.405,77.5,31.0,77.5,52.5,166.64,52.075,36.75,95.94,7.5,1.0,1.0,1.0,1.0,-0.3354,11,0.5846,-1.4925,1.4925,38.9677,4.4305,0.6214,1706,23,533,10,0.05,50.0,0,51234
event_driven,50,855,1060,41040,606.05,77.5,31.0,0.0,0.0,0.0,0.0,299.25,190.8,7.5,1.0,1.0,1.0,1.0,-0.1794,9,,-0.1794,0.1794,,,,5156,16,0,10,0.15,25.0,0,51234
dstep,50,95,257,4560,669.93,77.5,31.0,232.5,52.5,144.32,45.1,33.25,46.26,7.5,1.0,0.94,0.9691,0.96,-0.2954,11,1.0469,0.8081,-0.8081,40.4387,3.553,1.1076,453,3,257,10,0.15,25.0,0,51234
event_driven,50,861,1180,41328,629.75,77.5,31.0,0.0,0.0,0.0,0.0,301.35,212.4,7.5,1.0,1.0,1.0,1.0,-0.2994,13,,-0.2994,0.2994,,,,11238,25,0,10,0.15,38.0,0,51234
dstep,50,107,443,5136,727.455,77.5,31.0,232.5,52.5,159.44,49.825,37.45,79.74,7.5,1.0,1.0,1.0,1.0,-0.7354,15,0.2446,-0.0945,0.0945,41.5256,6.257,0.9636,1079,14,443,10,0.15,38.0,0,51234
event_driven,50,868,1227,41664,640.66,77.5,31.0,0.0,0.0,0.0,0.0,303.8,220.86,7.5,1.0,1.0,1.0,1.0,-0.3394,11,,-0.3394,0.3394,,,,17590,55,0,10,0.15,50.0,0,51234
dstep,50,105,533,5040,752.405,77.5,31.0,232.5,52.5,166.64,52.075,36.75,95.94,7.5,1.0,1.0,1.0,1.0,-0.3354,11,0.5846,-1.4925,1.4925,38.9677,4.4305,0.6214,1706,23,533,10,0.15,50.0,0,51234
event_driven,50,855,1060,41040,606.05,77.5,31.0,0.0,0.0,0.0,0.0,299.25,190.8,7.5,1.0,1.0,1.0,1.0,-0.1794,9,,-0.1794,0.1794,,,,5156,16,0,10,0.3,25.0,0,51234
dstep,50,95,257,4560,902.43,77.5,31.0,465.0,52.5,144.32,45.1,33.25,46.26,7.5,1.0,0.94,0.9691,0.96,-0.2954,11,1.0469,0.8081,-0.8081,40.4387,3.553,1.1076,453,3,257,10,0.3,25.0,0,51234
event_driven,50,861,1180,41328,629.75,77.5,31.0,0.0,0.0,0.0,0.0,301.35,212.4,7.5,1.0,1.0,1.0,1.0,-0.2994,13,,-0.2994,0.2994,,,,11238,25,0,10,0.3,38.0,0,51234
dstep,50,107,443,5136,959.955,77.5,31.0,465.0,52.5,159.44,49.825,37.45,79.74,7.5,1.0,1.0,1.0,1.0,-0.7354,15,0.2446,-0.0945,0.0945,41.5256,6.257,0.9636,1079,14,443,10,0.3,38.0,0,51234
event_driven,50,868,1227,41664,640.66,77.5,31.0,0.0,0.0,0.0,0.0,303.8,220.86,7.5,1.0,1.0,1.0,1.0,-0.3394,11,,-0.3394,0.3394,,,,17590,55,0,10,0.3,50.0,0,51234
dstep,50,105,533,5040,984.905,77.5,31.0,465.0,52.5,166.64,52.075,36.75,95.94,7.5,1.0,1.0,1.0,1.0,-0.3354,11,0.5846,-1.4925,1.4925,38.9677,4.4305,0.6214,1706,23,533,10,0.3,50.0,0,51234
event_driven,100,1706,2148,81888,1215.74,155.0,62.0,0.0,0.0,0.0,0.0,597.1,386.64,15.0,1.0,1.0,1.0,1.0,-0.3093,21,,-0.3093,0.3093,,,,21153,825,0,-10,0.05,25.0,0,101234
dstep,100,194,592,9312,1054.12,155.0,62.0,155.0,105.0,295.36,92.3,67.9,106.56,15.0,1.0,1.0,1.0,1.0,-0.1453,21,0.8547,-0.0531,0.0531,43.8006,3.5839,0.9503,1923,215,592,-10,0.05,25.0,0,101234
event_driven,100,1683,2383,80784,1249.99,155.0,62.0,0.0,0.0,0.0,0.0,589.05,428.94,15.0,1.0,1.0,1.0,1.0,-0.6693,28,,-0.6693,0.6693,,,,42921,1690,0,-10,0.05,38.0,0,101234
dstep,100,209,863,10032,1136.605,155.0,62.0,155.0,105.0,317.04,99.075,73.15,155.34,15.0,1.0,1.0,1.0,1.0,-1.1353,29,0.4347,-2.2919,2.2919,42.5645,5.6202,1.6355,4211,679,863,-10,0.05,38.0,0,101234
event_driven,100,1717,2517,82416,1286.01,155.0,62.0,0.0,0.0,0.0,0.0,600.95,453.06,15.0,1.0,1.0,1.0,1.0,-1.0493,29,,-1.0493,1.0493,,,,70742,2688,0,-10,0.05,50.0,0,101234
dstep,100,205,1153,9840,1217.855,155.0,62.0,155.0,105.0,340.24,106.325,71.75,207.54,15.0,1.0,1.0,1.0,1.0,-1.0053,29,-0.0053,-4.5815,4.5815,42.4612,7.3682,1.2997,6397,1295,1153,-10,0.05,50.0,0,101234
event_driven,100,1706,2148,81888,1215.74,155.0,62.0,0.0,0.0,0.0,0.0,597.1,386.64,15.0,1.0,1.0,1.0,1.0,-0.3093,21,,-0.3093,0.3093,,,,21153,825,0,-10,0.15,25.0,0,101234
dstep,100,194,592,9312,1364.12,155.0,62.0,465.0,105.0,295.36,92.3,67.9,106.56,15.0,1.0,1.0,1.0,1.0,-0.1453,21,0.8547,-0.0531,0.0531,43.8006,3.5839,0.9503,1923,215,592,-10,0.15,25.0,0,101234
event_driven,100,1683,2383,80784,1249.99,155.0,62.0,0.0,0.0,0.0,0.0,589.05,428.94,15.0,1.0,1.0,1.0,1.0,-0.6693,28,,-0.6693,0.6693,,,,42921,1690,0,-10,0.15,38.0,0,101234
dstep,100,209,863,10032,1446.605,155.0,62.0,465.0,105.0,317.04,99.075,73.15,155.34,15.0,1.0,1.0,1.0,1.0,-1.1353,29,0.4347,-2.2919,2.2919,42.5645,5.6202,1.6355,4211,679,863,-10,0.15,38.0,0,101234
event_driven,100,1717,2517,82416,1286.01,155.0,62.0,0.0,0.0,0.0,0.0,600.95,453.06,15.0,1.0,1.0,1.0,1.0,-1.0493,29,,-1.0493,1.0493,,,,70742,2688,0,-10,0.15,50.0,0,101234
dstep,100,205,1153,9840,1527.855,155.0,62.0,465.0,105.0,340.24,106.325,71.75,207.54,15.0,1.0,1.0,1.0,1.0,-1.0053,29,-0.0053,-4.5815,4.5815,42.4612,7.3682,1.2997,6397,1295,1153,-10,0.15,50.0,0,101234
event_driven,100,1706,2148,81888,1215.74,155.0,62.0,0.0,0.0,0.0,0.0,597.1,386.64,15.0,1.0,1.0,1.0,1.0,-0.3093,21,,-0.3093,0.3093,,,,21153,825,0,-10,0.3,25.0,0,101234
dstep,100,194,592,9312,1829.12,155.0,62.0,930.0,105.0,295.36,92.3,67.9,106.56,15.0,1.0,1.0,1.0,1.0,-0.1453,21,0.8547,-0.0531,0.0531,43.8006,3.5839,0.9503,1923,215,592,-10,0.3,25.0,0,101234
event_driven,100,1683,2383,80784,1249.99,155.0,62.0,0.0,0.0,0.0,0.0,589.05,428.94,15.0,1.0,1.0,1.0,1.0,-0.6693,28,,-0.6693,0.6693,,,,42921,1690,0,-10,0.3,38.0,0,101234
dstep,100,209,863,10032,1911.605,155.0,62.0,930.0,105.0,317.04,99.075,73.15,155.34,15.0,1.0,1.0,1.0,1.0,-1.1353,29,0.4347,-2.2919,2.2919,42.5645,5.6202,1.6355,4211,679,863,-10,0.3,38.0,0,101234
event_driven,100,1717,2517,82416,1286.01,155.0,62.0,0.0,0.0,0.0,0.0,600.95,453.06,15.0,1.0,1.0,1.0,1.0,-1.0493,29,,-1.0493,1.0493,,,,70742,2688,0,-10,0.3,50.0,0,101234
dstep,100,205,1153,9840,1992.855,155.0,62.0,930.0,105.0,340.24,106.325,71.75,207.54,15.0,1.0,1.0,1.0,1.0,-1.0053,29,-0.0053,-4.5815,4.5815,42.4612,7.3682,1.2997,6397,1295,1153,-10,0.3,50.0,0,101234
event_driven,100,1727,2289,82896,1248.47,155.0,62.0,0.0,0.0,0.0,0.0,604.45,412.02,15.0,1.0,1.0,1.0,1.0,-0.7493,27,,-0.7493,0.7493,,,,21999,168,0,0,0.05,25.0,0,101234
dstep,100,196,647,9408,1070.495,155.0,62.0,155.0,105.0,299.76,93.675,68.6,116.46,15.0,1.0,1.0,1.0,0.99,-0.3553,27,0.8047,0.0865,-0.0865,45.2056,5.2397,1.0877,2045,51,647,0,0.05,25.0,0,101234
event_driven,100,1713,2471,82224,1276.33,155.0,62.0,0.0,0.0,0.0,0.0,599.55,444.78,15.0,1.0,1.0,1.0,1.0,-0.7193,26,,-0.7193,0.7193,,,,44917,347,0,0,0.05,38.0,0,101234
dstep,100,205,960,9840,1162.85,155.0,62.0,155.0,105.0,324.8,101.5,71.75,172.8,15.0,1.0,1.0,1.0,1.0,-0.8753,35,0.2847,-1.793,1.793,43.4151,5.8449,1.3122,4542,130,960,0,0.05,38.0,0,101234
event_driven,100,1703,2529,81744,1283.27,155.0,62.0,0.0,0.0,0.0,0.0,596.05,455.22,15.0,1.0,1.0,1.0,1.0,-0.1493,20,,-0.1493,0.1493,,,,72755,537,0,0,0.05,50.0,0,101234
dstep,100,203,1151,9744,1216.585,155.0,62.0,155.0,105.0,340.08,106.275,71.05,207.18,15.0,1.0,1.0,1.0,1.0,-0.4353,21,0.4947,-2.5222,2.5222,40.4517,7.3671,1.0973,7395,260,1151,0,0.05,50.0,0,101234
event_driven,100,1727,2289,82896,1248.47,155.0,62.0,0.0,0.0,0.0,0.0,604.45,412.02,15.0,1.0,1.0,1.0,1.0,-0.7493,27,,-0.7493,0.7493,,,,21999,168,0,0,0.15,25.0,0,101234
dstep,100,196,647,9408,1380.495,155.0,62.0,465.0,105.0,299.76,93.675,68.6,116.46,15.0,1.0,1.0,1.0,0.99,-0.3553,27,0.8047,0.0865,-0.0865,45.2056,5.2397,1.0877,2045,51,647,0,0.15,25.0,0,101234
event_driven,100,1713,2471,82224,1276.33,155.0,62.0,0.0,0.0,0.0,0.0,599.55,444.78,15.0,1.0,1.0,1.0,1.0,-0.7193,26,,-0.7193,0.7193,,,,44917,347,0,0,0.15,38.0,0,101234
dstep,100,205,960,9840,1472.85,155.0,62.0,465.0,105.0,324.8,101.5,71.75,172.8,15.0,1.0,1.0,1.0,1.0,-0.8753,35,0.2847,-1.793,1.793,43.4151,5.8449,1.3122,4542,130,960,0,0.15,38.0,0,101234
event_driven,100,1703,2529,81744,1283.27,155.0,62.0,0.0,0.0,0.0,0.0,596.05,455.22,15.0,1.0,1.0,1.0,1.0,-0.1493,20,,-0.1493,0.1493,,,,72755,537,0,0,0.15,50.0,0,101234
dstep,100,203,1151,9744,1526.585,155.0,62.0,465.0,105.0,340.08,106.275,71.05,207.18,15.0,1.0,1.0,1.0,1.0,-0.4353,21,0.4947,-2.5222,2.5222,40.4517,7.3671,1.0973,7395,260,1151,0,0.15,50.0,0,101234
event_driven,100,1727,2289,82896,1248.47,155.0,62.0,0.0,0.0,0.0,0.0,604.45,412.02,15.0,1.0,1.0,1.0,1.0,-0.7493,27,,-0.7493,0.7493,,,,21999,168,0,0,0.3,25.0,0,101234
dstep,100,196,647,9408,1845.495,155.0,62.0,930.0,105.0,299.76,93.675,68.6,116.46,15.0,1.0,1.0,1.0,0.99,-0.3553,27,0.8047,0.0865,-0.0865,45.2056,5.2397,1.0877,2045,51,647,0,0.3,25.0,0,101234
event_driven,100,1713,2471,82224,1276.33,155.0,62.0,0.0,0.0,0.0,0.0,599.55,444.78,15.0,1.0,1.0,1.0,1.0,-0.7193,26,,-0.7193,0.7193,,,,44917,347,0,0,0.3,38.0,0,101234
dstep,100,205,960,9840,1937.85,155.0,62.0,930.0,105.0,324.8,101.5,71.75,172.8,15.0,1.0,1.0,1.0,1.0,-0.8753,35,0.2847,-1.793,1.793,43.4151,5.8449,1.3122,4542,130,960,0,0.3,38.0,0,101234
event_driven,100,1703,2529,81744,1283.27,155.0,62.0,0.0,0.0,0.0,0.0,596.05,455.22,15.0,1.0,1.0,1.0,1.0,-0.1493,20,,-0.1493,0.1493,,,,72755,537,0,0,0.3,50.0,0,101234
dstep,100,203,1151,9744,1991.585,155.0,62.0,930.0,105.0,340.08,106.275,71.05,207.18,15.0,1.0,1.0,1.0,1.0,-0.4353,21,0.4947,-2.5222,2.5222,40.4517,7.3671,1.0973,7395,260,1151,0,0.3,50.0,0,101234
event_driven,100,1705,2295,81840,1241.85,155.0,62.0,0.0,0.0,0.0,0.0,596.75,413.1,15.0,1.0,1.0,1.0,1.0,-0.7093,23,,-0.7093,0.7093,,,,21789,25,0,10,0.05,25.0,0,101234
dstep,100,197,673,9456,1078.255,155.0,62.0,155.0,105.0,301.84,94.325,68.95,121.14,15.0,1.0,1.0,1.0,0.99,-0.2653,20,0.8047,-0.0231,0.0231,45.2065,4.6579,1.1458,2073,7,673,10,0.05,25.0,0,101234
event_driven,100,1716,2525,82368,1287.1,155.0,62.0,0.0,0.0,0.0,0.0,600.6,454.5,15.0,1.0,1.0,1.0,1.0,-1.0993,28,,-1.0993,1.0993,,,,45252,86,0,10,0.05,38.0,0,101234
dstep,100,204,1021,9792,1179.885,155.0,62.0,155.0,105.0,329.68,103.025,71.4,183.78,15.0,1.0,1.0,1.0,1.0,-0.6353,23,0.3047,-2.8125,2.8125,42.9134,4.9428,1.0108,4517,24,1021,10,0.05,38.0,0,101234
event_driven,100,1687,2640,80976,1297.65,155.0,62.0,0.0,0.0,0.0,0.0,590.45,475.2,15.0,1.0,1.0,1.0,0.99,-0.4193,18,,-0.4193,0.4193,,,,72113,119,0,10,0.05,50.0,0,101234
dstep,100,204,1283,9792,1254.555,155.0,62.0,155.0,105.0,350.64,109.575,71.4,230.94,15.0,1.0,1.0,1.0,1.0,-0.5753,29,0.1047,-3.5518,3.5518,43.9653,4.9148,1.0095,7544,55,1283,10,0.05,50.0,0,101234
event_driven,100,1705,2295,81840,1241.85,155.0,62.0,0.0,0.0,0.0,0.0,596.75,413.1,15.0,1.0,1.0,1.0,1.0,-0.7093,23,,-0.7093,0.7093,,,,21789,25,0,10,0.15,25.0,0,101234
dstep,100,197,673,9456,1388.255,155.0,62.0,465.0,105.0,301.84,94.325,68.95,121.14,15.0,1.0,1.0,1.0,0.99,-0.2653,20,0.8047,-0.0231,0.0231,45.2065,4.6579,1.1458,2073,7,673,10,0.15,25.0,0,101234
event_driven,100,1716,2525,82368,1287.1,155.0,62.0,0.0,0.0,0.0,0.0,600.6,454.5,15.0,1.0,1.0,1.0,1.0,-1.0993,28,,-1.0993,1.0993,,,,45252,86,0,10,0.15,38.0,0,101234
dstep,100,204,1021,9792,1489.885,155.0,62.0,465.0,105.0,329.68,103.025,71.4,183.78,15.0,1.0,1.0,1.0,1.0,-0.6353,23,0.3047,-2.8125,2.8125,42.9134,4.9428,1.0108,4517,24,1021,10,0.15,38.0,0,101234
event_driven,100,1687,2640,80976,1297.65,155.0,62.0,0.0,0.0,0.0,0.0,590.45,475.2,15.0,1.0,1.0,1.0,0.99,-0.4193,18,,-0.4193,0.4193,,,,72113,119,0,10,0.15,50.0,0,101234
dstep,100,204,1283,9792,1564.555,155.0,62.0,465.0,105.0,350.64,109.575,71.4,230.94,15.0,1.0,1.0,1.0,1.0,-0.5753,29,0.1047,-3.5518,3.5518,43.9653,4.9148,1.0095,7544,55,1283,10,0.15,50.0,0,101234
event_driven,100,1705,2295,81840,1241.85,155.0,62.0,0.0,0.0,0.0,0.0,596.75,413.1,15.0,1.0,1.0,1.0,1.0,-0.7093,23,,-0.7093,0.7093,,,,21789,25,0,10,0.3,25.0,0,101234
dstep,100,197,673,9456,1853.255,155.0,62.0,930.0,105.0,301.84,94.325,68.95,121.14,15.0,1.0,1.0,1.0,0.99,-0.2653,20,0.8047,-0.0231,0.0231,45.2065,4.6579,1.1458,2073,7,673,10,0.3,25.0,0,101234
event_driven,100,1716,2525,82368,1287.1,155.0,62.0,0.0,0.0,0.0,0.0,600.6,454.5,15.0,1.0,1.0,1.0,1.0,-1.0993,28,,-1.0993,1.0993,,,,45252,86,0,10,0.3,38.0,0,101234
dstep,100,204,1021,9792,1954.885,155.0,62.0,930.0,105.0,329.68,103.025,71.4,183.78,15.0,1.0,1.0,1.0,1.0,-0.6353,23,0.3047,-2.8125,2.8125,42.9134,4.9428,1.0108,4517,24,1021,10,0.3,38.0,0,101234
event_driven,100,1687,2640,80976,1297.65,155.0,62.0,0.0,0.0,0.0,0.0,590.45,475.2,15.0,1.0,1.0,1.0,0.99,-0.4193,18,,-0.4193,0.4193,,,,72113,119,0,10,0.3,50.0,0,101234
dstep,100,204,1283,9792,2029.555,155.0,62.0,930.0,105.0,350.64,109.575,71.4,230.94,15.0,1.0,1.0,1.0,1.0,-0.5753,29,0.1047,-3.5518,3.5518,43.9653,4.9148,1.0095,7544,55,1283,10,0.3,50.0,0,101234
