nodes,tx_power_dbm,infer_energy_mj,neighbor_radius_m,run,seed,event_tx_packets,dstep_tx_packets,tx_reduction_pct,event_energy_mj,dstep_energy_mj,energy_reduction_pct,dstep_f1,dstep_dcr,ai_extra_energy_mj,communication_energy_avoided_mj,delta_e_ai_mj,break_even
20,-10,0.05,25.0,0,21234,341,35,89.73607038123167,220.83,190.615,13.682470678802705,0.8571,0.75,122.245,152.46,-30.215000000000003,1
20,-10,0.05,38.0,0,21234,343,41,88.0466472303207,236.83,202.045,14.687750707258385,0.9189,0.95,125.81500000000001,160.60000000000002,-34.78500000000001,1
20,-10,0.05,50.0,0,21234,340,37,89.11764705882352,241.54,205.49,14.925064171565783,0.9189,0.8,127.6,163.64999999999998,-36.04999999999998,1
20,-10,0.15,25.0,0,21234,341,35,89.73607038123167,220.83,252.615,-14.39342480641217,0.8571,0.75,184.245,152.46,31.784999999999997,0
20,-10,0.15,38.0,0,21234,343,41,88.0466472303207,236.83,264.045,-11.491365114216956,0.9189,0.95,187.815,160.60000000000002,27.214999999999975,0
20,-10,0.15,50.0,0,21234,340,37,89.11764705882352,241.54,267.49,-10.743562142916296,0.9189,0.8,189.6,163.64999999999998,25.950000000000017,0
20,-10,0.3,25.0,0,21234,341,35,89.73607038123167,220.83,345.615,-56.50726803423447,0.8571,0.75,277.245,152.46,124.785,0
20,-10,0.3,38.0,0,21234,343,41,88.0466472303207,236.83,357.045,-50.76003884642992,0.9189,0.95,280.815,160.60000000000002,120.21499999999997,0
20,-10,0.3,50.0,0,21234,340,37,89.11764705882352,241.54,360.49,-49.24650161463941,0.9189,0.8,282.6,163.64999999999998,118.95000000000005,0
20,0,0.05,25.0,0,21234,334,35,89.52095808383234,221.98,193.54,12.811965041895668,0.7879,0.7,123.19000000000001,151.63000000000002,-28.440000000000012,1
20,0,0.05,38.0,0,21234,342,42,87.71929824561404,242.42,208.695,13.91180595660424,1.0,1.0,128.335,162.05999999999997,-33.724999999999966,1
20,0,0.05,50.0,0,21234,337,39,88.4272997032641,248.05,219.33,11.57831082443056,1.0,1.0,132.64,161.36,-28.720000000000027,1
20,0,0.15,25.0,0,21234,334,35,89.52095808383234,221.98,255.54,-15.118479142265073,0.7879,0.7,185.19,151.63000000000002,33.559999999999974,0
20,0,0.15,38.0,0,21234,342,42,87.71929824561404,242.42,270.695,-11.663641613728238,1.0,1.0,190.335,162.05999999999997,28.275000000000034,0
20,0,0.15,50.0,0,21234,337,39,88.4272997032641,248.05,281.33,-13.416649868978014,1.0,1.0,194.64,161.36,33.27999999999997,0
20,0,0.3,25.0,0,21234,334,35,89.52095808383234,221.98,348.54,-57.01414541850618,0.7879,0.7,278.19,151.63000000000002,126.55999999999997,0
20,0,0.3,38.0,0,21234,342,42,87.71929824561404,242.42,363.695,-50.026812969226974,1.0,1.0,283.335,162.05999999999997,121.275,0
20,0,0.3,50.0,0,21234,337,39,88.4272997032641,248.05,374.33,-50.90909090909091,1.0,1.0,287.64,161.36,126.27999999999997,0
20,10,0.05,25.0,0,21234,342,34,90.05847953216374,226.22,192.335,14.978781716912737,0.7879,0.7,122.875,156.76,-33.88499999999999,1
20,10,0.05,38.0,0,21234,341,43,87.3900293255132,242.97,210.755,13.258838539737416,1.0,1.0,128.965,161.18,-32.215,1
20,10,0.05,50.0,0,21234,343,40,88.33819241982508,253.03,214.835,15.095048018021572,1.0,0.95,130.855,169.05,-38.19500000000002,1
20,10,0.15,25.0,0,21234,342,34,90.05847953216374,226.22,254.335,-12.42816727079834,0.7879,0.7,184.875,156.76,28.11500000000001,0
20,10,0.15,38.0,0,21234,341,43,87.3900293255132,242.97,272.755,-12.25871506770384,1.0,1.0,190.96499999999997,161.18,29.784999999999968,0
20,10,0.15,50.0,0,21234,343,40,88.33819241982508,253.03,276.835,-9.407975338892616,1.0,0.95,192.855,169.05,23.80499999999998,0
20,10,0.3,25.0,0,21234,342,34,90.05847953216374,226.22,347.335,-53.538590752364954,0.7879,0.7,277.875,156.76,121.11500000000001,0
20,10,0.3,38.0,0,21234,341,43,87.3900293255132,242.97,365.755,-50.53504547886569,1.0,1.0,283.965,161.18,122.78499999999997,0
20,10,0.3,50.0,0,21234,343,40,88.33819241982508,253.03,369.835,-46.16251037426391,1.0,0.95,285.85499999999996,169.05,116.80499999999995,0
50,-10,0.05,25.0,0,51234,858,98,88.57808857808858,600.26,509.425,15.132609202678838,0.9691,0.94,317.005,407.84000000000003,-90.83500000000004,1
50,-10,0.05,38.0,0,51234,863,100,88.41251448435689,620.55,547.565,11.761340746112303,0.9796,0.98,330.86499999999995,403.85,-72.98500000000007,1
50,-10,0.05,50.0,0,51234,858,104,87.87878787878788,622.22,569.98,8.395744270515248,1.0,1.0,338.73999999999995,390.98,-52.240000000000066,1
50,-10,0.15,25.0,0,51234,858,98,88.57808857808858,600.26,664.425,-10.689534535034806,0.9691,0.94,472.005,407.84000000000003,64.16499999999996,0
50,-10,0.15,38.0,0,51234,863,100,88.41251448435689,620.55,702.565,-13.216501490613176,0.9796,0.98,485.86499999999995,403.85,82.01499999999993,0
50,-10,0.15,50.0,0,51234,858,104,87.87878787878788,622.22,724.98,-16.5150589823535,1.0,1.0,493.73999999999995,390.98,102.75999999999993,0
50,-10,0.3,25.0,0,51234,858,98,88.57808857808858,600.26,896.925,-49.422750141605306,0.9691,0.94,704.505,407.84000000000003,296.66499999999996,0
50,-10,0.3,38.0,0,51234,863,100,88.41251448435689,620.55,935.065,-50.6832648457014,0.9796,0.98,718.365,403.85,314.515,0
50,-10,0.3,50.0,0,51234,858,104,87.87878787878788,622.22,957.48,-53.881263861656635,1.0,1.0,726.24,390.98,335.26,0
50,0,0.05,25.0,0,51234,838,92,89.02147971360381,599.74,512.095,14.613832660819682,0.9899,0.98,318.895,406.54,-87.64500000000004,1
50,0,0.05,38.0,0,51234,873,101,88.43069873997709,634.13,555.535,12.3941463106934,1.0,1.0,333.80499999999995,412.4,-78.59500000000003,1
50,0,0.05,50.0,0,51234,845,105,87.57396449704143,634.41,593.7,6.416985860878599,1.0,0.96,347.35,388.05999999999995,-40.70999999999992,1
50,0,0.15,25.0,0,51234,838,92,89.02147971360381,599.74,667.095,-11.230699969987,0.9899,0.98,473.895,406.54,67.35499999999996,0
50,0,0.15,38.0,0,51234,873,101,88.43069873997709,634.13,710.535,-12.048791257313173,1.0,1.0,488.80499999999995,412.4,76.40499999999997,0
50,0,0.15,50.0,0,51234,845,105,87.57396449704143,634.41,748.7,-18.015163695402038,1.0,0.96,502.35,388.05999999999995,114.29000000000008,0
50,0,0.3,25.0,0,51234,838,92,89.02147971360381,599.74,899.595,-49.997498916197024,0.9899,0.98,706.395,406.54,299.85499999999996,0
50,0,0.3,38.0,0,51234,873,101,88.43069873997709,634.13,943.035,-48.713197609323004,1.0,1.0,721.305,412.4,308.905,0
50,0,0.3,50.0,0,51234,845,105,87.57396449704143,634.41,981.2,-54.663388029823004,1.0,0.96,734.85,388.05999999999995,346.7900000000001,0
50,10,0.05,25.0,0,51234,855,95,88.88888888888889,606.05,514.93,15.035063113604485,0.9691,0.96,319.42,410.54,-91.12,1
50,10,0.05,38.0,0,51234,861,107,87.57259001161441,629.75,572.455,9.098054783644294,1.0,1.0,339.265,396.56,-57.295000000000016,1
50,10,0.05,50.0,0,51234,868,105,87.90322580645162,640.66,597.405,6.751631130396774,1.0,1.0,348.715,391.9700000000001,-43.25500000000011,1
50,10,0.15,25.0,0,51234,855,95,88.88888888888889,606.05,669.93,-10.540384456728003,0.9691,0.96,474.42,410.54,63.879999999999995,0
50,10,0.15,38.0,0,51234,861,107,87.57259001161441,629.75,727.455,-15.51488685986504,1.0,1.0,494.265,396.56,97.70499999999998,0
50,10,0.15,50.0,0,51234,868,105,87.90322580645162,640.66,752.405,-17.442169013205145,1.0,1.0,503.715,391.9700000000001,111.74499999999989,0
50,10,0.3,25.0,0,51234,855,95,88.88888888888889,606.05,902.43,-48.90355581222672,0.9691,0.96,706.92,410.54,296.37999999999994,0
50,10,0.3,38.0,0,51234,861,107,87.57259001161441,629.75,959.955,-52.43429932512902,1.0,1.0,726.7650000000001,396.56,330.2050000000001,0
50,10,0.3,50.0,0,51234,868,105,87.90322580645162,640.66,984.905,-53.732869228608,1.0,1.0,736.215,391.9700000000001,344.24499999999995,0
100,-10,0.05,25.0,0,101234,1706,194,88.62837045720985,1215.74,1054.12,13.293960879793387,1.0,1.0,647.66,809.28,-161.62,1
100,-10,0.05,38.0,0,101234,1683,209,87.58169934640523,1249.99,1136.605,9.070872566980537,1.0,1.0,676.115,789.5,-113.38499999999999,1
100,-10,0.05,50.0,0,101234,1717,205,88.06057076295865,1286.01,1217.855,5.299725507577701,1.0,1.0,706.565,774.72,-68.15499999999997,1
100,-10,0.15,25.0,0,101234,1706,194,88.62837045720985,1215.74,1364.12,-12.204912234523825,1.0,1.0,957.66,809.28,148.38,0
100,-10,0.15,38.0,0,101234,1683,209,87.58169934640523,1249.99,1446.605,-15.729325834606666,1.0,1.0,986.115,789.5,196.615,0
100,-10,0.15,50.0,0,101234,1717,205,88.06057076295865,1286.01,1527.855,-18.80584132316234,1.0,1.0,1016.565,774.72,241.84500000000003,0
100,-10,0.3,25.0,0,101234,1706,194,88.62837045720985,1215.74,1829.12,-50.453221905999634,1.0,1.0,1422.66,809.28,613.3800000000001,0
100,-10,0.3,38.0,0,101234,1683,209,87.58169934640523,1249.99,1911.605,-52.929623436987505,1.0,1.0,1451.115,789.5,661.615,0
100,-10,0.3,50.0,0,101234,1717,205,88.06057076295865,1286.01,1992.855,-54.964191569272415,1.0,1.0,1481.565,774.72,706.845,0
100,0,0.05,25.0,0,101234,1727,196,88.65083960625361,1248.47,1070.495,14.255448669171077,1.0,0.99,653.435,831.4100000000001,-177.97500000000014,1
100,0,0.05,38.0,0,101234,1713,205,88.03269118505546,1276.33,1162.85,8.891117500959789,1.0,1.0,686.3,799.78,-113.48000000000002,1
100,0,0.05,50.0,0,101234,1703,203,88.07985907222549,1283.27,1216.585,5.196490216400285,1.0,1.0,706.3549999999999,773.04,-66.68500000000006,1
100,0,0.15,25.0,0,101234,1727,196,88.65083960625361,1248.47,1380.495,-10.574943731126885,1.0,0.99,963.435,831.4100000000001,132.02499999999986,0
100,0,0.15,38.0,0,101234,1713,205,88.03269118505546,1276.33,1472.85,-15.397271865426653,1.0,1.0,996.3,799.78,196.51999999999998,0
100,0,0.15,50.0,0,101234,1703,203,88.07985907222549,1283.27,1526.585,-18.960546104872723,1.0,1.0,1016.3549999999999,773.04,243.31499999999994,0
100,0,0.3,25.0,0,101234,1727,196,88.65083960625361,1248.47,1845.495,-47.82053233157384,1.0,0.99,1428.435,831.4100000000001,597.0249999999999,0
100,0,0.3,38.0,0,101234,1713,205,88.03269118505546,1276.33,1937.85,-51.829855915006306,1.0,1.0,1461.3,799.78,661.52,0
100,0,0.3,50.0,0,101234,1703,203,88.07985907222549,1283.27,1991.585,-55.196100586782215,1.0,1.0,1481.355,773.04,708.315,0
100,10,0.05,25.0,0,101234,1705,197,88.44574780058652,1241.85,1078.255,13.173491162378692,1.0,0.99,656.165,819.76,-163.59500000000003,1
100,10,0.05,38.0,0,101234,1716,204,88.11188811188812,1287.1,1179.885,8.329966591562421,1.0,1.0,692.705,799.9199999999998,-107.2149999999998,1
100,10,0.05,50.0,0,101234,1687,204,87.90752815649081,1297.65,1254.555,3.321003352213614,1.0,1.0,720.215,763.3100000000001,-43.09500000000003,1
100,10,0.15,25.0,0,101234,1705,197,88.44574780058652,1241.85,1388.255,-11.78926601441399,1.0,0.99,966.165,819.76,146.40499999999997,0
100,10,0.15,38.0,0,101234,1716,204,88.11188811188812,1287.1,1489.885,-15.75518607722788,1.0,1.0,1002.705,799.9199999999998,202.7850000000002,0
100,10,0.15,50.0,0,101234,1687,204,87.90752815649081,1297.65,1564.555,-20.56833506723692,1.0,1.0,1030.215,763.3100000000001,266.90499999999986,0
100,10,0.3,25.0,0,101234,1705,197,88.44574780058652,1241.85,1853.255,-49.23340177960303,1.0,0.99,1431.165,819.76,611.405,0
100,10,0.3,38.0,0,101234,1716,204,88.11188811188812,1287.1,1954.885,-51.88291508041334,1.0,1.0,1467.7050000000002,799.9199999999998,667.7850000000003,0
100,10,0.3,50.0,0,101234,1687,204,87.90752815649081,1297.65,2029.555,-56.40234269641273,1.0,1.0,1495.215,763.3100000000001,731.9049999999999,0
