policy,nodes,tx_packets,rx_packets,bytes_tx,energy_mj,energy_sense_mj,energy_preprocess_mj,energy_infer_mj,energy_consensus_mj,energy_estimate_mj,energy_prediction_mj,energy_tx_mj,energy_rx_mj,energy_idle_mj,precision,recall,f1,dcr,mean_detection_delay_s,pre_event_local_detections,mean_confirmation_delay_s,mean_alert_delay_s,mean_lead_time_s,mean_origin_error_m,mean_speed_error_m_s,mean_eta_error_s,collisions,channel_losses,suppressed_tx,run,seed
periodic,20,600,598,28800,364.04,31.0,12.4,0.0,0.0,0.0,0.0,210.0,107.64,3.0,1.0,1.0,1.0,1.0,-1.1815,7,,-1.1815,1.1815,,,,3042,80,0,0,21234
periodic,20,600,600,28800,364.4,31.0,12.4,0.0,0.0,0.0,0.0,210.0,108.0,3.0,1.0,1.0,1.0,1.0,0.3768,4,,0.3768,-0.3768,,,,3459,81,0,1,21235
periodic,20,600,595,28800,363.5,31.0,12.4,0.0,0.0,0.0,0.0,210.0,107.1,3.0,1.0,1.0,1.0,1.0,0.3842,2,,0.3842,-0.3842,,,,2380,85,0,2,21236
periodic,20,600,599,28800,364.22,31.0,12.4,0.0,0.0,0.0,0.0,210.0,107.82,3.0,1.0,1.0,1.0,1.0,-1.0276,5,,-1.0276,1.0276,,,,2623,78,0,3,21237
periodic,20,600,600,28800,364.4,31.0,12.4,0.0,0.0,0.0,0.0,210.0,108.0,3.0,1.0,1.0,1.0,1.0,0.4985,3,,0.4985,-0.4985,,,,2427,93,0,4,21238
event_driven,20,342,424,16416,242.42,31.0,12.4,0.0,0.0,0.0,0.0,119.7,76.32,3.0,1.0,1.0,1.0,1.0,-0.7315,5,,-0.7315,0.7315,,,,1672,55,0,0,21234
event_driven,20,348,422,16704,244.16,31.0,12.4,0.0,0.0,0.0,0.0,121.8,75.96,3.0,1.0,1.0,1.0,1.0,-0.0232,5,,-0.0232,0.0232,,,,1935,57,0,1,21235
event_driven,20,351,428,16848,246.29,31.0,12.4,0.0,0.0,0.0,0.0,122.85,77.04,3.0,1.0,1.0,1.0,1.0,-0.9658,5,,-0.9658,0.9658,,,,1339,68,0,2,21236
event_driven,20,344,417,16512,241.86,31.0,12.4,0.0,0.0,0.0,0.0,120.4,75.06,3.0,1.0,1.0,1.0,1.0,0.1224,1,,0.1224,-0.1224,,,,1415,70,0,3,21237
event_driven,20,361,425,17328,249.25,31.0,12.4,0.0,0.0,0.0,0.0,126.35,76.5,3.0,1.0,1.0,1.0,1.0,0.0985,2,,0.0985,-0.0985,,,,1393,74,0,4,21238
central_edge,20,600,0,28800,256.4,31.0,12.4,0.0,0.0,0.0,0.0,210.0,0.0,3.0,1.0,1.0,1.0,0.05,-0.2815,5,,2.9022,-2.9022,,,,294,6,0,0,21234
central_edge,20,600,0,28800,256.4,31.0,12.4,0.0,0.0,0.0,0.0,210.0,0.0,3.0,1.0,1.0,1.0,0.1,0.3768,4,,2.7923,-2.7923,,,,265,5,0,1,21235
central_edge,20,600,0,28800,256.4,31.0,12.4,0.0,0.0,0.0,0.0,210.0,0.0,3.0,1.0,1.0,1.0,0.1,-0.1658,3,,-3.3649,3.3649,,,,292,8,0,2,21236
central_edge,20,600,0,28800,256.4,31.0,12.4,0.0,0.0,0.0,0.0,210.0,0.0,3.0,1.0,1.0,1.0,0.05,-0.3276,2,,5.3256,-5.3256,,,,113,7,0,3,21237
central_edge,20,600,0,28800,256.4,31.0,12.4,0.0,0.0,0.0,0.0,210.0,0.0,3.0,1.0,1.0,1.0,0.05,-0.0515,6,,-1.3003,1.3003,,,,293,7,0,4,21238
distributed_edge,20,342,424,16416,335.42,31.0,12.4,93.0,0.0,0.0,0.0,119.7,76.32,3.0,1.0,1.0,1.0,1.0,-0.7275,5,,-0.7275,0.7275,,,,1672,55,0,0,21234
distributed_edge,20,348,422,16704,337.16,31.0,12.4,93.0,0.0,0.0,0.0,121.8,75.96,3.0,1.0,1.0,1.0,1.0,-0.0192,5,,-0.0192,0.0192,,,,1935,57,0,1,21235
distributed_edge,20,351,428,16848,339.29,31.0,12.4,93.0,0.0,0.0,0.0,122.85,77.04,3.0,1.0,1.0,1.0,1.0,-0.9618,5,,-0.9618,0.9618,,,,1339,68,0,2,21236
distributed_edge,20,344,417,16512,334.86,31.0,12.4,93.0,0.0,0.0,0.0,120.4,75.06,3.0,1.0,1.0,1.0,1.0,0.1264,1,,0.1264,-0.1264,,,,1415,70,0,3,21237
distributed_edge,20,361,425,17328,342.25,31.0,12.4,93.0,0.0,0.0,0.0,126.35,76.5,3.0,1.0,1.0,1.0,1.0,0.1025,2,,0.1025,-0.1025,,,,1393,74,0,4,21238
dstep,20,42,107,2016,270.695,31.0,12.4,93.0,21.0,58.16,18.175,14.7,19.26,3.0,1.0,1.0,1.0,1.0,-0.8275,4,0.7725,0.2237,-0.2237,40.9831,3.8506,1.3778,145,9,107,0,21234
dstep,20,40,79,1920,262.015,31.0,12.4,93.0,21.0,55.92,17.475,14.0,14.22,3.0,1.0,1.0,1.0,0.9,0.1808,4,1.1808,0.9315,-0.9315,41.8814,5.1203,0.7197,177,13,79,1,21235
dstep,20,40,94,1920,266.185,31.0,12.4,93.0,21.0,57.04,17.825,14.0,16.92,3.0,1.0,0.95,0.9744,1.0,-1.0118,6,1.1305,-0.9091,0.9091,35.3486,4.0669,1.1065,86,17,94,2,21236
dstep,20,34,86,1632,261.7,31.0,12.4,93.0,21.0,56.32,17.6,11.9,15.48,3.0,1.0,0.9,0.9474,0.9,0.0264,2,1.6568,0.812,-0.812,36.7038,10.2072,0.975,93,13,86,3,21237
dstep,20,39,90,1872,264.695,31.0,12.4,93.0,21.0,56.72,17.725,13.65,16.2,3.0,1.0,0.95,0.9744,0.95,0.1525,3,1.3984,-0.0196,0.0196,32.0882,4.3983,1.4009,93,18,90,4,21238
periodic,50,1500,1500,72000,911.0,77.5,31.0,0.0,0.0,0.0,0.0,525.0,270.0,7.5,1.0,1.0,1.0,1.0,0.2206,9,,0.2206,-0.2206,,,,19887,213,0,0,51234
periodic,50,1500,1500,72000,911.0,77.5,31.0,0.0,0.0,0.0,0.0,525.0,270.0,7.5,1.0,1.0,1.0,0.98,-0.2885,10,,-0.2885,0.2885,,,,20106,174,0,1,51235
periodic,50,1500,1500,72000,911.0,77.5,31.0,0.0,0.0,0.0,0.0,525.0,270.0,7.5,1.0,1.0,1.0,1.0,-0.7502,17,,-0.7502,0.7502,,,,23026,194,0,2,51236
periodic,50,1500,1500,72000,911.0,77.5,31.0,0.0,0.0,0.0,0.0,525.0,270.0,7.5,1.0,1.0,1.0,0.98,-0.4356,10,,-0.4356,0.4356,,,,20027,193,0,3,51237
periodic,50,1500,1500,72000,911.0,77.5,31.0,0.0,0.0,0.0,0.0,525.0,270.0,7.5,1.0,1.0,1.0,1.0,-0.9926,15,,-0.9926,0.9926,,,,21410,190,0,4,51238
event_driven,50,873,1181,41904,634.13,77.5,31.0,0.0,0.0,0.0,0.0,305.55,212.58,7.5,1.0,1.0,1.0,1.0,-0.5194,15,,-0.5194,0.5194,,,,11209,155,0,0,51234
event_driven,50,829,1197,39792,621.61,77.5,31.0,0.0,0.0,0.0,0.0,290.15,215.46,7.5,1.0,1.0,1.0,1.0,-1.0685,17,,-1.0685,1.0685,,,,10750,148,0,1,51235
event_driven,50,857,1133,41136,619.89,77.5,31.0,0.0,0.0,0.0,0.0,299.95,203.94,7.5,1.0,1.0,1.0,1.0,-0.2302,11,,-0.2302,0.2302,,,,12803,144,0,2,51236
event_driven,50,868,1149,41664,626.62,77.5,31.0,0.0,0.0,0.0,0.0,303.8,206.82,7.5,1.0,1.0,1.0,1.0,-0.3756,13,,-0.3756,0.3756,,,,11559,170,0,3,51237
event_driven,50,845,1138,40560,616.59,77.5,31.0,0.0,0.0,0.0,0.0,295.75,204.84,7.5,1.0,1.0,1.0,1.0,-0.2726,5,,-0.2726,0.2726,,,,11895,133,0,4,51238
central_edge,50,1500,0,72000,641.0,77.5,31.0,0.0,0.0,0.0,0.0,525.0,0.0,7.5,1.0,1.0,1.0,0.04,-0.9394,14,,1.6212,-1.6212,,,,651,9,0,0,51234
central_edge,50,1500,0,72000,641.0,77.5,31.0,0.0,0.0,0.0,0.0,525.0,0.0,7.5,1.0,1.0,1.0,0.04,-0.3085,13,,5.0273,-5.0273,,,,561,9,0,1,51235
central_edge,50,1500,0,72000,641.0,77.5,31.0,0.0,0.0,0.0,0.0,525.0,0.0,7.5,1.0,1.0,1.0,0.02,-0.2302,10,,6.7774,-6.7774,,,,716,4,0,2,51236
central_edge,50,1500,0,72000,641.0,77.5,31.0,0.0,0.0,0.0,0.0,525.0,0.0,7.5,1.0,1.0,1.0,0.04,-0.4756,13,,-4.5,4.5,,,,598,2,0,3,51237
central_edge,50,1500,0,72000,641.0,77.5,31.0,0.0,0.0,0.0,0.0,525.0,0.0,7.5,1.0,1.0,1.0,0.02,-0.5326,12,,2.6886,-2.6886,,,,567,3,0,4,51238
distributed_edge,50,873,1181,41904,866.63,77.5,31.0,232.5,0.0,0.0,0.0,305.55,212.58,7.5,1.0,1.0,1.0,1.0,-0.5154,15,,-0.5154,0.5154,,,,11209,155,0,0,51234
distributed_edge,50,829,1197,39792,854.11,77.5,31.0,232.5,0.0,0.0,0.0,290.15,215.46,7.5,1.0,1.0,1.0,1.0,-1.0645,17,,-1.0645,1.0645,,,,10750,148,0,1,51235
distributed_edge,50,857,1133,41136,852.39,77.5,31.0,232.5,0.0,0.0,0.0,299.95,203.94,7.5,1.0,1.0,1.0,1.0,-0.2262,11,,-0.2262,0.2262,,,,12803,144,0,2,51236
distributed_edge,50,868,1149,41664,859.12,77.5,31.0,232.5,0.0,0.0,0.0,303.8,206.82,7.5,1.0,1.0,1.0,1.0,-0.3716,13,,-0.3716,0.3716,,,,11559,170,0,3,51237
distributed_edge,50,845,1138,40560,849.09,77.5,31.0,232.5,0.0,0.0,0.0,295.75,204.84,7.5,1.0,1.0,1.0,1.0,-0.2686,5,,-0.2686,0.2686,,,,11895,133,0,4,51238
dstep,50,101,391,4848,710.535,77.5,31.0,232.5,52.5,155.28,48.525,35.35,70.38,7.5,1.0,1.0,1.0,1.0,-0.6554,10,0.3846,-0.9735,0.9735,42.6946,4.7773,1.3773,1003,65,391,0,51234
dstep,50,98,347,4704,696.945,77.5,31.0,232.5,52.5,151.76,47.425,34.3,62.46,7.5,1.0,1.0,1.0,1.0,-0.2645,11,0.7555,-0.6022,0.6022,43.5905,5.3191,0.7148,1028,46,347,1,51235
dstep,50,96,375,4608,704.225,77.5,31.0,232.5,52.5,154.0,48.125,33.6,67.5,7.5,1.0,1.0,1.0,1.0,-0.2662,12,0.6138,-1.9031,1.9031,40.3121,6.7868,1.1333,1094,66,375,2,51236
dstep,50,109,422,5232,722.065,77.5,31.0,232.5,52.5,157.68,49.275,38.15,75.96,7.5,1.0,0.98,0.9899,1.0,-0.5716,15,0.8023,-0.4098,0.4098,41.1637,4.9266,1.4393,1082,59,422,3,51237
dstep,50,99,396,4752,711.26,77.5,31.0,232.5,52.5,155.68,48.65,34.65,71.28,7.5,1.0,1.0,1.0,1.0,-0.5686,6,0.5714,-1.1261,1.1261,42.2298,4.8896,1.1499,1098,51,396,4,51238
periodic,100,3000,3000,144000,1822.0,155.0,62.0,0.0,0.0,0.0,0.0,1050.0,540.0,15.0,1.0,1.0,1.0,1.0,0.0107,16,,0.0107,-0.0107,,,,78964,416,0,0,101234
periodic,100,3000,3000,144000,1822.0,155.0,62.0,0.0,0.0,0.0,0.0,1050.0,540.0,15.0,1.0,1.0,1.0,1.0,0.1682,12,,0.1682,-0.1682,,,,93016,464,0,1,101235
periodic,100,3000,3000,144000,1822.0,155.0,62.0,0.0,0.0,0.0,0.0,1050.0,540.0,15.0,1.0,1.0,1.0,0.99,-0.4199,26,,-0.4199,0.4199,,,,87895,485,0,2,101236
periodic,100,3000,3000,144000,1822.0,155.0,62.0,0.0,0.0,0.0,0.0,1050.0,540.0,15.0,1.0,1.0,1.0,1.0,-0.5491,24,,-0.5491,0.5491,,,,89464,416,0,3,101237
periodic,100,3000,3000,144000,1822.0,155.0,62.0,0.0,0.0,0.0,0.0,1050.0,540.0,15.0,1.0,1.0,1.0,1.0,-0.2691,23,,-0.2691,0.2691,,,,85241,379,0,4,101238
event_driven,100,1713,2471,82224,1276.33,155.0,62.0,0.0,0.0,0.0,0.0,599.55,444.78,15.0,1.0,1.0,1.0,1.0,-0.7193,26,,-0.7193,0.7193,,,,44917,347,0,0,101234
event_driven,100,1678,2352,80544,1242.66,155.0,62.0,0.0,0.0,0.0,0.0,587.3,423.36,15.0,1.0,1.0,1.0,1.0,-0.1318,20,,-0.1318,0.1318,,,,50871,336,0,1,101235
event_driven,100,1685,2433,80880,1259.69,155.0,62.0,0.0,0.0,0.0,0.0,589.75,437.94,15.0,1.0,1.0,1.0,1.0,-0.2799,21,,-0.2799,0.2799,,,,48956,369,0,2,101236
event_driven,100,1746,2474,83808,1288.42,155.0,62.0,0.0,0.0,0.0,0.0,611.1,445.32,15.0,1.0,1.0,1.0,1.0,-0.4691,21,,-0.4691,0.4691,,,,52615,340,0,3,101237
event_driven,100,1717,2486,82416,1280.43,155.0,62.0,0.0,0.0,0.0,0.0,600.95,447.48,15.0,1.0,1.0,1.0,0.99,-0.7091,25,,-0.7091,0.7091,,,,48355,390,0,4,101238
central_edge,100,3000,0,144000,1282.0,155.0,62.0,0.0,0.0,0.0,0.0,1050.0,0.0,15.0,1.0,1.0,1.0,0.01,-0.6193,25,,4.3817,-4.3817,,,,890,10,0,0,101234
central_edge,100,3000,0,144000,1282.0,155.0,62.0,0.0,0.0,0.0,0.0,1050.0,0.0,15.0,1.0,1.0,1.0,0.01,-0.7418,27,,3.9007,-3.9007,,,,1225,5,0,1,101235
central_edge,100,3000,0,144000,1282.0,155.0,62.0,0.0,0.0,0.0,0.0,1050.0,0.0,15.0,1.0,1.0,1.0,0.01,-0.5999,31,,-4.7468,4.7468,,,,1290,0,0,2,101236
central_edge,100,3000,0,144000,1282.0,155.0,62.0,0.0,0.0,0.0,0.0,1050.0,0.0,15.0,1.0,1.0,1.0,0.02,-0.5391,24,,0.7505,-0.7505,,,,1401,9,0,3,101237
central_edge,100,3000,0,144000,1282.0,155.0,62.0,0.0,0.0,0.0,0.0,1050.0,0.0,15.0,1.0,1.0,1.0,0.02,-0.6991,25,,5.8762,-5.8762,,,,1224,6,0,4,101238
distributed_edge,100,1713,2471,82224,1741.33,155.0,62.0,465.0,0.0,0.0,0.0,599.55,444.78,15.0,1.0,1.0,1.0,1.0,-0.7153,26,,-0.7153,0.7153,,,,44917,347,0,0,101234
distributed_edge,100,1678,2352,80544,1707.66,155.0,62.0,465.0,0.0,0.0,0.0,587.3,423.36,15.0,1.0,1.0,1.0,1.0,-0.1278,20,,-0.1278,0.1278,,,,50871,336,0,1,101235
distributed_edge,100,1685,2433,80880,1724.69,155.0,62.0,465.0,0.0,0.0,0.0,589.75,437.94,15.0,1.0,1.0,1.0,1.0,-0.2759,21,,-0.2759,0.2759,,,,48956,369,0,2,101236
distributed_edge,100,1746,2474,83808,1753.42,155.0,62.0,465.0,0.0,0.0,0.0,611.1,445.32,15.0,1.0,1.0,1.0,1.0,-0.4651,21,,-0.4651,0.4651,,,,52615,340,0,3,101237
distributed_edge,100,1717,2486,82416,1745.43,155.0,62.0,465.0,0.0,0.0,0.0,600.95,447.48,15.0,1.0,1.0,1.0,0.99,-0.7051,24,,-0.7051,0.7051,,,,48355,390,0,4,101238
dstep,100,205,960,9840,1472.85,155.0,62.0,465.0,105.0,324.8,101.5,71.75,172.8,15.0,1.0,1.0,1.0,1.0,-0.8753,35,0.2847,-1.793,1.793,43.4151,5.8449,1.3122,4542,130,960,0,101234
dstep,100,205,926,9840,1463.16,155.0,62.0,465.0,105.0,322.08,100.65,71.75,166.68,15.0,1.0,1.0,1.0,1.0,-0.0278,15,0.8222,-0.4856,0.4856,45.3703,5.8478,0.9687,5543,131,926,1,101235
dstep,100,200,930,9600,1462.55,155.0,62.0,465.0,105.0,322.4,100.75,70.0,167.4,15.0,1.0,1.0,1.0,1.0,-0.2659,23,0.3141,-3.4727,3.4727,41.3653,7.5905,0.8373,5013,138,930,2,101236
dstep,100,200,876,9600,1447.16,155.0,62.0,465.0,105.0,318.08,99.4,70.0,157.68,15.0,1.0,1.0,1.0,1.0,-0.4951,23,0.6449,-1.3126,1.3126,39.5717,4.5848,0.7811,5126,108,876,3,101237
dstep,100,201,1014,9648,1486.84,155.0,62.0,465.0,105.0,329.12,102.85,70.35,182.52,15.0,1.0,1.0,1.0,1.0,-0.6251,27,0.4749,-1.1329,1.1329,40.6199,4.9435,1.0999,4758,130,1014,4,101238
