policy,nodes,tx_packets,rx_packets,bytes_tx,link_delivery_attempts,link_delivery_successes,link_delivery_failures,link_pdr,collision_loss_rate,channel_loss_rate,sensitivity_loss_rate,out_of_range_loss_rate,energy_mj,energy_payoff_mj,payoff_decisions,payoff_compute_accepted,payoff_compute_rejected,payoff_transmit_accepted,payoff_transmit_rejected,payoff_optional_compute_skipped,payoff_estimated_tx_energy_saved_mj,payoff_reliability_overrides,energy_per_node_mean_mj,energy_per_node_std_mj,energy_cv,energy_jain_fairness,battery_residual_jain_fairness,energy_sense_mj,energy_preprocess_mj,energy_infer_mj,energy_consensus_mj,energy_estimate_mj,energy_prediction_mj,energy_tx_mj,energy_rx_mj,energy_idle_mj,battery_mode,battery_capacity_mah,battery_voltage_v,battery_initial_energy_mj_per_node,battery_alive_nodes,battery_dead_nodes,battery_mean_remaining_pct,battery_fnd_time_s,battery_hnd_time_s,battery_lnd_time_s,battery_mean_estimated_lifetime_s,battery_min_estimated_lifetime_s,battery_max_estimated_lifetime_s,precision,recall,f1,confirmation_precision,confirmation_recall,confirmation_f1,awareness_recall,false_confirmation_rate,false_awareness_rate,network_false_alarm,event_level_confirmed,event_level_alerted,dcr,mean_detection_delay_s,pre_event_local_detections,mean_confirmation_delay_s,mean_alert_delay_s,mean_lead_time_s,mean_origin_error_m,mean_speed_error_m_s,mean_eta_error_s,collisions,channel_losses,below_sensitivity,suppressed_tx,mac_mode,mac_cca_busy,mac_backoff_events,mac_access_drops,mac_queue_enabled,mac_queue_capacity,mac_queue_enqueued,mac_queue_drops,mac_max_queue_depth,mean_mac_queue_delay_s,max_mac_queue_delay_s,mean_mac_service_time_s,max_mac_service_time_s,mac_reliability_enabled,mac_max_retries,mac_retry_tx_frames,mac_retries_scheduled,mac_retry_exhausted,mac_ack_timeouts,mac_ack_tx_frames,mac_ack_rx_frames,mac_ack_losses,mac_ack_collisions,mac_ack_channel_losses,mac_ack_below_sensitivity,mac_duplicate_data_rx,mac_retry_tx_energy_mj,mac_ack_energy_mj,mac_unicast_frames_started,mac_unicast_frames_success,mac_unicast_frames_failed,mac_unicast_queue_drops,mac_unicast_delivery_ratio,mac_unicast_confirmed_delivery_ratio,mac_unicast_data_frames_received,mac_unicast_data_delivery_ratio,mac_reliable_frames_started,mac_reliable_frames_success,mac_reliable_frames_failed,mac_reliable_queue_drops,mac_reliable_delivery_ratio,mac_reliable_data_frames_received,mac_reliable_data_delivery_ratio,mac_pending_requests,physical_link_pdr_per_attempt,physical_tx_frames,interfered_receptions,mean_sinr_db,min_sinr_db,radio_control_mode,mean_tx_power_dbm,min_tx_power_dbm,max_tx_power_dbm,mean_power_history_dbm,power_changes,power_increases,power_decreases,mean_feedback_rssi_dbm,mean_feedback_success_rate,radio_backoff_actions,radio_wait_actions,radio_congestion_events,radio_coverage_events,radio_channel_loss_events,communication_architecture,routing_packets,routing_sink_data_arrivals,routing_delivered,routing_no_route,routing_hops_attempted,routing_hops_successful,routing_hops_failed,mean_route_hops_delivered,event_model,run,seed
periodic,20,600,1157,28800,11400,1157,10243,0.1015,0.5522,0.3463,0.0,0.0,2697.152,0.0,0,0,0,0,0,0,0.0,0,134.8576,0.0,0.0,1.0,,31.0,12.4,0.0,0.0,0.0,0.0,598.752,2052.0,3.0,ideal,,,,20,0,,,,,,,,1.0,1.0,1.0,1.0,1.0,1.0,1.0,0.0,0.0,0,1,1,1.0,-0.5307,5,,-0.5307,0.5307,,,,6295,3948,0,0,csma_ca_lite,44,44,0,True,16,600,0,0,0.0,0.0,0.020443,0.084198,True,3,0,0,0,0,0,0,0,0,0,0,0,0.0,0.0,0,0,0,0,,,0,,0,0,0,0,,0,,0,0.1015,600,6555,-9.5061,-55.9108,channel_aware_adaptive,20.0,20.0,20.0,20.0,0,0,0,-90.1878,0.25,341,325,341,234,0,distributed,0,0,0,0,0,0,0,,deterministic,14,6020014
event_driven,20,341,657,16368,6479,657,5822,0.1014,0.5695,0.3291,0.0,0.0,1552.9107,0.0,0,0,0,0,0,0,0.0,0,77.6455,2.0444,0.0263,0.9993,,31.0,12.4,0.0,0.0,0.0,0.0,340.2907,1166.22,3.0,ideal,,,,20,0,,,,,,,,1.0,1.0,1.0,1.0,1.0,1.0,1.0,0.0,0.0,0,1,1,1.0,-0.5307,5,,-0.5307,0.5307,,,,3690,2132,0,0,csma_ca_lite,15,15,0,True,16,341,0,0,0.0,0.0,0.015431,0.081659,True,3,0,0,0,0,0,0,0,0,0,0,0,0.0,0.0,0,0,0,0,,,0,,0,0,0,0,,0,,0,0.1014,341,3857,-8.489,-55.7101,channel_aware_adaptive,20.0,20.0,20.0,20.0,0,0,0,-89.0977,0.3875,197,186,197,132,0,distributed,0,0,0,0,0,0,0,,deterministic,14,6020014
send_on_delta,20,166,370,7968,3154,370,2784,0.1173,0.5377,0.345,0.0,0.0,779.7747,0.0,0,0,0,0,0,0,0.0,0,38.9887,1.4424,0.037,0.9986,,31.0,12.4,0.0,0.0,0.0,0.0,165.6547,567.72,3.0,ideal,,,,20,0,,,,,,,,1.0,1.0,1.0,1.0,1.0,1.0,1.0,0.0,0.0,0,1,1,1.0,-0.5307,5,,-0.5307,0.5307,,,,1696,1088,0,0,csma_ca_lite,10,10,0,True,16,166,0,0,0.0,0.0,0.009868,0.075663,True,3,0,0,0,0,0,0,0,0,0,0,0,0.0,0.0,0,0,0,0,,,0,,0,0,0,0,,0,,0,0.1173,166,1805,-5.1294,-54.4285,channel_aware_adaptive,20.0,20.0,20.0,20.0,0,0,0,-89.0373,0.4625,93,86,93,62,0,distributed,0,0,0,0,0,0,0,,deterministic,14,6020014
teen_like,20,194,425,9312,3686,425,3261,0.1153,0.5591,0.3256,0.0,0.0,903.4765,0.0,0,0,0,0,0,0,0.0,0,45.1738,1.8308,0.0405,0.9984,,31.0,12.4,0.0,0.0,0.0,0.0,193.5965,663.48,3.0,ideal,,,,20,0,,,,,,,,1.0,1.0,1.0,1.0,1.0,1.0,1.0,0.0,0.0,0,1,1,1.0,-0.5307,5,,-0.5307,0.5307,,,,2061,1200,0,0,csma_ca_lite,11,11,0,True,16,194,0,0,0.0,0.0,0.010976,0.067452,True,3,0,0,0,0,0,0,0,0,0,0,0,0.0,0.0,0,0,0,0,,,0,,0,0,0,0,,0,,0,0.1153,194,2204,-5.44,-55.7579,channel_aware_adaptive,20.0,20.0,20.0,20.0,0,0,0,-89.7206,0.4375,111,103,111,69,0,distributed,0,0,0,0,0,0,0,,deterministic,14,6020014
distributed_edge,20,341,657,16368,6479,657,5822,0.1014,0.5695,0.3291,0.0,0.0,1645.9107,0.0,0,0,0,0,0,0,0.0,0,82.2955,2.0444,0.0248,0.9994,,31.0,12.4,93.0,0.0,0.0,0.0,340.2907,1166.22,3.0,ideal,,,,20,0,,,,,,,,1.0,1.0,1.0,1.0,1.0,1.0,1.0,0.0,0.0,0,1,1,1.0,-0.5267,5,,-0.5267,0.5267,,,,3690,2132,0,0,csma_ca_lite,15,15,0,True,16,341,0,0,0.0,0.0,0.015431,0.081659,True,3,0,0,0,0,0,0,0,0,0,0,0,0.0,0.0,0,0,0,0,,,0,,0,0,0,0,,0,,0,0.1014,341,3857,-8.489,-55.7101,channel_aware_adaptive,20.0,20.0,20.0,20.0,0,0,0,-89.0977,0.3875,197,186,197,132,0,distributed,0,0,0,0,0,0,0,,deterministic,14,6020014
voi_baseline,20,125,291,6000,2375,291,2084,0.1225,0.5394,0.3381,0.0,0.0,691.64,0.0,0,0,0,0,0,0,0.0,0,34.582,2.0993,0.0607,0.9963,,31.0,12.4,93.0,0.0,0.0,0.0,124.74,427.5,3.0,ideal,,,,20,0,,,,,,,,1.0,1.0,1.0,1.0,1.0,1.0,1.0,0.0,0.0,0,1,1,1.0,-0.5267,5,,-0.5267,0.5267,,,,1281,803,0,0,csma_ca_lite,7,7,0,True,16,125,0,0,0.0,0.0,0.008411,0.037002,True,3,0,0,0,0,0,0,0,0,0,0,0,0.0,0.0,0,0,0,0,,,0,,0,0,0,0,,0,,0,0.1225,125,1387,-3.9104,-53.4041,channel_aware_adaptive,20.0,20.0,20.0,20.0,0,0,0,-89.5979,0.475,68,60,68,49,0,distributed,0,0,0,0,0,0,0,,deterministic,14,6020014
dstep,20,37,78,1776,703,78,625,0.111,0.5334,0.3556,0.0,0.0,396.418,0.0,0,0,0,0,0,0,0.0,0,19.8209,0.6971,0.0352,0.9988,,31.0,12.4,93.0,21.0,55.28,17.275,36.923,126.54,3.0,ideal,,,,20,0,,,,,,,,1.0,0.65,0.7879,1.0,0.65,0.7879,0.75,0.0,0.0,0,1,1,0.7,-0.5267,5,2.2027,1.2085,-1.2085,33.3744,12.8315,1.2767,375,250,0,78,csma_ca_lite,0,0,0,True,16,37,0,1,0.000118,0.000728,0.005193,0.016196,True,3,0,0,0,0,0,0,0,0,0,0,0,0.0,0.0,0,0,0,0,,,0,,0,0,0,0,,0,,0,0.111,37,399,-4.5683,-52.9385,channel_aware_adaptive,20.0,20.0,20.0,20.0,0,0,0,-89.7907,0.45,21,20,21,14,0,distributed,0,0,0,0,0,0,0,,deterministic,14,6020014
dstep_payoff,20,41,102,1968,779,102,677,0.1309,0.448,0.4211,0.0,0.0,358.0997,8.48,848,77,625,118,28,625,27.9418,29,17.905,0.4246,0.0237,0.9994,,31.0,12.4,93.0,21.0,6.16,1.925,40.9147,140.22,3.0,ideal,,,,20,0,,,,,,,,1.0,1.0,1.0,1.0,1.0,1.0,1.0,0.0,0.0,0,1,1,1.0,-0.5265,5,1.1235,-0.6647,0.6647,33.5518,8.9869,1.3586,349,328,0,105,csma_ca_lite,3,3,0,True,16,41,0,1,0.000309,0.002648,0.005771,0.016196,True,3,0,0,0,0,0,0,0,0,0,0,0,0.0,0.0,0,0,0,0,,,0,,0,0,0,0,,0,,0,0.1309,41,380,-2.5249,-49.5313,channel_aware_adaptive,20.0,20.0,20.0,20.0,0,0,0,-90.0653,0.525,20,15,20,20,0,distributed,0,0,0,0,0,0,0,,deterministic,14,6020014
periodic,20,600,1270,28800,11400,1270,10130,0.1114,0.5703,0.3183,0.0,0.0,2697.152,0.0,0,0,0,0,0,0,0.0,0,134.8576,0.0,0.0,1.0,,31.0,12.4,0.0,0.0,0.0,0.0,598.752,2052.0,3.0,ideal,,,,20,0,,,,,,,,1.0,1.0,1.0,1.0,1.0,1.0,1.0,0.0,0.0,0,1,1,1.0,-0.2067,3,,-0.2067,0.2067,,,,6501,3629,0,0,csma_ca_lite,27,27,0,True,16,600,0,0,0.0,0.0,0.020569,0.083839,True,3,0,0,0,0,0,0,0,0,0,0,0,0.0,0.0,0,0,0,0,,,0,,0,0,0,0,,0,,0,0.1114,600,6764,-9.8997,-56.6572,channel_aware_adaptive,20.0,20.0,20.0,20.0,0,0,0,-89.2955,0.2625,348,322,348,221,0,distributed,0,0,0,0,0,0,0,,deterministic,15,6020015
event_driven,20,339,718,16272,6441,718,5723,0.1115,0.5654,0.3231,0.0,0.0,1544.0749,0.0,0,0,0,0,0,0,0.0,0,77.2037,1.9947,0.0258,0.9993,,31.0,12.4,0.0,0.0,0.0,0.0,338.2949,1159.38,3.0,ideal,,,,20,0,,,,,,,,1.0,1.0,1.0,1.0,1.0,1.0,1.0,0.0,0.0,0,1,1,1.0,-0.2067,3,,-0.2067,0.2067,,,,3642,2081,0,0,csma_ca_lite,13,13,0,True,16,339,0,0,0.0,0.0,0.016752,0.083052,True,3,0,0,0,0,0,0,0,0,0,0,0,0.0,0.0,0,0,0,0,,,0,,0,0,0,0,,0,,0,0.1115,339,3800,-8.2332,-54.6578,channel_aware_adaptive,20.0,20.0,20.0,20.0,0,0,0,-89.0644,0.4375,197,189,197,128,0,distributed,0,0,0,0,0,0,0,,deterministic,15,6020015
send_on_delta,20,161,375,7728,3059,375,2684,0.1226,0.5515,0.3259,0.0,0.0,757.6851,0.0,0,0,0,0,0,0,0.0,0,37.8843,1.4042,0.0371,0.9986,,31.0,12.4,0.0,0.0,0.0,0.0,160.6651,550.62,3.0,ideal,,,,20,0,,,,,,,,1.0,1.0,1.0,1.0,1.0,1.0,1.0,0.0,0.0,0,1,1,1.0,-0.2067,3,,-0.2067,0.2067,,,,1687,997,0,0,csma_ca_lite,4,4,0,True,16,161,0,0,0.0,0.0,0.009977,0.046205,True,3,0,0,0,0,0,0,0,0,0,0,0,0.0,0.0,0,0,0,0,,,0,,0,0,0,0,,0,,0,0.1226,161,1805,-4.8069,-52.185,channel_aware_adaptive,20.0,20.0,20.0,20.0,0,0,0,-88.8934,0.4875,93,83,93,63,0,distributed,0,0,0,0,0,0,0,,deterministic,15,6020015
teen_like,20,178,392,8544,3382,392,2990,0.1159,0.5642,0.3199,0.0,0.0,832.7898,0.0,0,0,0,0,0,0,0.0,0,41.6395,1.5497,0.0372,0.9986,,31.0,12.4,0.0,0.0,0.0,0.0,177.6298,608.76,3.0,ideal,,,,20,0,,,,,,,,1.0,1.0,1.0,1.0,1.0,1.0,1.0,0.0,0.0,0,1,1,1.0,-0.2067,3,,-0.2067,0.2067,,,,1908,1082,0,0,csma_ca_lite,2,2,0,True,16,178,0,0,0.0,0.0,0.010065,0.043405,True,3,0,0,0,0,0,0,0,0,0,0,0,0.0,0.0,0,0,0,0,,,0,,0,0,0,0,,0,,0,0.1159,178,1995,-5.5677,-53.599,channel_aware_adaptive,20.0,20.0,20.0,20.0,0,0,0,-89.024,0.425,105,101,105,66,0,distributed,0,0,0,0,0,0,0,,deterministic,15,6020015
distributed_edge,20,339,718,16272,6441,718,5723,0.1115,0.5654,0.3231,0.0,0.0,1637.0749,0.0,0,0,0,0,0,0,0.0,0,81.8537,1.9947,0.0244,0.9994,,31.0,12.4,93.0,0.0,0.0,0.0,338.2949,1159.38,3.0,ideal,,,,20,0,,,,,,,,1.0,1.0,1.0,1.0,1.0,1.0,1.0,0.0,0.0,0,1,1,1.0,-0.2027,3,,-0.2027,0.2027,,,,3642,2081,0,0,csma_ca_lite,13,13,0,True,16,339,0,0,0.0,0.0,0.016752,0.083052,True,3,0,0,0,0,0,0,0,0,0,0,0,0.0,0.0,0,0,0,0,,,0,,0,0,0,0,,0,,0,0.1115,339,3800,-8.2332,-54.6578,channel_aware_adaptive,20.0,20.0,20.0,20.0,0,0,0,-89.0644,0.4375,197,189,197,128,0,distributed,0,0,0,0,0,0,0,,deterministic,15,6020015
voi_baseline,20,120,263,5760,2280,263,2017,0.1154,0.5811,0.3035,0.0,0.0,669.5504,0.0,0,0,0,0,0,0,0.0,0,33.4775,1.9182,0.0573,0.9967,,31.0,12.4,93.0,0.0,0.0,0.0,119.7504,410.4,3.0,ideal,,,,20,0,,,,,,,,1.0,1.0,1.0,1.0,1.0,1.0,1.0,0.0,0.0,0,1,1,1.0,-0.2027,3,,-0.2027,0.2027,,,,1325,692,0,0,csma_ca_lite,0,0,0,True,16,120,0,0,0.0,0.0,0.00861,0.04777,True,3,0,0,0,0,0,0,0,0,0,0,0,0.0,0.0,0,0,0,0,,,0,,0,0,0,0,,0,,0,0.1154,120,1406,-4.6559,-49.326,channel_aware_adaptive,20.0,20.0,20.0,20.0,0,0,0,-89.2756,0.4125,72,68,72,44,0,distributed,0,0,0,0,0,0,0,,deterministic,15,6020015
dstep,20,41,99,1968,779,99,680,0.1271,0.5854,0.2875,0.0,0.0,417.0297,0.0,0,0,0,0,0,0,0.0,0,20.8515,0.3715,0.0178,0.9997,,31.0,12.4,93.0,21.0,57.52,17.975,40.9147,140.22,3.0,ideal,,,,20,0,,,,,,,,1.0,1.0,1.0,1.0,1.0,1.0,1.0,0.0,0.0,0,1,1,0.7,-0.2027,3,3.1973,1.7586,-1.7586,41.865,8.2973,1.0007,456,224,0,99,csma_ca_lite,1,1,0,True,16,41,0,1,0.000124,0.000728,0.005356,0.016857,True,3,0,0,0,0,0,0,0,0,0,0,0,0.0,0.0,0,0,0,0,,,0,,0,0,0,0,,0,,0,0.1271,41,494,-4.0079,-52.1998,channel_aware_adaptive,20.0,20.0,20.0,20.0,0,0,0,-88.8416,0.575,24,23,24,15,0,distributed,0,0,0,0,0,0,0,,deterministic,15,6020015
dstep_payoff,20,44,116,2112,836,116,720,0.1388,0.512,0.3493,0.0,0.0,372.2735,8.77,877,83,633,114,47,633,46.9022,48,18.6137,0.5028,0.027,0.9993,,31.0,12.4,93.0,21.0,6.64,2.075,43.9085,150.48,3.0,ideal,,,,20,0,,,,,,,,1.0,1.0,1.0,1.0,1.0,1.0,1.0,0.0,0.0,0,1,1,0.95,-0.2025,3,1.2975,-0.3854,0.3854,41.1687,5.3997,1.1326,428,292,0,117,csma_ca_lite,1,1,0,True,16,44,0,1,0.000923,0.016857,0.005933,0.018537,True,3,0,0,0,0,0,0,0,0,0,0,0,0.0,0.0,0,0,0,0,,,0,,0,0,0,0,,0,,0,0.1388,44,475,-2.1585,-48.6658,channel_aware_adaptive,20.0,20.0,20.0,20.0,0,0,0,-88.9037,0.575,23,20,23,19,0,distributed,0,0,0,0,0,0,0,,deterministic,15,6020015
periodic,50,1500,7156,72000,73500,7156,66344,0.0974,0.6444,0.2583,0.0,0.0,14795.4788,0.0,0,0,0,0,0,0,0.0,0,295.9096,2.1861,0.0074,0.9999,,77.5,31.0,0.0,0.0,0.0,0.0,1449.4788,13230.0,7.5,ideal,,,,50,0,,,,,,,,1.0,1.0,1.0,1.0,1.0,1.0,1.0,0.0,0.0,0,1,1,1.0,-0.8496,13,,-0.8496,0.8496,,,,47360,18984,0,0,csma_ca_lite,276,276,0,True,16,1500,0,0,0.0,0.0,0.02242,0.084202,True,3,0,0,0,0,0,0,0,0,0,0,0,0.0,0.0,0,0,0,0,,,0,,0,0,0,0,,0,,0,0.0974,1500,50029,-10.1151,-66.9051,channel_aware_adaptive,19.2,10.0,20.0,16.4375,110,53,57,-83.7567,0.67,895,703,895,290,0,distributed,0,0,0,0,0,0,0,,deterministic,14,6050014
event_driven,50,869,4096,41712,42581,4096,38485,0.0962,0.6666,0.2372,0.0,0.0,8618.2507,0.0,0,0,0,0,0,0,0.0,0,172.365,2.9307,0.017,0.9997,,77.5,31.0,0.0,0.0,0.0,0.0,837.6707,7664.58,7.5,ideal,,,,50,0,,,,,,,,1.0,1.0,1.0,1.0,1.0,1.0,1.0,0.0,0.0,0,1,1,1.0,-0.8496,13,,-0.8496,0.8496,,,,28383,10102,0,0,csma_ca_lite,125,125,0,True,16,869,0,0,0.0,0.0,0.019237,0.083932,True,3,0,0,0,0,0,0,0,0,0,0,0,0.0,0.0,0,0,0,0,,,0,,0,0,0,0,,0,,0,0.0962,869,29988,-9.2604,-62.3832,channel_aware_adaptive,19.4,10.0,20.0,17.3267,51,24,27,-83.876,0.535,528,434,527,148,1,distributed,0,0,0,0,0,0,0,,deterministic,14,6050014
send_on_delta,50,392,1964,18816,19208,1964,17244,0.1022,0.6492,0.2485,0.0,0.0,3953.398,0.0,0,0,0,0,0,0,0.0,0,79.068,1.527,0.0193,0.9996,,77.5,31.0,0.0,0.0,0.0,0.0,379.958,3457.44,7.5,ideal,,,,50,0,,,,,,,,1.0,1.0,1.0,1.0,1.0,1.0,1.0,0.0,0.0,0,1,1,1.0,-0.8496,13,,-0.8496,0.8496,,,,12470,4774,0,0,csma_ca_lite,43,43,0,True,16,392,0,0,0.0,0.0,0.010581,0.070539,True,3,0,0,0,0,0,0,0,0,0,0,0,0.0,0.0,0,0,0,0,,,0,,0,0,0,0,,0,,0,0.1022,392,13181,-7.0927,-61.8962,channel_aware_adaptive,19.4,10.0,20.0,18.4058,19,8,11,-83.3411,0.59,236,194,236,66,0,distributed,0,0,0,0,0,0,0,,deterministic,14,6050014
teen_like,50,465,2466,22320,22785,2466,20319,0.1082,0.6221,0.2697,0.0,0.0,4669.6904,0.0,0,0,0,0,0,0,0.0,0,93.3938,1.7946,0.0192,0.9996,,77.5,31.0,0.0,0.0,0.0,0.0,452.3904,4101.3,7.5,ideal,,,,50,0,,,,,,,,1.0,1.0,1.0,1.0,1.0,1.0,1.0,0.0,0.0,0,1,1,1.0,-0.8496,13,,-0.8496,0.8496,,,,14174,6145,0,0,csma_ca_lite,52,52,0,True,16,465,0,0,0.0,0.0,0.012081,0.078518,True,3,0,0,0,0,0,0,0,0,0,0,0,0.0,0.0,0,0,0,0,,,0,,0,0,0,0,,0,,0,0.1082,465,15043,-7.4577,-61.6932,channel_aware_adaptive,19.4,10.0,20.0,18.2192,23,10,13,-83.9543,0.57,270,213,270,88,0,distributed,0,0,0,0,0,0,0,,deterministic,14,6050014
distributed_edge,50,869,4096,41712,42581,4096,38485,0.0962,0.6666,0.2372,0.0,0.0,8850.7507,0.0,0,0,0,0,0,0,0.0,0,177.015,2.9307,0.0166,0.9997,,77.5,31.0,232.5,0.0,0.0,0.0,837.6707,7664.58,7.5,ideal,,,,50,0,,,,,,,,1.0,1.0,1.0,1.0,1.0,1.0,1.0,0.0,0.0,0,1,1,1.0,-0.8456,13,,-0.8456,0.8456,,,,28383,10102,0,0,csma_ca_lite,125,125,0,True,16,869,0,0,0.0,0.0,0.019237,0.083932,True,3,0,0,0,0,0,0,0,0,0,0,0,0.0,0.0,0,0,0,0,,,0,,0,0,0,0,,0,,0,0.0962,869,29988,-9.2604,-62.3832,channel_aware_adaptive,19.4,10.0,20.0,17.3267,51,24,27,-83.876,0.535,528,434,527,148,1,distributed,0,0,0,0,0,0,0,,deterministic,14,6050014
voi_baseline,50,302,1588,14496,14798,1588,13210,0.1073,0.6507,0.242,0.0,0.0,3304.3642,0.0,0,0,0,0,0,0,0.0,0,66.0873,2.0201,0.0306,0.9991,,77.5,31.0,232.5,0.0,0.0,0.0,292.2242,2663.64,7.5,ideal,,,,50,0,,,,,,,,1.0,1.0,1.0,1.0,1.0,1.0,1.0,0.0,0.0,0,1,1,1.0,-0.8456,13,,-0.8456,0.8456,,,,9629,3581,0,0,csma_ca_lite,29,29,0,True,16,302,0,0,0.0,0.0,0.009368,0.068429,True,3,0,0,0,0,0,0,0,0,0,0,0,0.0,0.0,0,0,0,0,,,0,,0,0,0,0,,0,,0,0.1073,302,10290,-6.8982,-66.1871,channel_aware_adaptive,19.2,10.0,20.0,18.3824,18,7,11,-83.8035,0.55,180,135,180,42,0,distributed,0,0,0,0,0,0,0,,deterministic,14,6050014
dstep,50,103,537,4944,5047,537,4510,0.1064,0.6582,0.2354,0.0,0.0,1629.3018,0.0,0,0,0,0,0,0,0.0,0,32.586,0.5829,0.0179,0.9997,,77.5,31.0,232.5,52.5,166.96,52.175,100.7068,908.46,7.5,ideal,,,,50,0,,,,,,,,1.0,1.0,1.0,1.0,1.0,1.0,1.0,0.0,0.0,0,1,1,1.0,-0.8456,13,1.1344,-0.8093,0.8093,37.8969,8.4311,1.2977,3322,1188,0,537,csma_ca_lite,21,21,0,True,16,103,0,1,0.000658,0.01708,0.006144,0.026115,True,3,0,0,0,0,0,0,0,0,0,0,0,0.0,0.0,0,0,0,0,,,0,,0,0,0,0,,0,,0,0.1064,103,3577,-4.7524,-57.1117,channel_aware_adaptive,18.8,10.0,20.0,18.7931,8,1,7,-84.0902,0.67,61,39,61,16,0,distributed,0,0,0,0,0,0,0,,deterministic,14,6050014
dstep_payoff,50,110,538,5280,5390,538,4852,0.0998,0.6709,0.2293,0.0,0.0,1546.8256,26.87,2687,399,1639,485,164,1639,162.4115,150,30.9365,0.4903,0.0158,0.9997,,77.5,31.0,232.5,52.5,31.92,9.975,106.8606,970.2,7.5,ideal,,,,50,0,,,,,,,,1.0,1.0,1.0,1.0,1.0,1.0,1.0,0.0,0.0,0,1,1,1.0,-0.8454,13,1.2746,-0.8906,0.8906,36.9168,6.8549,1.231,3616,1236,0,539,csma_ca_lite,21,21,0,True,16,110,0,1,0.000376,0.01708,0.005915,0.029458,True,3,0,0,0,0,0,0,0,0,0,0,0,0.0,0.0,0,0,0,0,,,0,,0,0,0,0,,0,,0,0.0998,110,3871,-5.1217,-58.7738,channel_aware_adaptive,18.6,10.0,20.0,18.5246,11,2,9,-83.7664,0.68,62,50,62,20,0,distributed,0,0,0,0,0,0,0,,deterministic,14,6050014
periodic,50,1500,6706,72000,73500,6706,66794,0.0912,0.6554,0.2533,0.0,0.0,14739.7616,0.0,0,0,0,0,0,0,0.0,0,294.7952,3.5154,0.0119,0.9999,,77.5,31.0,0.0,0.0,0.0,0.0,1393.7616,13230.0,7.5,ideal,,,,50,0,,,,,,,,1.0,1.0,1.0,1.0,1.0,1.0,1.0,0.0,0.0,0,1,1,1.0,0.2605,10,,0.2605,-0.2605,,,,48173,18621,0,0,csma_ca_lite,343,343,0,True,16,1500,0,0,0.0,0.0,0.021386,0.084204,True,3,0,0,0,0,0,0,0,0,0,0,0,0.0,0.0,0,0,0,0,,,0,,0,0,0,0,,0,,0,0.0912,1500,51107,-10.9356,-68.0656,channel_aware_adaptive,17.8,10.0,20.0,16.0317,139,64,75,-83.6282,0.53,861,731,860,254,1,distributed,0,0,0,0,0,0,0,,deterministic,15,6050015
event_driven,50,887,4082,42576,43463,4082,39381,0.0939,0.6516,0.2545,0.0,0.0,8768.362,0.0,0,0,0,0,0,0,0.0,0,175.3672,3.3303,0.019,0.9996,,77.5,31.0,0.0,0.0,0.0,0.0,829.022,7823.34,7.5,ideal,,,,50,0,,,,,,,,1.0,1.0,1.0,1.0,1.0,1.0,1.0,0.0,0.0,0,1,1,1.0,0.2605,10,,0.2605,-0.2605,,,,28320,11061,0,0,csma_ca_lite,176,176,0,True,16,887,0,0,0.0,0.0,0.018099,0.083775,True,3,0,0,0,0,0,0,0,0,0,0,0,0.0,0.0,0,0,0,0,,,0,,0,0,0,0,,0,,0,0.0939,887,29988,-9.8284,-64.5897,channel_aware_adaptive,18.4,10.0,20.0,16.5909,82,37,45,-84.0323,0.6,521,436,521,145,0,distributed,0,0,0,0,0,0,0,,deterministic,15,6050015
send_on_delta,50,377,1964,18096,18473,1964,16509,0.1063,0.6166,0.2771,0.0,0.0,3798.229,0.0,0,0,0,0,0,0,0.0,0,75.9646,2.175,0.0286,0.9992,,77.5,31.0,0.0,0.0,0.0,0.0,357.089,3325.14,7.5,ideal,,,,50,0,,,,,,,,1.0,1.0,1.0,1.0,1.0,1.0,1.0,0.0,0.0,0,1,1,1.0,0.2605,10,,0.2605,-0.2605,,,,11391,5118,0,0,csma_ca_lite,58,58,0,True,16,377,0,0,0.0,0.0,0.010394,0.077126,True,3,0,0,0,0,0,0,0,0,0,0,0,0.0,0.0,0,0,0,0,,,0,,0,0,0,0,,0,,0,0.1063,377,12103,-7.6193,-65.9798,channel_aware_adaptive,18.4,10.0,20.0,17.3864,38,15,23,-83.6457,0.64,212,172,211,60,1,distributed,0,0,0,0,0,0,0,,deterministic,15,6050015
teen_like,50,442,2163,21216,21658,2163,19495,0.0999,0.631,0.2691,0.0,0.0,4432.2358,0.0,0,0,0,0,0,0,0.0,0,88.6447,2.0788,0.0235,0.9995,,77.5,31.0,0.0,0.0,0.0,0.0,417.7958,3898.44,7.5,ideal,,,,50,0,,,,,,,,1.0,1.0,1.0,1.0,1.0,1.0,1.0,0.0,0.0,0,1,1,1.0,0.2605,10,,0.2605,-0.2605,,,,13666,5829,0,0,csma_ca_lite,65,65,0,True,16,442,0,0,0.0,0.0,0.01252,0.079895,True,3,0,0,0,0,0,0,0,0,0,0,0,0.0,0.0,0,0,0,0,,,0,,0,0,0,0,,0,,0,0.0999,442,14504,-7.833,-67.2432,channel_aware_adaptive,18.6,10.0,20.0,17.3626,41,17,24,-83.3801,0.6,259,210,259,64,0,distributed,0,0,0,0,0,0,0,,deterministic,15,6050015
distributed_edge,50,887,4082,42576,43463,4082,39381,0.0939,0.6516,0.2545,0.0,0.0,9000.862,0.0,0,0,0,0,0,0,0.0,0,180.0172,3.3303,0.0185,0.9997,,77.5,31.0,232.5,0.0,0.0,0.0,829.022,7823.34,7.5,ideal,,,,50,0,,,,,,,,1.0,1.0,1.0,1.0,1.0,1.0,1.0,0.0,0.0,0,1,1,1.0,0.2645,9,,0.2645,-0.2645,,,,28320,11061,0,0,csma_ca_lite,176,176,0,True,16,887,0,0,0.0,0.0,0.018099,0.083775,True,3,0,0,0,0,0,0,0,0,0,0,0,0.0,0.0,0,0,0,0,,,0,,0,0,0,0,,0,,0,0.0939,887,29988,-9.8284,-64.5897,channel_aware_adaptive,18.4,10.0,20.0,16.5909,82,37,45,-84.0323,0.6,521,436,521,145,0,distributed,0,0,0,0,0,0,0,,deterministic,15,6050015
voi_baseline,50,277,1386,13296,13573,1386,12187,0.1021,0.6394,0.2585,0.0,0.0,3055.5898,0.0,0,0,0,0,0,0,0.0,0,61.1118,2.2839,0.0374,0.9986,,77.5,31.0,232.5,0.0,0.0,0.0,263.9498,2443.14,7.5,ideal,,,,50,0,,,,,,,,1.0,1.0,1.0,1.0,1.0,1.0,1.0,0.0,0.0,0,1,1,1.0,0.2645,9,,0.2645,-0.2645,,,,8678,3509,0,0,csma_ca_lite,31,31,0,True,16,277,0,0,0.0,0.0,0.009413,0.048338,True,3,0,0,0,0,0,0,0,0,0,0,0,0.0,0.0,0,0,0,0,,,0,,0,0,0,0,,0,,0,0.1021,277,9261,-7.1816,-61.6253,channel_aware_adaptive,18.2,10.0,20.0,17.6623,27,9,18,-83.5644,0.67,160,116,160,39,0,distributed,0,0,0,0,0,0,0,,deterministic,15,6050015
dstep,50,101,506,4848,4949,506,4443,0.1022,0.6302,0.2675,0.0,0.0,1605.1635,0.0,0,0,0,0,0,0,0.0,0,32.1033,0.3412,0.0106,0.9999,,77.5,31.0,232.5,52.5,164.48,51.4,97.4635,890.82,7.5,ideal,,,,50,0,,,,,,,,1.0,1.0,1.0,1.0,1.0,1.0,1.0,0.0,0.0,0,1,1,1.0,0.2645,9,0.8845,-1.263,1.263,34.2651,10.3666,0.5541,3119,1324,0,506,csma_ca_lite,34,34,0,True,16,101,0,1,0.000813,0.013366,0.005983,0.017721,True,3,0,0,0,0,0,0,0,0,0,0,0,0.0,0.0,0,0,0,0,,,0,,0,0,0,0,,0,,0,0.1022,101,3332,-5.2225,-52.3115,channel_aware_adaptive,19.0,10.0,20.0,18.4615,15,5,10,-83.5864,0.675,56,42,56,16,0,distributed,0,0,0,0,0,0,0,,deterministic,15,6050015
dstep_payoff,50,103,498,4944,5047,498,4549,0.0987,0.6491,0.2522,0.0,0.0,1478.2986,26.01,2601,417,1581,479,124,1581,121.6631,105,29.566,0.4205,0.0142,0.9998,,77.5,31.0,232.5,52.5,33.36,10.425,99.0436,908.46,7.5,ideal,,,,50,0,,,,,,,,1.0,1.0,1.0,1.0,1.0,1.0,1.0,0.0,0.0,0,1,1,1.0,0.2647,9,1.2247,-1.5241,1.5241,32.9867,7.5773,0.5347,3276,1273,0,500,csma_ca_lite,30,30,0,True,16,103,0,1,0.000429,0.015768,0.006011,0.017721,True,3,0,0,0,0,0,0,0,0,0,0,0,0.0,0.0,0,0,0,0,,,0,,0,0,0,0,,0,,0,0.0987,103,3479,-5.6791,-56.1966,channel_aware_adaptive,18.4,10.0,20.0,18.1818,16,4,12,-83.7274,0.685,59,47,59,12,0,distributed,0,0,0,0,0,0,0,,deterministic,15,6050015
periodic,100,3000,18253,144000,297000,18253,278747,0.0615,0.7971,0.1415,0.0,0.0,56373.4942,0.0,0,0,0,0,0,0,0.0,0,563.7349,3.8768,0.0069,1.0,,155.0,62.0,0.0,0.0,0.0,0.0,2681.4942,53460.0,15.0,ideal,,,,100,0,,,,,,,,1.0,1.0,1.0,1.0,1.0,1.0,1.0,0.0,0.0,0,1,1,1.0,-0.6545,27,,-0.6545,0.6545,,,,236729,42018,0,0,csma_ca_lite,711,711,0,True,16,3000,0,0,0.0,0.0,0.0251,0.085602,True,3,0,0,0,0,0,0,0,0,0,0,0,0.0,0.0,0,0,0,0,,,0,,0,0,0,0,,0,,0,0.0615,3000,249282,-12.4637,-70.0636,channel_aware_adaptive,17.3,10.0,20.0,15.7171,409,191,218,-82.8135,0.545,1879,1488,1879,356,0,distributed,0,0,0,0,0,0,0,,deterministic,14,6100014
event_driven,100,1724,11037,82752,170676,11037,159639,0.0647,0.7717,0.1636,0.0,0.0,32504.8635,0.0,0,0,0,0,0,0,0.0,0,325.0486,3.2374,0.01,0.9999,,155.0,62.0,0.0,0.0,0.0,0.0,1551.1835,30721.68,15.0,ideal,,,,100,0,,,,,,,,1.0,1.0,1.0,1.0,1.0,1.0,1.0,0.0,0.0,0,1,1,1.0,-0.6545,27,,-0.6545,0.6545,,,,131712,27927,0,0,csma_ca_lite,341,341,0,True,16,1724,0,0,0.0,0.0,0.021173,0.084164,True,3,0,0,0,0,0,0,0,0,0,0,0,0.0,0.0,0,0,0,0,,,0,,0,0,0,0,,0,,0,0.0647,1724,138303,-11.3245,-71.0892,channel_aware_adaptive,18.0,10.0,20.0,16.1696,242,111,131,-83.5156,0.5125,1082,892,1082,203,0,distributed,0,0,0,0,0,0,0,,deterministic,14,6100014
send_on_delta,100,751,4979,36048,74349,4979,69370,0.067,0.7501,0.1829,0.0,0.0,14293.1561,0.0,0,0,0,0,0,0,0.0,0,142.9316,1.9384,0.0136,0.9998,,155.0,62.0,0.0,0.0,0.0,0.0,678.3361,13382.82,15.0,ideal,,,,100,0,,,,,,,,1.0,1.0,1.0,1.0,1.0,1.0,1.0,0.0,0.0,0,1,1,1.0,-0.6545,27,,-0.6545,0.6545,,,,55770,13600,0,0,csma_ca_lite,113,113,0,True,16,751,0,0,0.0,0.0,0.012701,0.082776,True,3,0,0,0,0,0,0,0,0,0,0,0,0.0,0.0,0,0,0,0,,,0,,0,0,0,0,,0,,0,0.067,751,58509,-9.7463,-63.669,channel_aware_adaptive,17.1,10.0,20.0,16.6512,115,43,72,-82.427,0.575,469,370,469,82,0,distributed,0,0,0,0,0,0,0,,deterministic,14,6100014
teen_like,100,887,5927,42576,87813,5927,81886,0.0675,0.7605,0.172,0.0,0.0,16836.177,0.0,0,0,0,0,0,0,0.0,0,168.3618,2.2094,0.0131,0.9998,,155.0,62.0,0.0,0.0,0.0,0.0,797.837,15806.34,15.0,ideal,,,,100,0,,,,,,,,1.0,1.0,1.0,1.0,1.0,1.0,1.0,0.0,0.0,0,1,1,1.0,-0.6545,27,,-0.6545,0.6545,,,,66786,15100,0,0,csma_ca_lite,142,142,0,True,16,887,0,0,0.0,0.0,0.013002,0.082751,True,3,0,0,0,0,0,0,0,0,0,0,0,0.0,0.0,0,0,0,0,,,0,,0,0,0,0,,0,,0,0.0675,887,70290,-10.4237,-66.034,channel_aware_adaptive,18.1,10.0,20.0,16.7089,137,59,78,-82.7028,0.61,532,422,532,106,0,distributed,0,0,0,0,0,0,0,,deterministic,14,6100014
distributed_edge,100,1724,11037,82752,170676,11037,159639,0.0647,0.7717,0.1636,0.0,0.0,32969.8635,0.0,0,0,0,0,0,0,0.0,0,329.6986,3.2374,0.0098,0.9999,,155.0,62.0,465.0,0.0,0.0,0.0,1551.1835,30721.68,15.0,ideal,,,,100,0,,,,,,,,1.0,1.0,1.0,1.0,1.0,1.0,1.0,0.0,0.0,0,1,1,1.0,-0.6505,27,,-0.6505,0.6505,,,,131712,27927,0,0,csma_ca_lite,341,341,0,True,16,1724,0,0,0.0,0.0,0.021173,0.084164,True,3,0,0,0,0,0,0,0,0,0,0,0,0.0,0.0,0,0,0,0,,,0,,0,0,0,0,,0,,0,0.0647,1724,138303,-11.3245,-71.0892,channel_aware_adaptive,18.0,10.0,20.0,16.1696,242,111,131,-83.5156,0.5125,1082,892,1082,203,0,distributed,0,0,0,0,0,0,0,,deterministic,14,6100014
voi_baseline,100,511,3562,24528,50589,3562,47027,0.0704,0.7617,0.1679,0.0,0.0,10272.6245,0.0,0,0,0,0,0,0,0.0,0,102.7262,1.9672,0.0192,0.9996,,155.0,62.0,465.0,0.0,0.0,0.0,469.6045,9106.02,15.0,ideal,,,,100,0,,,,,,,,1.0,1.0,1.0,1.0,1.0,1.0,1.0,0.0,0.0,0,1,1,1.0,-0.6505,27,,-0.6505,0.6505,,,,38532,8495,0,0,csma_ca_lite,77,77,0,True,16,511,0,0,0.0,0.0,0.009093,0.054506,True,3,0,0,0,0,0,0,0,0,0,0,0,0.0,0.0,0,0,0,0,,,0,,0,0,0,0,,0,,0,0.0704,511,40491,-9.397,-64.3203,channel_aware_adaptive,16.9,10.0,20.0,16.8649,85,27,58,-82.6099,0.615,301,236,301,56,0,distributed,0,0,0,0,0,0,0,,deterministic,14,6100014
dstep,100,199,1384,9552,19701,1384,18317,0.0703,0.7622,0.1675,0.0,0.0,5007.1911,0.0,0,0,0,0,0,0,0.0,0,50.0719,0.4832,0.0096,0.9999,,155.0,62.0,465.0,105.0,358.72,112.1,188.1911,3546.18,15.0,ideal,,,,100,0,,,,,,,,1.0,1.0,1.0,1.0,1.0,1.0,1.0,0.0,0.0,0,1,1,1.0,-0.6505,27,0.8595,-2.1609,2.1609,39.2718,9.844,0.9451,15017,3300,0,1384,csma_ca_lite,61,61,0,True,16,199,0,1,0.000759,0.021,0.006442,0.027417,True,3,0,0,0,0,0,0,0,0,0,0,0,0.0,0.0,0,0,0,0,,,0,,0,0,0,0,,0,,0,0.0703,199,15741,-7.7188,-60.6493,channel_aware_adaptive,17.0,10.0,20.0,17.5735,36,3,33,-82.5949,0.685,119,94,119,18,0,distributed,0,0,0,0,0,0,0,,deterministic,14,6100014
dstep_payoff,100,220,1711,10560,21780,1711,20069,0.0786,0.7453,0.1761,0.0,0.0,5133.196,66.48,6648,1319,3392,1562,375,3392,356.7564,349,51.332,0.6242,0.0122,0.9999,,155.0,62.0,465.0,105.0,105.52,32.975,205.821,3920.4,15.0,ideal,,,,100,0,,,,,,,,1.0,1.0,1.0,1.0,1.0,1.0,1.0,0.0,0.0,0,1,1,1.0,-0.6503,27,1.2597,-2.1947,2.1947,37.0386,9.3927,0.9429,16233,3836,0,1717,csma_ca_lite,65,65,0,True,16,220,0,1,0.000671,0.02672,0.006739,0.02806,True,3,0,0,0,0,0,0,0,0,0,0,0,0.0,0.0,0,0,0,0,,,0,,0,0,0,0,,0,,0,0.0786,220,17127,-7.3443,-61.9989,channel_aware_adaptive,17.2,10.0,20.0,17.6866,34,3,31,-82.7967,0.7125,133,102,133,12,0,distributed,0,0,0,0,0,0,0,,deterministic,14,6100014
periodic,100,3000,18643,144000,297000,18643,278357,0.0628,0.796,0.1412,0.0,0.0,56292.829,0.0,0,0,0,0,0,0,0.0,0,562.9283,3.9356,0.007,1.0,,155.0,62.0,0.0,0.0,0.0,0.0,2600.829,53460.0,15.0,ideal,,,,100,0,,,,,,,,1.0,1.0,1.0,1.0,1.0,1.0,1.0,0.0,0.0,0,1,1,1.0,-0.55,20,,-0.55,0.55,,,,236426,41931,0,0,csma_ca_lite,871,871,0,True,16,3000,0,0,0.0,0.0,0.023312,0.08789,True,3,0,0,0,0,0,0,0,0,0,0,0,0.0,0.0,0,0,0,0,,,0,,0,0,0,0,,0,,0,0.0628,3000,249282,-13.1554,-68.5419,channel_aware_adaptive,16.0,10.0,20.0,15.4644,546,253,293,-81.3902,0.5575,1817,1491,1817,333,0,distributed,0,0,0,0,0,0,0,,deterministic,15,6100015
event_driven,100,1702,10190,81696,168498,10190,158308,0.0605,0.7863,0.1532,0.0,0.0,32018.52,0.0,0,0,0,0,0,0,0.0,0,320.1852,2.7233,0.0085,0.9999,,155.0,62.0,0.0,0.0,0.0,0.0,1456.88,30329.64,15.0,ideal,,,,100,0,,,,,,,,1.0,1.0,1.0,1.0,1.0,1.0,1.0,0.0,0.0,0,1,1,1.0,-0.55,20,,-0.55,0.55,,,,132495,25813,0,0,csma_ca_lite,390,390,0,True,16,1702,0,0,0.0,0.0,0.020541,0.084229,True,3,0,0,0,0,0,0,0,0,0,0,0,0.0,0.0,0,0,0,0,,,0,,0,0,0,0,,0,,0,0.0605,1702,139194,-12.4366,-66.4398,channel_aware_adaptive,16.7,10.0,20.0,15.792,323,145,178,-81.9405,0.56,1061,870,1061,187,0,distributed,0,0,0,0,0,0,0,,deterministic,15,6100015
send_on_delta,100,746,4897,35808,73854,4897,68957,0.0663,0.765,0.1687,0.0,0.0,14186.1767,0.0,0,0,0,0,0,0,0.0,0,141.8618,1.751,0.0123,0.9998,,155.0,62.0,0.0,0.0,0.0,0.0,660.4567,13293.72,15.0,ideal,,,,100,0,,,,,,,,1.0,1.0,1.0,1.0,1.0,1.0,1.0,0.0,0.0,0,1,1,1.0,-0.55,20,,-0.55,0.55,,,,56499,12458,0,0,csma_ca_lite,137,137,0,True,16,746,0,0,0.0,0.0,0.010843,0.074343,True,3,0,0,0,0,0,0,0,0,0,0,0,0.0,0.0,0,0,0,0,,,0,,0,0,0,0,,0,,0,0.0663,746,59598,-10.7661,-63.4611,channel_aware_adaptive,17.2,10.0,20.0,16.5517,132,52,80,-82.466,0.5475,441,361,440,65,1,distributed,0,0,0,0,0,0,0,,deterministic,15,6100015
teen_like,100,900,6011,43200,89100,6011,83089,0.0675,0.7575,0.175,0.0,0.0,17062.5148,0.0,0,0,0,0,0,0,0.0,0,170.6251,1.9904,0.0117,0.9999,,155.0,62.0,0.0,0.0,0.0,0.0,792.5148,16038.0,15.0,ideal,,,,100,0,,,,,,,,1.0,1.0,1.0,1.0,1.0,1.0,1.0,0.0,0.0,0,1,1,1.0,-0.55,20,,-0.55,0.55,,,,67495,15594,0,0,csma_ca_lite,174,174,0,True,16,900,0,0,0.0,0.0,0.012227,0.083817,True,3,0,0,0,0,0,0,0,0,0,0,0,0.0,0.0,0,0,0,0,,,0,,0,0,0,0,,0,,0,0.0675,900,70983,-11.5246,-66.8486,channel_aware_adaptive,17.3,10.0,20.0,16.4314,155,64,91,-81.6641,0.545,522,439,522,84,0,distributed,0,0,0,0,0,0,0,,deterministic,15,6100015
distributed_edge,100,1702,10190,81696,168498,10190,158308,0.0605,0.7863,0.1532,0.0,0.0,32483.52,0.0,0,0,0,0,0,0,0.0,0,324.8352,2.7233,0.0084,0.9999,,155.0,62.0,465.0,0.0,0.0,0.0,1456.88,30329.64,15.0,ideal,,,,100,0,,,,,,,,1.0,1.0,1.0,1.0,1.0,1.0,1.0,0.0,0.0,0,1,1,1.0,-0.546,20,,-0.546,0.546,,,,132495,25813,0,0,csma_ca_lite,390,390,0,True,16,1702,0,0,0.0,0.0,0.020541,0.084229,True,3,0,0,0,0,0,0,0,0,0,0,0,0.0,0.0,0,0,0,0,,,0,,0,0,0,0,,0,,0,0.0605,1702,139194,-12.4366,-66.4398,channel_aware_adaptive,16.7,10.0,20.0,15.792,323,145,178,-81.9405,0.56,1061,870,1061,187,0,distributed,0,0,0,0,0,0,0,,deterministic,15,6100015
voi_baseline,100,526,3606,25248,52074,3606,48468,0.0692,0.756,0.1747,0.0,0.0,10538.2613,0.0,0,0,0,0,0,0,0.0,0,105.3826,1.8408,0.0175,0.9997,,155.0,62.0,465.0,0.0,0.0,0.0,467.9413,9373.32,15.0,ideal,,,,100,0,,,,,,,,1.0,1.0,1.0,1.0,1.0,1.0,1.0,0.0,0.0,0,1,1,1.0,-0.546,20,,-0.546,0.546,,,,39370,9098,0,0,csma_ca_lite,105,105,0,True,16,526,0,0,0.0,0.0,0.009557,0.073566,True,3,0,0,0,0,0,0,0,0,0,0,0,0.0,0.0,0,0,0,0,,,0,,0,0,0,0,,0,,0,0.0692,526,41679,-9.9773,-63.4703,channel_aware_adaptive,16.7,10.0,20.0,16.6029,109,38,71,-82.4932,0.6675,299,237,299,52,0,distributed,0,0,0,0,0,0,0,,deterministic,15,6100015
dstep,100,206,1674,9888,20394,1674,18720,0.0821,0.7413,0.1766,0.0,0.0,5169.7823,0.0,0,0,0,0,0,0,0.0,0,51.6978,0.6338,0.0123,0.9998,,155.0,62.0,465.0,105.0,381.92,119.35,195.5923,3670.92,15.0,ideal,,,,100,0,,,,,,,,1.0,1.0,1.0,1.0,1.0,1.0,1.0,0.0,0.0,0,1,1,1.0,-0.546,20,0.634,-4.1407,4.1407,43.4674,8.7227,0.938,15119,3601,0,1674,csma_ca_lite,48,48,0,True,16,206,0,1,0.000819,0.016332,0.006156,0.02959,True,3,0,0,0,0,0,0,0,0,0,0,0,0.0,0.0,0,0,0,0,,,0,,0,0,0,0,,0,,0,0.0821,206,16038,-7.2431,-56.8952,channel_aware_adaptive,16.7,10.0,20.0,17.3759,41,4,37,-81.2334,0.7275,121,91,121,7,0,distributed,0,0,0,0,0,0,0,,deterministic,15,6100015
dstep_payoff,100,214,1871,10272,21186,1871,19315,0.0883,0.6972,0.2145,0.0,0.0,5026.8011,69.62,6962,1363,3508,1679,412,3508,381.2054,326,50.268,0.611,0.0122,0.9999,,155.0,62.0,465.0,105.0,109.04,34.075,198.5861,3813.48,15.0,ideal,,,,100,0,,,,,,,,1.0,1.0,1.0,1.0,1.0,1.0,1.0,0.0,0.0,0,1,1,1.0,-0.5458,20,1.1942,-1.9101,1.9101,42.7437,7.5338,0.8216,14771,4544,0,1877,csma_ca_lite,50,50,0,True,16,214,0,1,0.000599,0.016508,0.006061,0.025476,True,3,0,0,0,0,0,0,0,0,0,0,0,0.0,0.0,0,0,0,0,,,0,,0,0,0,0,,0,,0,0.0883,214,15741,-7.1432,-58.5967,channel_aware_adaptive,17.1,10.0,20.0,17.415,47,9,38,-82.3403,0.77,111,92,111,12,0,distributed,0,0,0,0,0,0,0,,deterministic,15,6100015
periodic,20,600,1401,28800,11400,1401,9999,0.1229,0.5668,0.3103,0.0,0.0,2697.152,0.0,0,0,0,0,0,0,0.0,0,134.8576,0.0,0.0,1.0,,31.0,12.4,0.0,0.0,0.0,0.0,598.752,2052.0,3.0,ideal,,,,20,0,,,,,,,,1.0,1.0,1.0,1.0,1.0,1.0,1.0,0.0,0.0,0,1,1,1.0,0.0061,1,,0.0061,-0.0061,,,,6462,3537,0,0,csma_ca_lite,40,40,0,True,16,600,0,0,0.0,0.0,0.021378,0.08347,True,3,0,0,0,0,0,0,0,0,0,0,0,0.0,0.0,0,0,0,0,,,0,,0,0,0,0,,0,,0,0.1229,600,6783,-8.9622,-56.6951,channel_aware_adaptive,20.0,20.0,20.0,20.0,0,0,0,-89.4361,0.2875,350,327,350,208,0,distributed,0,0,0,0,0,0,0,,physical_pulse,14,6120014
event_driven,20,47,136,2256,893,136,757,0.1523,0.4625,0.3852,0.0,0.0,254.0422,0.0,0,0,0,0,0,0,0.0,0,12.7021,0.9424,0.0742,0.9945,,31.0,12.4,0.0,0.0,0.0,0.0,46.9022,160.74,3.0,ideal,,,,20,0,,,,,,,,1.0,1.0,1.0,1.0,1.0,1.0,1.0,0.0,0.0,0,1,1,1.0,0.0061,1,,0.0061,-0.0061,,,,413,344,0,0,csma_ca_lite,5,5,0,True,16,47,0,0,0.0,0.0,0.004944,0.02238,True,3,0,0,0,0,0,0,0,0,0,0,0,0.0,0.0,0,0,0,0,,,0,,0,0,0,0,,0,,0,0.1523,47,437,-2.3724,-47.9436,channel_aware_adaptive,20.0,20.0,20.0,20.0,0,0,0,-88.0118,0.475,23,20,23,22,0,distributed,0,0,0,0,0,0,0,,physical_pulse,14,6120014
send_on_delta,20,37,119,1776,703,119,584,0.1693,0.3741,0.4566,0.0,0.0,209.863,0.0,0,0,0,0,0,0,0.0,0,10.4932,0.6479,0.0617,0.9962,,31.0,12.4,0.0,0.0,0.0,0.0,36.923,126.54,3.0,ideal,,,,20,0,,,,,,,,1.0,1.0,1.0,1.0,1.0,1.0,1.0,0.0,0.0,0,1,1,1.0,0.0061,1,,0.0061,-0.0061,,,,263,321,0,0,csma_ca_lite,5,5,0,True,16,37,0,0,0.0,0.0,0.005149,0.025164,True,3,0,0,0,0,0,0,0,0,0,0,0,0.0,0.0,0,0,0,0,,,0,,0,0,0,0,,0,,0,0.1693,37,285,-0.6978,-47.9436,channel_aware_adaptive,20.0,20.0,20.0,20.0,0,0,0,-88.9745,0.575,14,13,14,20,0,distributed,0,0,0,0,0,0,0,,physical_pulse,14,6120014
teen_like,20,40,132,1920,760,132,628,0.1737,0.3842,0.4421,0.0,0.0,223.1168,0.0,0,0,0,0,0,0,0.0,0,11.1558,0.7759,0.0696,0.9952,,31.0,12.4,0.0,0.0,0.0,0.0,39.9168,136.8,3.0,ideal,,,,20,0,,,,,,,,1.0,1.0,1.0,1.0,1.0,1.0,1.0,0.0,0.0,0,1,1,1.0,0.0061,1,,0.0061,-0.0061,,,,292,336,0,0,csma_ca_lite,5,5,0,True,16,40,0,0,0.0,0.0,0.00535,0.025164,True,3,0,0,0,0,0,0,0,0,0,0,0,0.0,0.0,0,0,0,0,,,0,,0,0,0,0,,0,,0,0.1737,40,323,-0.8523,-47.9436,channel_aware_adaptive,20.0,20.0,20.0,20.0,0,0,0,-88.5619,0.6375,16,14,16,23,0,distributed,0,0,0,0,0,0,0,,physical_pulse,14,6120014
distributed_edge,20,47,136,2256,893,136,757,0.1523,0.4625,0.3852,0.0,0.0,347.0422,0.0,0,0,0,0,0,0,0.0,0,17.3521,0.9424,0.0543,0.9971,,31.0,12.4,93.0,0.0,0.0,0.0,46.9022,160.74,3.0,ideal,,,,20,0,,,,,,,,1.0,1.0,1.0,1.0,1.0,1.0,1.0,0.0,0.0,0,1,1,1.0,0.0101,1,,0.0101,-0.0101,,,,413,344,0,0,csma_ca_lite,5,5,0,True,16,47,0,0,0.0,0.0,0.004944,0.02238,True,3,0,0,0,0,0,0,0,0,0,0,0,0.0,0.0,0,0,0,0,,,0,,0,0,0,0,,0,,0,0.1523,47,437,-2.3724,-47.9436,channel_aware_adaptive,20.0,20.0,20.0,20.0,0,0,0,-88.0118,0.475,23,20,23,22,0,distributed,0,0,0,0,0,0,0,,physical_pulse,14,6120014
voi_baseline,20,34,110,1632,646,110,536,0.1703,0.3854,0.4443,0.0,0.0,289.6093,0.0,0,0,0,0,0,0,0.0,0,14.4805,0.6892,0.0476,0.9977,,31.0,12.4,93.0,0.0,0.0,0.0,33.9293,116.28,3.0,ideal,,,,20,0,,,,,,,,1.0,1.0,1.0,1.0,1.0,1.0,1.0,0.0,0.0,0,1,1,1.0,0.0101,1,,0.0101,-0.0101,,,,249,287,0,0,csma_ca_lite,4,4,0,True,16,34,0,0,0.0,0.0,0.003173,0.016983,True,3,0,0,0,0,0,0,0,0,0,0,0,0.0,0.0,0,0,0,0,,,0,,0,0,0,0,,0,,0,0.1703,34,266,-1.2996,-46.1027,channel_aware_adaptive,20.0,20.0,20.0,20.0,0,0,0,-88.5803,0.5375,14,12,14,18,0,distributed,0,0,0,0,0,0,0,,physical_pulse,14,6120014
dstep,20,27,119,1296,513,119,394,0.232,0.2047,0.5634,0.0,0.0,356.4388,0.0,0,0,0,0,0,0,0.0,0,17.8219,1.089,0.0611,0.9963,,31.0,12.4,93.0,21.0,58.48,18.275,26.9438,92.34,3.0,ideal,,,,20,0,,,,,,,,1.0,0.6,0.75,1.0,0.6,0.75,0.8,0.0,0.0,0,1,1,0.8,0.0101,1,0.8748,-0.3042,0.3042,35.0124,9.7763,0.7302,105,289,0,119,csma_ca_lite,2,2,0,True,16,27,0,1,0.000326,0.002968,0.002211,0.014752,True,3,0,0,0,0,0,0,0,0,0,0,0,0.0,0.0,0,0,0,0,,,0,,0,0,0,0,,0,,0,0.232,27,114,2.6969,-43.7678,channel_aware_adaptive,20.0,20.0,20.0,20.0,0,0,0,-88.2635,0.6333,5,5,5,17,0,distributed,0,0,0,0,0,0,0,,physical_pulse,14,6120014
dstep_payoff,20,34,111,1632,646,111,535,0.1718,0.3824,0.4458,0.0,0.0,326.5293,8.57,857,70,641,100,46,641,45.9043,12,16.3265,0.629,0.0385,0.9985,,31.0,12.4,93.0,21.0,5.6,1.75,33.9293,116.28,3.0,ideal,,,,20,0,,,,,,,,1.0,0.65,0.7879,1.0,0.65,0.7879,0.95,0.0,0.0,0,1,1,0.95,0.0103,1,0.5344,-1.2759,1.2759,31.2584,3.9424,1.0723,247,288,0,112,csma_ca_lite,5,5,0,True,16,34,0,1,0.000426,0.004248,0.003892,0.01751,True,3,0,0,0,0,0,0,0,0,0,0,0,0.0,0.0,0,0,0,0,,,0,,0,0,0,0,,0,,0,0.1718,34,266,-0.3261,-44.5154,channel_aware_adaptive,20.0,20.0,20.0,20.0,0,0,0,-88.593,0.6125,13,13,13,18,0,distributed,0,0,0,0,0,0,0,,physical_pulse,14,6120014
periodic,20,600,1143,28800,11400,1143,10257,0.1003,0.5694,0.3304,0.0,0.0,2697.152,0.0,0,0,0,0,0,0,0.0,0,134.8576,0.0,0.0,1.0,,31.0,12.4,0.0,0.0,0.0,0.0,598.752,2052.0,3.0,ideal,,,,20,0,,,,,,,,1.0,1.0,1.0,1.0,1.0,1.0,1.0,0.0,0.0,0,1,1,1.0,-0.4691,2,,-0.4691,0.4691,,,,6491,3766,0,0,csma_ca_lite,44,44,0,True,16,600,0,0,0.0,0.0,0.021978,0.084013,True,3,0,0,0,0,0,0,0,0,0,0,0,0.0,0.0,0,0,0,0,,,0,,0,0,0,0,,0,,0,0.1003,600,6802,-10.1646,-57.2119,channel_aware_adaptive,20.0,20.0,20.0,20.0,0,0,0,-88.742,0.2375,352,336,351,221,1,distributed,0,0,0,0,0,0,0,,physical_pulse,15,6120015
event_driven,20,55,127,2640,1045,127,918,0.1215,0.5292,0.3493,0.0,0.0,289.3856,0.0,0,0,0,0,0,0,0.0,0,14.4693,0.853,0.0589,0.9965,,31.0,12.4,0.0,0.0,0.0,0.0,54.8856,188.1,3.0,ideal,,,,20,0,,,,,,,,1.0,1.0,1.0,1.0,1.0,1.0,1.0,0.0,0.0,0,1,1,1.0,-0.4691,2,,-0.4691,0.4691,,,,553,365,0,0,csma_ca_lite,7,7,0,True,16,55,0,0,0.0,0.0,0.006701,0.027645,True,3,0,0,0,0,0,0,0,0,0,0,0,0.0,0.0,0,0,0,0,,,0,,0,0,0,0,,0,,0,0.1215,55,589,-4.3521,-55.1469,channel_aware_adaptive,20.0,20.0,20.0,20.0,0,0,0,-88.0876,0.525,30,29,30,23,0,distributed,0,0,0,0,0,0,0,,physical_pulse,15,6120015
send_on_delta,20,45,118,2160,855,118,737,0.138,0.4526,0.4094,0.0,0.0,245.2064,0.0,0,0,0,0,0,0,0.0,0,12.2603,0.6269,0.0511,0.9974,,31.0,12.4,0.0,0.0,0.0,0.0,44.9064,153.9,3.0,ideal,,,,20,0,,,,,,,,1.0,1.0,1.0,1.0,1.0,1.0,1.0,0.0,0.0,0,1,1,1.0,-0.4691,2,,-0.4691,0.4691,,,,387,350,0,0,csma_ca_lite,6,6,0,True,16,45,0,0,0.0,0.0,0.006513,0.017354,True,3,0,0,0,0,0,0,0,0,0,0,0,0.0,0.0,0,0,0,0,,,0,,0,0,0,0,,0,,0,0.138,45,437,-2.4313,-52.8261,channel_aware_adaptive,20.0,20.0,20.0,20.0,0,0,0,-88.9731,0.6125,23,19,23,22,0,distributed,0,0,0,0,0,0,0,,physical_pulse,15,6120015
teen_like,20,48,125,2304,912,125,787,0.1371,0.4836,0.3794,0.0,0.0,258.4602,0.0,0,0,0,0,0,0,0.0,0,12.923,0.601,0.0465,0.9978,,31.0,12.4,0.0,0.0,0.0,0.0,47.9002,164.16,3.0,ideal,,,,20,0,,,,,,,,1.0,1.0,1.0,1.0,1.0,1.0,1.0,0.0,0.0,0,1,1,1.0,-0.4691,2,,-0.4691,0.4691,,,,441,346,0,0,csma_ca_lite,7,7,0,True,16,48,0,0,0.0,0.0,0.006714,0.02793,True,3,0,0,0,0,0,0,0,0,0,0,0,0.0,0.0,0,0,0,0,,,0,,0,0,0,0,,0,,0,0.1371,48,494,-2.9076,-52.8261,channel_aware_adaptive,20.0,20.0,20.0,20.0,0,0,0,-89.3566,0.5125,25,23,25,22,0,distributed,0,0,0,0,0,0,0,,physical_pulse,15,6120015
distributed_edge,20,55,127,2640,1045,127,918,0.1215,0.5292,0.3493,0.0,0.0,382.3856,0.0,0,0,0,0,0,0,0.0,0,19.1193,0.853,0.0446,0.998,,31.0,12.4,93.0,0.0,0.0,0.0,54.8856,188.1,3.0,ideal,,,,20,0,,,,,,,,1.0,1.0,1.0,1.0,1.0,1.0,1.0,0.0,0.0,0,1,1,1.0,-0.4651,2,,-0.4651,0.4651,,,,553,365,0,0,csma_ca_lite,7,7,0,True,16,55,0,0,0.0,0.0,0.006701,0.027645,True,3,0,0,0,0,0,0,0,0,0,0,0,0.0,0.0,0,0,0,0,,,0,,0,0,0,0,,0,,0,0.1215,55,589,-4.3521,-55.1469,channel_aware_adaptive,20.0,20.0,20.0,20.0,0,0,0,-88.0876,0.525,30,29,30,23,0,distributed,0,0,0,0,0,0,0,,physical_pulse,15,6120015
voi_baseline,20,44,102,2112,836,102,734,0.122,0.5335,0.3445,0.0,0.0,333.7885,0.0,0,0,0,0,0,0,0.0,0,16.6894,0.8421,0.0505,0.9975,,31.0,12.4,93.0,0.0,0.0,0.0,43.9085,150.48,3.0,ideal,,,,20,0,,,,,,,,1.0,1.0,1.0,1.0,1.0,1.0,1.0,0.0,0.0,0,1,1,1.0,-0.4651,2,,-0.4651,0.4651,,,,446,288,0,0,csma_ca_lite,6,6,0,True,16,44,0,0,0.0,0.0,0.005052,0.017099,True,3,0,0,0,0,0,0,0,0,0,0,0,0.0,0.0,0,0,0,0,,,0,,0,0,0,0,,0,,0,0.122,44,494,-3.476,-55.7833,channel_aware_adaptive,20.0,20.0,20.0,20.0,0,0,0,-88.6615,0.5,25,22,25,19,0,distributed,0,0,0,0,0,0,0,,physical_pulse,15,6120015
dstep,20,24,60,1152,456,60,396,0.1316,0.4123,0.4561,0.0,0.0,336.0451,0.0,0,0,0,0,0,0,0.0,0,16.8023,0.7379,0.0439,0.9981,,31.0,12.4,93.0,21.0,53.04,16.575,23.9501,82.08,3.0,ideal,,,,20,0,,,,,,,,1.0,0.15,0.2609,1.0,0.15,0.2609,0.4,0.0,0.0,0,1,1,0.35,-0.4651,2,1.3067,1.3145,-1.3145,47.9989,6.1845,0.9218,188,208,0,60,csma_ca_lite,2,2,0,True,16,24,0,1,3e-05,0.000728,0.003163,0.016193,True,3,0,0,0,0,0,0,0,0,0,0,0,0.0,0.0,0,0,0,0,,,0,,0,0,0,0,,0,,0,0.1316,24,209,-2.0255,-51.4837,channel_aware_adaptive,20.0,20.0,20.0,20.0,0,0,0,-89.1925,0.5,11,8,11,12,0,distributed,0,0,0,0,0,0,0,,physical_pulse,15,6120015
dstep_payoff,20,38,99,1824,722,99,623,0.1371,0.4945,0.3684,0.0,0.0,343.496,8.39,839,65,634,100,40,634,39.9168,23,17.1748,0.5242,0.0305,0.9991,,31.0,12.4,93.0,21.0,5.2,1.625,37.921,129.96,3.0,ideal,,,,20,0,,,,,,,,1.0,0.8,0.8889,1.0,0.8,0.8889,0.95,0.0,0.0,0,1,1,0.95,-0.4649,2,0.547,-1.3549,1.3549,51.4016,9.7087,1.6402,357,266,0,102,csma_ca_lite,7,7,0,True,16,38,0,1,0.000236,0.001688,0.005424,0.017003,True,3,0,0,0,0,0,0,0,0,0,0,0,0.0,0.0,0,0,0,0,,,0,,0,0,0,0,,0,,0,0.1371,38,399,-2.82,-48.0586,channel_aware_adaptive,20.0,20.0,20.0,20.0,0,0,0,-88.4453,0.6,20,19,20,13,0,distributed,0,0,0,0,0,0,0,,physical_pulse,15,6120015
periodic,50,1500,6237,72000,73500,6237,67263,0.0849,0.6523,0.2628,0.0,0.0,14804.2106,0.0,0,0,0,0,0,0,0.0,0,296.0842,1.7365,0.0059,1.0,,77.5,31.0,0.0,0.0,0.0,0.0,1458.2106,13230.0,7.5,ideal,,,,50,0,,,,,,,,1.0,0.96,0.9796,1.0,0.96,0.9796,0.96,0.0,0.0,0,1,1,0.96,-0.6324,9,,-0.6324,0.6324,,,,47946,19317,0,0,csma_ca_lite,251,251,0,True,16,1500,0,0,0.0,0.0,0.022021,0.084233,True,3,0,0,0,0,0,0,0,0,0,0,0,0.0,0.0,0,0,0,0,,,0,,0,0,0,0,,0,,0,0.0849,1500,50470,-11.051,-67.1106,channel_aware_adaptive,19.6,10.0,20.0,16.7647,86,42,44,-83.9689,0.505,881,751,881,292,0,distributed,0,0,0,0,0,0,0,,physical_pulse,14,6150014
event_driven,50,122,552,5856,5978,552,5426,0.0923,0.6062,0.3014,0.0,0.0,1310.8756,0.0,0,0,0,0,0,0,0.0,0,26.2175,0.9865,0.0376,0.9986,,77.5,31.0,0.0,0.0,0.0,0.0,118.8356,1076.04,7.5,ideal,,,,50,0,,,,,,,,1.0,0.96,0.9796,1.0,0.96,0.9796,0.96,0.0,0.0,0,1,1,0.96,-0.6324,9,,-0.6324,0.6324,,,,3624,1802,0,0,csma_ca_lite,20,20,0,True,16,122,0,0,0.0,0.0,0.006464,0.026166,True,3,0,0,0,0,0,0,0,0,0,0,0,0.0,0.0,0,0,0,0,,,0,,0,0,0,0,,0,,0,0.0923,122,3822,-5.4874,-57.3338,channel_aware_adaptive,19.8,10.0,20.0,19.1525,9,4,5,-83.864,0.599,72,61,72,21,0,distributed,0,0,0,0,0,0,0,,physical_pulse,14,6150014
send_on_delta,50,96,477,4608,4704,477,4227,0.1014,0.5818,0.3168,0.0,0.0,1056.4413,0.0,0,0,0,0,0,0,0.0,0,21.1288,0.8492,0.0402,0.9984,,77.5,31.0,0.0,0.0,0.0,0.0,93.7213,846.72,7.5,ideal,,,,50,0,,,,,,,,1.0,0.96,0.9796,1.0,0.96,0.9796,0.96,0.0,0.0,0,1,1,0.96,-0.6324,9,,-0.6324,0.6324,,,,2737,1490,0,0,csma_ca_lite,21,21,0,True,16,96,0,0,0.0,0.0,0.004772,0.018418,True,3,0,0,0,0,0,0,0,0,0,0,0,0.0,0.0,0,0,0,0,,,0,,0,0,0,0,,0,,0,0.1014,96,2891,-5.1906,-62.2226,channel_aware_adaptive,19.2,10.0,20.0,18.8333,10,3,7,-83.7555,0.6562,48,38,48,15,0,distributed,0,0,0,0,0,0,0,,physical_pulse,14,6150014
teen_like,50,97,454,4656,4753,454,4299,0.0955,0.5681,0.3364,0.0,0.0,1065.4276,0.0,0,0,0,0,0,0,0.0,0,21.3086,0.8209,0.0385,0.9985,,77.5,31.0,0.0,0.0,0.0,0.0,93.8876,855.54,7.5,ideal,,,,50,0,,,,,,,,1.0,0.96,0.9796,1.0,0.96,0.9796,0.96,0.0,0.0,0,1,1,0.96,-0.6324,9,,-0.6324,0.6324,,,,2700,1599,0,0,csma_ca_lite,20,20,0,True,16,97,0,0,0.0,0.0,0.005011,0.018418,True,3,0,0,0,0,0,0,0,0,0,0,0,0.0,0.0,0,0,0,0,,,0,,0,0,0,0,,0,,0,0.0955,97,2842,-5.109,-62.2226,channel_aware_adaptive,19.4,10.0,20.0,18.8525,11,4,7,-84.4394,0.6146,49,41,49,20,0,distributed,0,0,0,0,0,0,0,,physical_pulse,14,6150014
distributed_edge,50,122,552,5856,5978,552,5426,0.0923,0.6062,0.3014,0.0,0.0,1543.3756,0.0,0,0,0,0,0,0,0.0,0,30.8675,0.9865,0.032,0.999,,77.5,31.0,232.5,0.0,0.0,0.0,118.8356,1076.04,7.5,ideal,,,,50,0,,,,,,,,1.0,0.96,0.9796,1.0,0.96,0.9796,0.96,0.0,0.0,0,1,1,0.96,-0.6284,9,,-0.6284,0.6284,,,,3624,1802,0,0,csma_ca_lite,20,20,0,True,16,122,0,0,0.0,0.0,0.006464,0.026166,True,3,0,0,0,0,0,0,0,0,0,0,0,0.0,0.0,0,0,0,0,,,0,,0,0,0,0,,0,,0,0.0923,122,3822,-5.4874,-57.3338,channel_aware_adaptive,19.8,10.0,20.0,19.1525,9,4,5,-83.864,0.599,72,61,72,21,0,distributed,0,0,0,0,0,0,0,,physical_pulse,14,6150014
voi_baseline,50,102,464,4896,4998,464,4534,0.0928,0.5968,0.3103,0.0,0.0,1347.8488,0.0,0,0,0,0,0,0,0.0,0,26.957,0.9897,0.0367,0.9987,,77.5,31.0,232.5,0.0,0.0,0.0,99.7088,899.64,7.5,ideal,,,,50,0,,,,,,,,1.0,0.96,0.9796,1.0,0.96,0.9796,0.96,0.0,0.0,0,1,1,0.96,-0.6284,9,,-0.6284,0.6284,,,,2983,1551,0,0,csma_ca_lite,18,18,0,True,16,102,0,0,0.0,0.0,0.005116,0.019102,True,3,0,0,0,0,0,0,0,0,0,0,0,0.0,0.0,0,0,0,0,,,0,,0,0,0,0,,0,,0,0.0928,102,3136,-5.2076,-57.4204,channel_aware_adaptive,19.4,10.0,20.0,19.1228,7,2,5,-83.6701,0.5781,57,51,57,15,0,distributed,0,0,0,0,0,0,0,,physical_pulse,14,6150014
dstep,50,89,497,4272,4361,497,3864,0.114,0.5398,0.3463,0.0,0.0,1487.7433,0.0,0,0,0,0,0,0,0.0,0,29.7549,0.6434,0.0216,0.9995,,77.5,31.0,232.5,52.5,162.88,50.9,87.9833,784.98,7.5,ideal,,,,50,0,,,,,,,,1.0,0.78,0.8764,1.0,0.78,0.8764,0.96,0.0,0.0,0,1,1,0.96,-0.6284,9,0.7451,-1.5278,1.5278,42.6009,8.2476,0.8949,2354,1510,0,497,csma_ca_lite,18,18,0,True,16,89,0,1,0.000492,0.005848,0.004721,0.017626,True,3,0,0,0,0,0,0,0,0,0,0,0,0.0,0.0,0,0,0,0,,,0,,0,0,0,0,,0,,0,0.114,89,2548,-3.9841,-51.5049,channel_aware_adaptive,19.8,10.0,20.0,19.4545,5,2,3,-83.3372,0.7969,40,31,40,21,0,distributed,0,0,0,0,0,0,0,,physical_pulse,14,6150014
dstep_payoff,50,92,437,4416,4508,437,4071,0.0969,0.5883,0.3148,0.0,0.0,1362.337,24.69,2469,326,1611,385,147,1611,144.6152,87,27.2467,0.704,0.0258,0.9993,,77.5,31.0,232.5,52.5,26.08,8.15,90.977,811.44,7.5,ideal,,,,50,0,,,,,,,,1.0,0.6,0.75,1.0,0.6,0.75,1.0,0.0,0.0,0,1,1,1.0,-0.6282,9,0.6904,-1.3341,1.3341,36.555,6.2421,1.0771,2652,1419,0,440,csma_ca_lite,20,20,0,True,16,92,0,1,0.000292,0.002968,0.004867,0.017626,True,3,0,0,0,0,0,0,0,0,0,0,0,0.0,0.0,0,0,0,0,,,0,,0,0,0,0,,0,,0,0.0969,92,2793,-4.2901,-53.413,channel_aware_adaptive,19.6,10.0,20.0,19.4444,4,1,3,-83.887,0.635,51,43,51,16,0,distributed,0,0,0,0,0,0,0,,physical_pulse,14,6150014
periodic,50,1500,6765,72000,73500,6765,66735,0.092,0.668,0.24,0.0,0.0,14780.51,0.0,0,0,0,0,0,0,0.0,0,295.6102,2.8016,0.0095,0.9999,,77.5,31.0,0.0,0.0,0.0,0.0,1434.51,13230.0,7.5,ideal,,,,50,0,,,,,,,,1.0,1.0,1.0,1.0,1.0,1.0,1.0,0.0,0.0,0,1,1,0.98,-0.3933,8,,-0.3933,0.3933,,,,49095,17640,0,0,csma_ca_lite,275,275,0,True,16,1500,0,0,0.0,0.0,0.023271,0.084193,True,3,0,0,0,0,0,0,0,0,0,0,0,0.0,0.0,0,0,0,0,,,0,,0,0,0,0,,0,,0,0.092,1500,52087,-10.2721,-66.3606,channel_aware_adaptive,19.0,10.0,20.0,16.4901,101,48,53,-84.3243,0.645,907,768,903,281,4,distributed,0,0,0,0,0,0,0,,physical_pulse,15,6150015
event_driven,50,125,678,6000,6125,678,5447,0.1107,0.5905,0.2988,0.0,0.0,1340.3294,0.0,0,0,0,0,0,0,0.0,0,26.8066,0.8385,0.0313,0.999,,77.5,31.0,0.0,0.0,0.0,0.0,121.8294,1102.5,7.5,ideal,,,,50,0,,,,,,,,1.0,1.0,1.0,1.0,1.0,1.0,1.0,0.0,0.0,0,1,1,0.98,-0.3933,8,,-0.3933,0.3933,,,,3617,1830,0,0,csma_ca_lite,31,31,0,True,16,125,0,0,0.0,0.0,0.006488,0.031382,True,3,0,0,0,0,0,0,0,0,0,0,0,0.0,0.0,0,0,0,0,,,0,,0,0,0,0,,0,,0,0.1107,125,3871,-5.1036,-55.7647,channel_aware_adaptive,19.4,10.0,20.0,18.8525,11,4,7,-84.2686,0.655,70,57,69,25,1,distributed,0,0,0,0,0,0,0,,physical_pulse,15,6150015
send_on_delta,50,101,537,4848,4949,537,4412,0.1085,0.586,0.3055,0.0,0.0,1104.6993,0.0,0,0,0,0,0,0,0.0,0,22.094,0.6298,0.0285,0.9992,,77.5,31.0,0.0,0.0,0.0,0.0,97.8793,890.82,7.5,ideal,,,,50,0,,,,,,,,1.0,1.0,1.0,1.0,1.0,1.0,1.0,0.0,0.0,0,1,1,0.98,-0.3933,8,,-0.3933,0.3933,,,,2900,1512,0,0,csma_ca_lite,20,20,0,True,16,101,0,0,0.0,0.0,0.005029,0.024194,True,3,0,0,0,0,0,0,0,0,0,0,0,0.0,0.0,0,0,0,0,,,0,,0,0,0,0,,0,,0,0.1085,101,3087,-5.3404,-56.7722,channel_aware_adaptive,18.8,10.0,20.0,18.7931,8,1,7,-84.3594,0.58,55,46,55,17,0,distributed,0,0,0,0,0,0,0,,physical_pulse,15,6150015
teen_like,50,107,570,5136,5243,570,4673,0.1087,0.6229,0.2684,0.0,0.0,1163.6068,0.0,0,0,0,0,0,0,0.0,0,23.2721,0.6496,0.0279,0.9992,,77.5,31.0,0.0,0.0,0.0,0.0,103.8668,943.74,7.5,ideal,,,,50,0,,,,,,,,1.0,1.0,1.0,1.0,1.0,1.0,1.0,0.0,0.0,0,1,1,0.98,-0.3933,8,,-0.3933,0.3933,,,,3266,1407,0,0,csma_ca_lite,27,27,0,True,16,107,0,0,0.0,0.0,0.005491,0.029341,True,3,0,0,0,0,0,0,0,0,0,0,0,0.0,0.0,0,0,0,0,,,0,,0,0,0,0,,0,,0,0.1087,107,3528,-5.0297,-56.7722,channel_aware_adaptive,18.8,10.0,20.0,18.6667,10,2,8,-84.2507,0.62,58,49,58,18,0,distributed,0,0,0,0,0,0,0,,physical_pulse,15,6150015
distributed_edge,50,125,678,6000,6125,678,5447,0.1107,0.5905,0.2988,0.0,0.0,1572.8294,0.0,0,0,0,0,0,0,0.0,0,31.4566,0.8385,0.0267,0.9993,,77.5,31.0,232.5,0.0,0.0,0.0,121.8294,1102.5,7.5,ideal,,,,50,0,,,,,,,,1.0,1.0,1.0,1.0,1.0,1.0,1.0,0.0,0.0,0,1,1,0.98,-0.3893,8,,-0.3893,0.3893,,,,3617,1830,0,0,csma_ca_lite,31,31,0,True,16,125,0,0,0.0,0.0,0.006488,0.031382,True,3,0,0,0,0,0,0,0,0,0,0,0,0.0,0.0,0,0,0,0,,,0,,0,0,0,0,,0,,0,0.1107,125,3871,-5.1036,-55.7647,channel_aware_adaptive,19.4,10.0,20.0,18.8525,11,4,7,-84.2686,0.655,70,57,69,25,1,distributed,0,0,0,0,0,0,0,,physical_pulse,15,6150015
voi_baseline,50,94,482,4512,4606,482,4124,0.1046,0.5957,0.2996,0.0,0.0,1268.8897,0.0,0,0,0,0,0,0,0.0,0,25.3778,0.7704,0.0304,0.9991,,77.5,31.0,232.5,0.0,0.0,0.0,91.3097,829.08,7.5,ideal,,,,50,0,,,,,,,,1.0,1.0,1.0,1.0,1.0,1.0,1.0,0.0,0.0,0,1,1,0.98,-0.3893,8,,-0.3893,0.3893,,,,2744,1380,0,0,csma_ca_lite,25,25,0,True,16,94,0,0,0.0,0.0,0.004635,0.020624,True,3,0,0,0,0,0,0,0,0,0,0,0,0.0,0.0,0,0,0,0,,,0,,0,0,0,0,,0,,0,0.1046,94,2940,-4.9847,-56.674,channel_aware_adaptive,19.0,10.0,20.0,18.8136,9,2,7,-83.6124,0.615,49,42,49,21,0,distributed,0,0,0,0,0,0,0,,physical_pulse,15,6150015
dstep,50,85,494,4080,4165,494,3671,0.1186,0.6022,0.2792,0.0,0.0,1448.3666,0.0,0,0,0,0,0,0,0.0,0,28.9673,0.8438,0.0291,0.9992,,77.5,31.0,232.5,52.5,162.8,50.875,83.9916,749.7,7.5,ideal,,,,50,0,,,,,,,,1.0,0.82,0.9011,1.0,0.82,0.9011,0.96,0.0,0.0,0,1,1,0.96,-0.3893,8,0.9651,-0.8864,0.8864,37.272,8.8726,1.2745,2508,1163,0,494,csma_ca_lite,16,16,0,True,16,85,0,1,0.000466,0.005208,0.00492,0.017562,True,3,0,0,0,0,0,0,0,0,0,0,0,0.0,0.0,0,0,0,0,,,0,,0,0,0,0,,0,,0,0.1186,85,2646,-4.1977,-53.2016,channel_aware_adaptive,19.2,10.0,20.0,19.2593,4,0,4,-83.7464,0.6649,50,42,50,16,0,distributed,0,0,0,0,0,0,0,,physical_pulse,15,6150015
dstep_payoff,50,107,611,5136,5243,611,4632,0.1165,0.6149,0.2685,0.0,0.0,1528.6692,28.31,2831,481,1630,574,146,1630,144.8647,92,30.5734,0.6211,0.0203,0.9996,,77.5,31.0,232.5,52.5,38.48,12.025,105.1142,943.74,7.5,ideal,,,,50,0,,,,,,,,1.0,0.92,0.9583,1.0,0.92,0.9583,1.0,0.0,0.0,0,1,1,1.0,-0.3891,8,0.6577,-1.4353,1.4353,37.9627,7.4516,1.0013,3224,1408,0,613,csma_ca_lite,23,23,0,True,16,107,0,1,0.00061,0.011668,0.006124,0.026301,True,3,0,0,0,0,0,0,0,0,0,0,0,0.0,0.0,0,0,0,0,,,0,,0,0,0,0,,0,,0,0.1165,107,3479,-4.3033,-54.2953,channel_aware_adaptive,19.0,10.0,20.0,18.8136,9,2,7,-83.705,0.755,57,44,56,19,1,distributed,0,0,0,0,0,0,0,,physical_pulse,15,6150015
periodic,100,3000,19429,144000,297000,19429,277571,0.0654,0.7936,0.141,0.0,0.0,56423.806,0.0,0,0,0,0,0,0,0.0,0,564.2381,3.3546,0.0059,1.0,,155.0,62.0,0.0,0.0,0.0,0.0,2731.806,53460.0,15.0,ideal,,,,100,0,,,,,,,,1.0,0.99,0.995,1.0,0.99,0.995,0.99,0.0,0.0,0,1,1,0.98,-0.8122,19,,-0.8122,0.8122,,,,235697,41874,0,0,csma_ca_lite,668,668,0,True,16,3000,0,0,0.0,0.0,0.026055,0.08419,True,3,0,0,0,0,0,0,0,0,0,0,0,0.0,0.0,0,0,0,0,,,0,,0,0,0,0,,0,,0,0.0654,3000,248292,-11.5799,-67.2932,channel_aware_adaptive,18.0,10.0,20.0,15.8811,354,167,187,-82.8831,0.4725,1945,1580,1944,296,1,distributed,0,0,0,0,0,0,0,,physical_pulse,14,6200014
event_driven,100,270,1993,12960,26730,1993,24737,0.0746,0.7439,0.1815,0.0,0.0,5296.6222,0.0,0,0,0,0,0,0,0.0,0,52.9662,0.818,0.0154,0.9998,,155.0,62.0,0.0,0.0,0.0,0.0,253.2222,4811.4,15.0,ideal,,,,100,0,,,,,,,,1.0,0.99,0.995,1.0,0.99,0.995,0.99,0.0,0.0,0,1,1,0.98,-0.8122,19,,-0.8122,0.8122,,,,19885,4852,0,0,csma_ca_lite,64,64,0,True,16,270,0,0,0.0,0.0,0.008054,0.045654,True,3,0,0,0,0,0,0,0,0,0,0,0,0.0,0.0,0,0,0,0,,,0,,0,0,0,0,,0,,0,0.0746,270,20889,-7.8138,-66.7303,channel_aware_adaptive,18.6,10.0,20.0,18.0282,42,14,28,-81.7373,0.7045,159,129,159,24,0,distributed,0,0,0,0,0,0,0,,physical_pulse,14,6200014
send_on_delta,100,213,1692,10224,21087,1692,19395,0.0802,0.7319,0.1878,0.0,0.0,4226.9114,0.0,0,0,0,0,0,0,0.0,0,42.2691,0.671,0.0159,0.9997,,155.0,62.0,0.0,0.0,0.0,0.0,199.2514,3795.66,15.0,ideal,,,,100,0,,,,,,,,1.0,0.99,0.995,1.0,0.99,0.995,0.99,0.0,0.0,0,1,1,0.98,-0.8122,19,,-0.8122,0.8122,,,,15434,3961,0,0,csma_ca_lite,54,54,0,True,16,213,0,0,0.0,0.0,0.006583,0.028167,True,3,0,0,0,0,0,0,0,0,0,0,0,0.0,0.0,0,0,0,0,,,0,,0,0,0,0,,0,,0,0.0802,213,16335,-7.6058,-64.78,channel_aware_adaptive,18.4,10.0,20.0,18.1343,34,9,25,-82.305,0.6818,129,99,129,16,0,distributed,0,0,0,0,0,0,0,,physical_pulse,14,6200014
teen_like,100,225,1852,10800,22275,1852,20423,0.0831,0.7403,0.1765,0.0,0.0,4452.3106,0.0,0,0,0,0,0,0,0.0,0,44.5231,0.7287,0.0164,0.9997,,155.0,62.0,0.0,0.0,0.0,0.0,210.8106,4009.5,15.0,ideal,,,,100,0,,,,,,,,1.0,0.99,0.995,1.0,0.99,0.995,0.99,0.0,0.0,0,1,1,0.98,-0.8122,19,,-0.8122,0.8122,,,,16491,3932,0,0,csma_ca_lite,67,67,0,True,16,225,0,0,0.0,0.0,0.006804,0.044019,True,3,0,0,0,0,0,0,0,0,0,0,0,0.0,0.0,0,0,0,0,,,0,,0,0,0,0,,0,,0,0.0831,225,17523,-7.4634,-63.509,channel_aware_adaptive,18.1,10.0,20.0,18.0451,33,7,26,-81.9588,0.7096,126,100,126,14,0,distributed,0,0,0,0,0,0,0,,physical_pulse,14,6200014
distributed_edge,100,270,1993,12960,26730,1993,24737,0.0746,0.7439,0.1815,0.0,0.0,5761.6222,0.0,0,0,0,0,0,0,0.0,0,57.6162,0.818,0.0142,0.9998,,155.0,62.0,465.0,0.0,0.0,0.0,253.2222,4811.4,15.0,ideal,,,,100,0,,,,,,,,1.0,0.99,0.995,1.0,0.99,0.995,0.99,0.0,0.0,0,1,1,0.98,-0.8082,19,,-0.8082,0.8082,,,,19885,4852,0,0,csma_ca_lite,64,64,0,True,16,270,0,0,0.0,0.0,0.008054,0.045654,True,3,0,0,0,0,0,0,0,0,0,0,0,0.0,0.0,0,0,0,0,,,0,,0,0,0,0,,0,,0,0.0746,270,20889,-7.8138,-66.7303,channel_aware_adaptive,18.6,10.0,20.0,18.0282,42,14,28,-81.7373,0.7045,159,129,159,24,0,distributed,0,0,0,0,0,0,0,,physical_pulse,14,6200014
voi_baseline,100,207,1737,9936,20493,1737,18756,0.0848,0.7053,0.2099,0.0,0.0,4581.0828,0.0,0,0,0,0,0,0,0.0,0,45.8108,0.7737,0.0169,0.9997,,155.0,62.0,465.0,0.0,0.0,0.0,195.3428,3688.74,15.0,ideal,,,,100,0,,,,,,,,1.0,0.99,0.995,1.0,0.99,0.995,0.99,0.0,0.0,0,1,1,0.98,-0.8082,19,,-0.8082,0.8082,,,,14454,4302,0,0,csma_ca_lite,43,43,0,True,16,207,0,0,0.0,0.0,0.005458,0.029149,True,3,0,0,0,0,0,0,0,0,0,0,0,0.0,0.0,0,0,0,0,,,0,,0,0,0,0,,0,,0,0.0848,207,15147,-7.5958,-63.5016,channel_aware_adaptive,17.3,10.0,20.0,17.6259,39,6,33,-81.6372,0.6263,116,93,116,13,0,distributed,0,0,0,0,0,0,0,,physical_pulse,14,6200014
dstep,100,198,1410,9504,19602,1410,18192,0.0719,0.762,0.1661,0.0,0.0,4993.2788,0.0,0,0,0,0,0,0,0.0,0,49.9328,0.5992,0.012,0.9999,,155.0,62.0,465.0,105.0,360.24,112.575,190.1038,3528.36,15.0,ideal,,,,100,0,,,,,,,,1.0,0.93,0.9637,1.0,0.93,0.9637,1.0,0.0,0.0,0,1,1,1.0,-0.8082,19,0.6796,-1.6281,1.6281,38.2989,6.6494,1.1058,14937,3255,0,1410,csma_ca_lite,44,44,0,True,16,198,0,1,0.000866,0.019671,0.006243,0.02169,True,3,0,0,0,0,0,0,0,0,0,0,0,0.0,0.0,0,0,0,0,,,0,,0,0,0,0,,0,,0,0.0719,198,15741,-7.3273,-59.756,channel_aware_adaptive,18.8,10.0,20.0,18.6066,22,5,17,-82.0779,0.6995,120,94,120,12,0,distributed,0,0,0,0,0,0,0,,physical_pulse,14,6200014
dstep_payoff,100,195,1740,9360,19305,1740,17565,0.0901,0.6771,0.2328,0.0,0.0,4669.7308,66.81,6681,1319,3421,1557,384,3421,371.1431,265,46.6973,0.7034,0.0151,0.9998,,155.0,62.0,465.0,105.0,105.52,32.975,187.5258,3474.9,15.0,ideal,,,,100,0,,,,,,,,1.0,0.8,0.8889,1.0,0.8,0.8889,1.0,0.0,0.0,0,1,1,1.0,-0.808,19,0.662,-2.2565,2.2565,35.7555,7.933,0.9754,13071,4494,0,1746,csma_ca_lite,45,45,0,True,16,195,0,1,0.000971,0.029172,0.006489,0.029172,True,3,0,0,0,0,0,0,0,0,0,0,0,0.0,0.0,0,0,0,0,,,0,,0,0,0,0,,0,,0,0.0901,195,13761,-6.5633,-61.7495,channel_aware_adaptive,18.4,10.0,20.0,18.3333,26,5,21,-81.6146,0.7424,108,90,108,14,0,distributed,0,0,0,0,0,0,0,,physical_pulse,14,6200014
periodic,100,3000,18873,144000,297000,18873,278127,0.0635,0.7786,0.1578,0.0,0.0,56414.2426,0.0,0,0,0,0,0,0,0.0,0,564.1424,3.2732,0.0058,1.0,,155.0,62.0,0.0,0.0,0.0,0.0,2722.2426,53460.0,15.0,ideal,,,,100,0,,,,,,,,1.0,0.98,0.9899,1.0,0.98,0.9899,0.98,0.0,0.0,0,1,1,0.96,-0.8311,21,,-0.8311,0.8311,,,,231259,46868,0,0,csma_ca_lite,727,727,0,True,16,3000,0,0,0.0,0.0,0.024105,0.084223,True,3,0,0,0,0,0,0,0,0,0,0,0,0.0,0.0,0,0,0,0,,,0,,0,0,0,0,,0,,0,0.0635,3000,242550,-12.3969,-69.8368,channel_aware_adaptive,18.1,10.0,20.0,15.8182,395,188,207,-82.0179,0.5775,1873,1527,1873,312,0,distributed,0,0,0,0,0,0,0,,physical_pulse,15,6200015
event_driven,100,259,1903,12432,25641,1903,23738,0.0742,0.7418,0.184,0.0,0.0,5094.1989,0.0,0,0,0,0,0,0,0.0,0,50.942,0.8719,0.0171,0.9997,,155.0,62.0,0.0,0.0,0.0,0.0,246.8189,4615.38,15.0,ideal,,,,100,0,,,,,,,,1.0,0.98,0.9899,1.0,0.98,0.9899,0.98,0.0,0.0,0,1,1,0.96,-0.8311,21,,-0.8311,0.8311,,,,19021,4717,0,0,csma_ca_lite,58,58,0,True,16,259,0,0,0.0,0.0,0.007052,0.039452,True,3,0,0,0,0,0,0,0,0,0,0,0,0.0,0.0,0,0,0,0,,,0,,0,0,0,0,,0,,0,0.0742,259,19998,-8.2276,-65.8883,channel_aware_adaptive,18.3,10.0,20.0,18.1203,33,8,25,-81.6372,0.6403,152,119,152,21,0,distributed,0,0,0,0,0,0,0,,physical_pulse,15,6200015
send_on_delta,100,202,1538,9696,19998,1538,18460,0.0769,0.7148,0.2083,0.0,0.0,4024.488,0.0,0,0,0,0,0,0,0.0,0,40.2449,0.7151,0.0178,0.9997,,155.0,62.0,0.0,0.0,0.0,0.0,192.848,3599.64,15.0,ideal,,,,100,0,,,,,,,,1.0,0.98,0.9899,1.0,0.98,0.9899,0.98,0.0,0.0,0,1,1,0.96,-0.8311,21,,-0.8311,0.8311,,,,14295,4165,0,0,csma_ca_lite,48,48,0,True,16,202,0,0,0.0,0.0,0.005965,0.029589,True,3,0,0,0,0,0,0,0,0,0,0,0,0.0,0.0,0,0,0,0,,,0,,0,0,0,0,,0,,0,0.0769,202,15048,-7.577,-57.0475,channel_aware_adaptive,18.2,10.0,20.0,18.0597,34,8,26,-81.6637,0.6505,118,89,118,19,0,distributed,0,0,0,0,0,0,0,,physical_pulse,15,6200015
teen_like,100,221,1643,10608,21879,1643,20236,0.0751,0.7233,0.2017,0.0,0.0,4382.8601,0.0,0,0,0,0,0,0,0.0,0,43.8286,0.7925,0.0181,0.9997,,155.0,62.0,0.0,0.0,0.0,0.0,212.6401,3938.22,15.0,ideal,,,,100,0,,,,,,,,1.0,0.98,0.9899,1.0,0.98,0.9899,0.98,0.0,0.0,0,1,1,0.96,-0.8311,21,,-0.8311,0.8311,,,,15824,4412,0,0,csma_ca_lite,57,57,0,True,16,221,0,0,0.0,0.0,0.006859,0.045328,True,3,0,0,0,0,0,0,0,0,0,0,0,0.0,0.0,0,0,0,0,,,0,,0,0,0,0,,0,,0,0.0751,221,16632,-7.3363,-58.2545,channel_aware_adaptive,18.7,10.0,20.0,18.4252,27,7,20,-81.5897,0.7015,124,100,124,15,0,distributed,0,0,0,0,0,0,0,,physical_pulse,15,6200015
distributed_edge,100,259,1903,12432,25641,1903,23738,0.0742,0.7418,0.184,0.0,0.0,5559.1989,0.0,0,0,0,0,0,0,0.0,0,55.592,0.8719,0.0157,0.9998,,155.0,62.0,465.0,0.0,0.0,0.0,246.8189,4615.38,15.0,ideal,,,,100,0,,,,,,,,1.0,0.98,0.9899,1.0,0.98,0.9899,0.98,0.0,0.0,0,1,1,0.96,-0.8271,21,,-0.8271,0.8271,,,,19021,4717,0,0,csma_ca_lite,58,58,0,True,16,259,0,0,0.0,0.0,0.007052,0.039452,True,3,0,0,0,0,0,0,0,0,0,0,0,0.0,0.0,0,0,0,0,,,0,,0,0,0,0,,0,,0,0.0742,259,19998,-8.2276,-65.8883,channel_aware_adaptive,18.3,10.0,20.0,18.1203,33,8,25,-81.6372,0.6403,152,119,152,21,0,distributed,0,0,0,0,0,0,0,,physical_pulse,15,6200015
voi_baseline,100,200,1441,9600,19800,1441,18359,0.0728,0.7426,0.1846,0.0,0.0,4453.0996,0.0,0,0,0,0,0,0,0.0,0,44.531,0.7866,0.0177,0.9997,,155.0,62.0,465.0,0.0,0.0,0.0,192.0996,3564.0,15.0,ideal,,,,100,0,,,,,,,,1.0,0.98,0.9899,1.0,0.98,0.9899,0.98,0.0,0.0,0,1,1,0.96,-0.8271,21,,-0.8271,0.8271,,,,14704,3655,0,0,csma_ca_lite,51,51,0,True,16,200,0,0,0.0,0.0,0.005817,0.027225,True,3,0,0,0,0,0,0,0,0,0,0,0,0.0,0.0,0,0,0,0,,,0,,0,0,0,0,,0,,0,0.0728,200,15444,-7.7154,-60.7497,channel_aware_adaptive,18.5,10.0,20.0,18.1955,33,9,24,-81.7487,0.6199,123,98,123,18,0,distributed,0,0,0,0,0,0,0,,physical_pulse,15,6200015
dstep,100,199,1611,9552,19701,1611,18090,0.0818,0.7298,0.1885,0.0,0.0,5031.9543,0.0,0,0,0,0,0,0,0.0,0,50.3195,0.5591,0.0111,0.9999,,155.0,62.0,465.0,105.0,376.32,117.6,189.8543,3546.18,15.0,ideal,,,,100,0,,,,,,,,1.0,0.93,0.9637,1.0,0.93,0.9637,1.0,0.0,0.0,0,1,1,1.0,-0.8271,21,0.2733,-4.6394,4.6394,44.139,9.891,1.2164,14377,3713,0,1611,csma_ca_lite,48,48,0,True,16,199,0,1,0.000777,0.017895,0.005551,0.018625,True,3,0,0,0,0,0,0,0,0,0,0,0,0.0,0.0,0,0,0,0,,,0,,0,0,0,0,,0,,0,0.0818,199,15246,-6.6457,-62.3461,channel_aware_adaptive,18.0,10.0,20.0,17.9851,34,7,27,-81.9331,0.7424,111,81,111,18,0,distributed,0,0,0,0,0,0,0,,physical_pulse,15,6200015
dstep_payoff,100,193,1492,9264,19107,1492,17615,0.0781,0.7253,0.1966,0.0,0.0,4590.2626,61.82,6182,980,3512,1205,485,3512,466.1118,212,45.9026,0.6335,0.0138,0.9998,,155.0,62.0,465.0,105.0,78.4,24.5,184.2826,3439.26,15.0,ideal,,,,100,0,,,,,,,,1.0,0.67,0.8024,1.0,0.67,0.8024,1.0,0.0,0.0,0,1,1,1.0,-0.8269,21,0.7861,-1.6338,1.6338,41.4122,8.5513,0.957,13859,3756,0,1497,csma_ca_lite,45,45,0,True,16,193,0,1,0.000668,0.014695,0.006031,0.023061,True,3,0,0,0,0,0,0,0,0,0,0,0,0.0,0.0,0,0,0,0,,,0,,0,0,0,0,,0,,0,0.0781,193,14652,-7.0921,-60.4553,channel_aware_adaptive,18.1,10.0,20.0,17.9137,39,10,29,-81.6027,0.6768,114,81,114,18,0,distributed,0,0,0,0,0,0,0,,physical_pulse,15,6200015
periodic,20,600,1423,28800,11400,1423,9977,0.1248,0.5507,0.3245,0.0,0.0,2697.152,0.0,0,0,0,0,0,0,0.0,0,134.8576,0.0,0.0,1.0,,31.0,12.4,0.0,0.0,0.0,0.0,598.752,2052.0,3.0,ideal,,,,20,0,,,,,,,,0.0,0.0,0.0,0.0,0.0,0.0,0.0,0.45,0.45,1,0,0,0.0,,0,,,,,,,6278,3699,0,0,csma_ca_lite,49,49,0,True,16,600,0,0,0.0,0.0,0.019319,0.083999,True,3,0,0,0,0,0,0,0,0,0,0,0,0.0,0.0,0,0,0,0,,,0,,0,0,0,0,,0,,0,0.1248,600,6555,-9.6145,-59.3571,channel_aware_adaptive,20.0,20.0,20.0,20.0,0,0,0,-87.6211,0.3625,339,328,338,228,1,distributed,0,0,0,0,0,0,0,,absent,14,6220014
event_driven,20,11,46,528,209,46,163,0.2201,0.2584,0.5215,0.0,0.0,94.9971,0.0,0,0,0,0,0,0,0.0,0,4.7499,0.5472,0.1152,0.9869,,31.0,12.4,0.0,0.0,0.0,0.0,10.9771,37.62,3.0,ideal,,,,20,0,,,,,,,,0.0,0.0,0.0,0.0,0.0,0.0,0.0,0.45,0.45,1,0,0,0.0,,0,,,,,,,54,109,0,0,csma_ca_lite,0,0,0,True,16,11,0,0,0.0,0.0,0.001795,0.012469,True,3,0,0,0,0,0,0,0,0,0,0,0,0.0,0.0,0,0,0,0,,,0,,0,0,0,0,,0,,0,0.2201,11,57,1.3186,-39.2266,channel_aware_adaptive,20.0,20.0,20.0,20.0,0,0,0,-86.5046,0.7778,3,3,3,7,0,distributed,0,0,0,0,0,0,0,,absent,14,6220014
send_on_delta,20,10,43,480,190,43,147,0.2263,0.2842,0.4895,0.0,0.0,90.5792,0.0,0,0,0,0,0,0,0.0,0,4.529,0.4839,0.1068,0.9887,,31.0,12.4,0.0,0.0,0.0,0.0,9.9792,34.2,3.0,ideal,,,,20,0,,,,,,,,0.0,0.0,0.0,0.0,0.0,0.0,0.0,0.45,0.45,1,0,0,0.0,,0,,,,,,,54,93,0,0,csma_ca_lite,0,0,0,True,16,10,0,0,0.0,0.0,0.001902,0.012469,True,3,0,0,0,0,0,0,0,0,0,0,0,0.0,0.0,0,0,0,0,,,0,,0,0,0,0,,0,,0,0.2263,10,57,1.0487,-39.2266,channel_aware_adaptive,20.0,20.0,20.0,20.0,0,0,0,-86.749,0.6944,3,3,3,6,0,distributed,0,0,0,0,0,0,0,,absent,14,6220014
teen_like,20,10,43,480,190,43,147,0.2263,0.2842,0.4895,0.0,0.0,90.5792,0.0,0,0,0,0,0,0,0.0,0,4.529,0.4839,0.1068,0.9887,,31.0,12.4,0.0,0.0,0.0,0.0,9.9792,34.2,3.0,ideal,,,,20,0,,,,,,,,0.0,0.0,0.0,0.0,0.0,0.0,0.0,0.45,0.45,1,0,0,0.0,,0,,,,,,,54,93,0,0,csma_ca_lite,0,0,0,True,16,10,0,0,0.0,0.0,0.001902,0.012469,True,3,0,0,0,0,0,0,0,0,0,0,0,0.0,0.0,0,0,0,0,,,0,,0,0,0,0,,0,,0,0.2263,10,57,1.0487,-39.2266,channel_aware_adaptive,20.0,20.0,20.0,20.0,0,0,0,-86.749,0.6944,3,3,3,6,0,distributed,0,0,0,0,0,0,0,,absent,14,6220014
distributed_edge,20,11,46,528,209,46,163,0.2201,0.2584,0.5215,0.0,0.0,187.9971,0.0,0,0,0,0,0,0,0.0,0,9.3999,0.5472,0.0582,0.9966,,31.0,12.4,93.0,0.0,0.0,0.0,10.9771,37.62,3.0,ideal,,,,20,0,,,,,,,,0.0,0.0,0.0,0.0,0.0,0.0,0.0,0.45,0.45,1,0,0,0.0,,0,,,,,,,54,109,0,0,csma_ca_lite,0,0,0,True,16,11,0,0,0.0,0.0,0.001795,0.012469,True,3,0,0,0,0,0,0,0,0,0,0,0,0.0,0.0,0,0,0,0,,,0,,0,0,0,0,,0,,0,0.2201,11,57,1.3186,-39.2266,channel_aware_adaptive,20.0,20.0,20.0,20.0,0,0,0,-86.5046,0.7778,3,3,3,7,0,distributed,0,0,0,0,0,0,0,,absent,14,6220014
voi_baseline,20,10,43,480,190,43,147,0.2263,0.2842,0.4895,0.0,0.0,183.5792,0.0,0,0,0,0,0,0,0.0,0,9.179,0.4839,0.0527,0.9972,,31.0,12.4,93.0,0.0,0.0,0.0,9.9792,34.2,3.0,ideal,,,,20,0,,,,,,,,0.0,0.0,0.0,0.0,0.0,0.0,0.0,0.45,0.45,1,0,0,0.0,,0,,,,,,,54,93,0,0,csma_ca_lite,0,0,0,True,16,10,0,0,0.0,0.0,0.001902,0.012469,True,3,0,0,0,0,0,0,0,0,0,0,0,0.0,0.0,0,0,0,0,,,0,,0,0,0,0,,0,,0,0.2263,10,57,1.0487,-39.2266,channel_aware_adaptive,20.0,20.0,20.0,20.0,0,0,0,-86.749,0.6944,3,3,3,6,0,distributed,0,0,0,0,0,0,0,,absent,14,6220014
dstep,20,9,32,432,171,32,139,0.1871,0.3158,0.4971,0.0,0.0,266.5213,0.0,0,0,0,0,0,0,0.0,0,13.3261,0.4895,0.0367,0.9987,,31.0,12.4,93.0,21.0,50.56,15.8,8.9813,30.78,3.0,ideal,,,,20,0,,,,,,,,0.0,0.0,0.0,0.0,0.0,0.0,0.0,0.0,0.0,0,0,0,0.0,,0,,,,,,,54,85,0,32,csma_ca_lite,0,0,0,True,16,9,0,0,0.0,0.0,0.002033,0.012469,True,3,0,0,0,0,0,0,0,0,0,0,0,0.0,0.0,0,0,0,0,,,0,,0,0,0,0,,0,,0,0.1871,9,57,0.6302,-39.2266,channel_aware_adaptive,20.0,20.0,20.0,20.0,0,0,0,-86.773,0.6562,3,3,3,5,0,distributed,0,0,0,0,0,0,0,,absent,14,6220014
dstep_payoff,20,11,45,528,209,45,164,0.2153,0.2584,0.5263,0.0,0.0,216.1121,7.01,701,1,644,18,38,644,37.921,6,10.8056,0.5639,0.0522,0.9973,,31.0,12.4,93.0,21.0,0.08,0.025,10.9771,37.62,3.0,ideal,,,,20,0,,,,,,,,0.0,0.0,0.0,0.0,0.0,0.0,0.0,0.0,0.0,0,0,0,0.0,,0,,,,58.6557,0.7859,inf,54,110,0,45,csma_ca_lite,0,0,0,True,16,11,0,0,0.0,0.0,0.001795,0.012469,True,3,0,0,0,0,0,0,0,0,0,0,0,0.0,0.0,0,0,0,0,,,0,,0,0,0,0,,0,,0,0.2153,11,57,1.374,-39.2266,channel_aware_adaptive,20.0,20.0,20.0,20.0,0,0,0,-86.1333,0.8056,3,3,3,6,0,distributed,0,0,0,0,0,0,0,,absent,14,6220014
periodic,20,600,1731,28800,11400,1731,9669,0.1518,0.558,0.2902,0.0,0.0,2697.152,0.0,0,0,0,0,0,0,0.0,0,134.8576,0.0,0.0,1.0,,31.0,12.4,0.0,0.0,0.0,0.0,598.752,2052.0,3.0,ideal,,,,20,0,,,,,,,,0.0,0.0,0.0,0.0,0.0,0.0,0.0,0.25,0.25,1,0,0,0.0,,0,,,,,,,6361,3308,0,0,csma_ca_lite,38,38,0,True,16,600,0,0,0.0,0.0,0.021808,0.083489,True,3,0,0,0,0,0,0,0,0,0,0,0,0.0,0.0,0,0,0,0,,,0,,0,0,0,0,,0,,0,0.1518,600,6631,-8.0938,-54.4898,channel_aware_adaptive,20.0,20.0,20.0,20.0,0,0,0,-88.0882,0.35,347,332,347,231,0,distributed,0,0,0,0,0,0,0,,absent,15,6220015
event_driven,20,8,42,384,152,42,110,0.2763,0.0,0.7237,0.0,0.0,81.7434,0.0,0,0,0,0,0,0,0.0,0,4.0872,0.7496,0.1834,0.9675,,31.0,12.4,0.0,0.0,0.0,0.0,7.9834,27.36,3.0,ideal,,,,20,0,,,,,,,,0.0,0.0,0.0,0.0,0.0,0.0,0.0,0.25,0.25,1,0,0,0.0,,0,,,,,,,0,110,0,0,csma_ca_lite,0,0,0,True,16,8,0,0,0.0,0.0,0.000728,0.000728,True,3,0,0,0,0,0,0,0,0,0,0,0,0.0,0.0,0,0,0,0,,,0,,0,0,0,0,,0,,0,0.2763,8,0,5.4088,-6.4786,channel_aware_adaptive,20.0,20.0,20.0,20.0,0,0,0,-87.4576,0.75,0,0,0,4,0,distributed,0,0,0,0,0,0,0,,absent,15,6220015
send_on_delta,20,8,42,384,152,42,110,0.2763,0.0,0.7237,0.0,0.0,81.7434,0.0,0,0,0,0,0,0,0.0,0,4.0872,0.7496,0.1834,0.9675,,31.0,12.4,0.0,0.0,0.0,0.0,7.9834,27.36,3.0,ideal,,,,20,0,,,,,,,,0.0,0.0,0.0,0.0,0.0,0.0,0.0,0.25,0.25,1,0,0,0.0,,0,,,,,,,0,110,0,0,csma_ca_lite,0,0,0,True,16,8,0,0,0.0,0.0,0.000728,0.000728,True,3,0,0,0,0,0,0,0,0,0,0,0,0.0,0.0,0,0,0,0,,,0,,0,0,0,0,,0,,0,0.2763,8,0,5.4088,-6.4786,channel_aware_adaptive,20.0,20.0,20.0,20.0,0,0,0,-87.4576,0.75,0,0,0,4,0,distributed,0,0,0,0,0,0,0,,absent,15,6220015
teen_like,20,8,42,384,152,42,110,0.2763,0.0,0.7237,0.0,0.0,81.7434,0.0,0,0,0,0,0,0,0.0,0,4.0872,0.7496,0.1834,0.9675,,31.0,12.4,0.0,0.0,0.0,0.0,7.9834,27.36,3.0,ideal,,,,20,0,,,,,,,,0.0,0.0,0.0,0.0,0.0,0.0,0.0,0.25,0.25,1,0,0,0.0,,0,,,,,,,0,110,0,0,csma_ca_lite,0,0,0,True,16,8,0,0,0.0,0.0,0.000728,0.000728,True,3,0,0,0,0,0,0,0,0,0,0,0,0.0,0.0,0,0,0,0,,,0,,0,0,0,0,,0,,0,0.2763,8,0,5.4088,-6.4786,channel_aware_adaptive,20.0,20.0,20.0,20.0,0,0,0,-87.4576,0.75,0,0,0,4,0,distributed,0,0,0,0,0,0,0,,absent,15,6220015
distributed_edge,20,8,42,384,152,42,110,0.2763,0.0,0.7237,0.0,0.0,174.7434,0.0,0,0,0,0,0,0,0.0,0,8.7372,0.7496,0.0858,0.9927,,31.0,12.4,93.0,0.0,0.0,0.0,7.9834,27.36,3.0,ideal,,,,20,0,,,,,,,,0.0,0.0,0.0,0.0,0.0,0.0,0.0,0.25,0.25,1,0,0,0.0,,0,,,,,,,0,110,0,0,csma_ca_lite,0,0,0,True,16,8,0,0,0.0,0.0,0.000728,0.000728,True,3,0,0,0,0,0,0,0,0,0,0,0,0.0,0.0,0,0,0,0,,,0,,0,0,0,0,,0,,0,0.2763,8,0,5.4088,-6.4786,channel_aware_adaptive,20.0,20.0,20.0,20.0,0,0,0,-87.4576,0.75,0,0,0,4,0,distributed,0,0,0,0,0,0,0,,absent,15,6220015
voi_baseline,20,7,36,336,133,36,97,0.2707,0.0,0.7293,0.0,0.0,170.3254,0.0,0,0,0,0,0,0,0.0,0,8.5163,0.594,0.0698,0.9952,,31.0,12.4,93.0,0.0,0.0,0.0,6.9854,23.94,3.0,ideal,,,,20,0,,,,,,,,0.0,0.0,0.0,0.0,0.0,0.0,0.0,0.25,0.25,1,0,0,0.0,,0,,,,,,,0,97,0,0,csma_ca_lite,0,0,0,True,16,7,0,0,0.0,0.0,0.000728,0.000728,True,3,0,0,0,0,0,0,0,0,0,0,0,0.0,0.0,0,0,0,0,,,0,,0,0,0,0,,0,,0,0.2707,7,0,5.5516,-6.4786,channel_aware_adaptive,20.0,20.0,20.0,20.0,0,0,0,-87.1554,0.75,0,0,0,4,0,distributed,0,0,0,0,0,0,0,,absent,15,6220015
dstep,20,6,36,288,114,36,78,0.3158,0.0,0.6842,0.0,0.0,253.6875,0.0,0,0,0,0,0,0,0.0,0,12.6844,0.5698,0.0449,0.998,,31.0,12.4,93.0,21.0,50.88,15.9,5.9875,20.52,3.0,ideal,,,,20,0,,,,,,,,0.0,0.0,0.0,0.0,0.0,0.0,0.0,0.0,0.0,0,0,0,0.0,,0,,,,,,,0,78,0,36,csma_ca_lite,0,0,0,True,16,6,0,0,0.0,0.0,0.000728,0.000728,True,3,0,0,0,0,0,0,0,0,0,0,0,0.0,0.0,0,0,0,0,,,0,,0,0,0,0,,0,,0,0.3158,6,0,5.8832,-6.8222,channel_aware_adaptive,20.0,20.0,20.0,20.0,0,0,0,-86.006,0.75,0,0,0,4,0,distributed,0,0,0,0,0,0,0,,absent,15,6220015
dstep_payoff,20,8,42,384,152,42,110,0.2763,0.0,0.7237,0.0,0.0,202.6634,6.92,692,0,642,20,30,642,29.9376,2,10.1332,0.7463,0.0737,0.9946,,31.0,12.4,93.0,21.0,0.0,0.0,7.9834,27.36,3.0,ideal,,,,20,0,,,,,,,,0.0,0.0,0.0,0.0,0.0,0.0,0.0,0.0,0.0,0,0,0,0.0,,0,,,,,,,0,110,0,42,csma_ca_lite,0,0,0,True,16,8,0,0,0.0,0.0,0.000728,0.000728,True,3,0,0,0,0,0,0,0,0,0,0,0,0.0,0.0,0,0,0,0,,,0,,0,0,0,0,,0,,0,0.2763,8,0,5.4088,-6.4786,channel_aware_adaptive,20.0,20.0,20.0,20.0,0,0,0,-87.4576,0.75,0,0,0,4,0,distributed,0,0,0,0,0,0,0,,absent,15,6220015
periodic,50,1500,7011,72000,73500,7011,66489,0.0954,0.6669,0.2378,0.0,0.0,14797.142,0.0,0,0,0,0,0,0,0.0,0,295.9428,1.878,0.0063,1.0,,77.5,31.0,0.0,0.0,0.0,0.0,1451.142,13230.0,7.5,ideal,,,,50,0,,,,,,,,0.0,0.0,0.0,0.0,0.0,0.0,0.0,0.36,0.36,1,0,0,0.0,,0,,,,,,,49014,17475,0,0,csma_ca_lite,271,271,0,True,16,1500,0,0,0.0,0.0,0.023147,0.084185,True,3,0,0,0,0,0,0,0,0,0,0,0,0.0,0.0,0,0,0,0,,,0,,0,0,0,0,,0,,0,0.0954,1500,51891,-10.034,-68.2111,channel_aware_adaptive,19.0,10.0,20.0,16.5306,97,46,51,-83.9804,0.565,909,757,907,285,2,distributed,0,0,0,0,0,0,0,,absent,14,6250014
event_driven,50,25,202,1200,1225,202,1023,0.1649,0.4776,0.3576,0.0,0.0,361.448,0.0,0,0,0,0,0,0,0.0,0,7.229,0.6175,0.0854,0.9928,,77.5,31.0,0.0,0.0,0.0,0.0,24.948,220.5,7.5,ideal,,,,50,0,,,,,,,,0.0,0.0,0.0,0.0,0.0,0.0,0.0,0.36,0.36,1,0,0,0.0,,0,,,,,,,585,438,0,0,csma_ca_lite,0,0,0,True,16,25,0,0,0.0,0.0,0.002413,0.017437,True,3,0,0,0,0,0,0,0,0,0,0,0,0.0,0.0,0,0,0,0,,,0,,0,0,0,0,,0,,0,0.1649,25,637,-2.0774,-47.96,channel_aware_adaptive,19.6,10.0,20.0,19.6154,2,0,2,-83.1189,0.7639,10,7,10,6,0,distributed,0,0,0,0,0,0,0,,absent,14,6250014
send_on_delta,50,22,175,1056,1078,175,903,0.1623,0.3757,0.462,0.0,0.0,331.9942,0.0,0,0,0,0,0,0,0.0,0,6.6399,0.5465,0.0823,0.9933,,77.5,31.0,0.0,0.0,0.0,0.0,21.9542,194.04,7.5,ideal,,,,50,0,,,,,,,,0.0,0.0,0.0,0.0,0.0,0.0,0.0,0.36,0.36,1,0,0,0.0,,0,,,,,,,405,498,0,0,csma_ca_lite,2,2,0,True,16,22,0,0,0.0,0.0,0.001409,0.013481,True,3,0,0,0,0,0,0,0,0,0,0,0,0.0,0.0,0,0,0,0,,,0,,0,0,0,0,,0,,0,0.1623,22,441,-1.6869,-46.8292,channel_aware_adaptive,20.0,20.0,20.0,20.0,0,0,0,-83.3593,0.7639,7,6,7,4,0,distributed,0,0,0,0,0,0,0,,absent,14,6250014
teen_like,50,22,175,1056,1078,175,903,0.1623,0.3757,0.462,0.0,0.0,331.9942,0.0,0,0,0,0,0,0,0.0,0,6.6399,0.5465,0.0823,0.9933,,77.5,31.0,0.0,0.0,0.0,0.0,21.9542,194.04,7.5,ideal,,,,50,0,,,,,,,,0.0,0.0,0.0,0.0,0.0,0.0,0.0,0.36,0.36,1,0,0,0.0,,0,,,,,,,405,498,0,0,csma_ca_lite,2,2,0,True,16,22,0,0,0.0,0.0,0.001409,0.013481,True,3,0,0,0,0,0,0,0,0,0,0,0,0.0,0.0,0,0,0,0,,,0,,0,0,0,0,,0,,0,0.1623,22,441,-1.6869,-46.8292,channel_aware_adaptive,20.0,20.0,20.0,20.0,0,0,0,-83.3593,0.7639,7,6,7,4,0,distributed,0,0,0,0,0,0,0,,absent,14,6250014
distributed_edge,50,25,202,1200,1225,202,1023,0.1649,0.4776,0.3576,0.0,0.0,593.948,0.0,0,0,0,0,0,0,0.0,0,11.879,0.6175,0.052,0.9973,,77.5,31.0,232.5,0.0,0.0,0.0,24.948,220.5,7.5,ideal,,,,50,0,,,,,,,,0.0,0.0,0.0,0.0,0.0,0.0,0.0,0.36,0.36,1,0,0,0.0,,0,,,,,,,585,438,0,0,csma_ca_lite,0,0,0,True,16,25,0,0,0.0,0.0,0.002413,0.017437,True,3,0,0,0,0,0,0,0,0,0,0,0,0.0,0.0,0,0,0,0,,,0,,0,0,0,0,,0,,0,0.1649,25,637,-2.0774,-47.96,channel_aware_adaptive,19.6,10.0,20.0,19.6154,2,0,2,-83.1189,0.7639,10,7,10,6,0,distributed,0,0,0,0,0,0,0,,absent,14,6250014
voi_baseline,50,24,184,1152,1176,184,992,0.1565,0.4957,0.3478,0.0,0.0,584.1301,0.0,0,0,0,0,0,0,0.0,0,11.6826,0.5952,0.051,0.9974,,77.5,31.0,232.5,0.0,0.0,0.0,23.9501,211.68,7.5,ideal,,,,50,0,,,,,,,,0.0,0.0,0.0,0.0,0.0,0.0,0.0,0.36,0.36,1,0,0,0.0,,0,,,,,,,583,409,0,0,csma_ca_lite,0,0,0,True,16,24,0,0,0.0,0.0,0.002483,0.017437,True,3,0,0,0,0,0,0,0,0,0,0,0,0.0,0.0,0,0,0,0,,,0,,0,0,0,0,,0,,0,0.1565,24,637,-2.3834,-47.96,channel_aware_adaptive,19.8,10.0,20.0,19.8039,1,0,1,-83.2501,0.7639,11,7,11,5,0,distributed,0,0,0,0,0,0,0,,absent,14,6250014
dstep,50,18,137,864,882,137,745,0.1553,0.4478,0.3968,0.0,0.0,749.7126,0.0,0,0,0,0,0,0,0.0,0,14.9943,0.4709,0.0314,0.999,,77.5,31.0,232.5,52.5,131.04,40.95,17.9626,158.76,7.5,ideal,,,,50,0,,,,,,,,0.0,0.0,0.0,0.0,0.0,0.0,0.0,0.02,0.28,1,0,0,0.0,,0,,,,64.1042,14.7116,inf,395,350,0,137,csma_ca_lite,0,0,0,True,16,18,0,0,0.0,0.0,0.002048,0.013481,True,3,0,0,0,0,0,0,0,0,0,0,0,0.0,0.0,0,0,0,0,,,0,,0,0,0,0,,0,,0,0.1553,18,441,-0.9835,-48.8839,channel_aware_adaptive,20.0,20.0,20.0,20.0,0,0,0,-84.2075,0.7667,7,5,7,5,0,distributed,0,0,0,0,0,0,0,,absent,14,6250014
dstep_payoff,50,25,202,1200,1225,202,1023,0.1649,0.4776,0.3576,0.0,0.0,668.993,19.29,1929,31,1671,66,161,1671,160.2493,15,13.3799,0.6301,0.0471,0.9978,,77.5,31.0,232.5,52.5,2.48,0.775,24.948,220.5,7.5,ideal,,,,50,0,,,,,,,,0.0,0.0,0.0,0.0,0.0,0.0,0.0,0.0,0.0,0,0,0,0.0,,0,,,,60.7883,12.1491,inf,585,438,0,202,csma_ca_lite,0,0,0,True,16,25,0,0,0.0,0.0,0.002413,0.017437,True,3,0,0,0,0,0,0,0,0,0,0,0,0.0,0.0,0,0,0,0,,,0,,0,0,0,0,,0,,0,0.1649,25,637,-2.0774,-47.96,channel_aware_adaptive,19.6,10.0,20.0,19.6154,2,0,2,-83.1189,0.7639,10,7,10,6,0,distributed,0,0,0,0,0,0,0,,absent,14,6250014
periodic,50,1500,6407,72000,73500,6407,67093,0.0872,0.6654,0.2475,0.0,0.0,14802.5474,0.0,0,0,0,0,0,0,0.0,0,296.0509,1.7551,0.0059,1.0,,77.5,31.0,0.0,0.0,0.0,0.0,1456.5474,13230.0,7.5,ideal,,,,50,0,,,,,,,,0.0,0.0,0.0,0.0,0.0,0.0,0.0,0.36,0.36,1,0,0,0.0,,0,,,,,,,48904,18189,0,0,csma_ca_lite,250,250,0,True,16,1500,0,0,0.0,0.0,0.022208,0.084152,True,3,0,0,0,0,0,0,0,0,0,0,0,0.0,0.0,0,0,0,0,,,0,,0,0,0,0,,0,,0,0.0872,1500,51646,-10.8355,-63.9897,channel_aware_adaptive,19.2,10.0,20.0,16.8548,74,35,39,-84.8949,0.555,897,727,894,282,3,distributed,0,0,0,0,0,0,0,,absent,15,6250015
event_driven,50,22,143,1056,1078,143,935,0.1327,0.6067,0.2607,0.0,0.0,331.9942,0.0,0,0,0,0,0,0,0.0,0,6.6399,0.5214,0.0785,0.9939,,77.5,31.0,0.0,0.0,0.0,0.0,21.9542,194.04,7.5,ideal,,,,50,0,,,,,,,,0.0,0.0,0.0,0.0,0.0,0.0,0.0,0.36,0.36,1,0,0,0.0,,0,,,,,,,654,281,0,0,csma_ca_lite,0,0,0,True,16,22,0,0,0.0,0.0,0.002041,0.015459,True,3,0,0,0,0,0,0,0,0,0,0,0,0.0,0.0,0,0,0,0,,,0,,0,0,0,0,,0,,0,0.1327,22,735,-2.4157,-49.4199,channel_aware_adaptive,19.8,10.0,20.0,19.8039,1,0,1,-83.1731,0.7083,11,5,11,6,0,distributed,0,0,0,0,0,0,0,,absent,15,6250015
send_on_delta,50,22,143,1056,1078,143,935,0.1327,0.6067,0.2607,0.0,0.0,331.9942,0.0,0,0,0,0,0,0,0.0,0,6.6399,0.5214,0.0785,0.9939,,77.5,31.0,0.0,0.0,0.0,0.0,21.9542,194.04,7.5,ideal,,,,50,0,,,,,,,,0.0,0.0,0.0,0.0,0.0,0.0,0.0,0.36,0.36,1,0,0,0.0,,0,,,,,,,654,281,0,0,csma_ca_lite,0,0,0,True,16,22,0,0,0.0,0.0,0.002041,0.015459,True,3,0,0,0,0,0,0,0,0,0,0,0,0.0,0.0,0,0,0,0,,,0,,0,0,0,0,,0,,0,0.1327,22,735,-2.4157,-49.4199,channel_aware_adaptive,19.8,10.0,20.0,19.8039,1,0,1,-83.1731,0.7083,11,5,11,6,0,distributed,0,0,0,0,0,0,0,,absent,15,6250015
teen_like,50,22,143,1056,1078,143,935,0.1327,0.6067,0.2607,0.0,0.0,331.9942,0.0,0,0,0,0,0,0,0.0,0,6.6399,0.5214,0.0785,0.9939,,77.5,31.0,0.0,0.0,0.0,0.0,21.9542,194.04,7.5,ideal,,,,50,0,,,,,,,,0.0,0.0,0.0,0.0,0.0,0.0,0.0,0.36,0.36,1,0,0,0.0,,0,,,,,,,654,281,0,0,csma_ca_lite,0,0,0,True,16,22,0,0,0.0,0.0,0.002041,0.015459,True,3,0,0,0,0,0,0,0,0,0,0,0,0.0,0.0,0,0,0,0,,,0,,0,0,0,0,,0,,0,0.1327,22,735,-2.4157,-49.4199,channel_aware_adaptive,19.8,10.0,20.0,19.8039,1,0,1,-83.1731,0.7083,11,5,11,6,0,distributed,0,0,0,0,0,0,0,,absent,15,6250015
distributed_edge,50,22,143,1056,1078,143,935,0.1327,0.6067,0.2607,0.0,0.0,564.4942,0.0,0,0,0,0,0,0,0.0,0,11.2899,0.5214,0.0462,0.9979,,77.5,31.0,232.5,0.0,0.0,0.0,21.9542,194.04,7.5,ideal,,,,50,0,,,,,,,,0.0,0.0,0.0,0.0,0.0,0.0,0.0,0.36,0.36,1,0,0,0.0,,0,,,,,,,654,281,0,0,csma_ca_lite,0,0,0,True,16,22,0,0,0.0,0.0,0.002041,0.015459,True,3,0,0,0,0,0,0,0,0,0,0,0,0.0,0.0,0,0,0,0,,,0,,0,0,0,0,,0,,0,0.1327,22,735,-2.4157,-49.4199,channel_aware_adaptive,19.8,10.0,20.0,19.8039,1,0,1,-83.1731,0.7083,11,5,11,6,0,distributed,0,0,0,0,0,0,0,,absent,15,6250015
voi_baseline,50,22,143,1056,1078,143,935,0.1327,0.6067,0.2607,0.0,0.0,564.4942,0.0,0,0,0,0,0,0,0.0,0,11.2899,0.5214,0.0462,0.9979,,77.5,31.0,232.5,0.0,0.0,0.0,21.9542,194.04,7.5,ideal,,,,50,0,,,,,,,,0.0,0.0,0.0,0.0,0.0,0.0,0.0,0.36,0.36,1,0,0,0.0,,0,,,,,,,654,281,0,0,csma_ca_lite,0,0,0,True,16,22,0,0,0.0,0.0,0.002041,0.015459,True,3,0,0,0,0,0,0,0,0,0,0,0,0.0,0.0,0,0,0,0,,,0,,0,0,0,0,,0,,0,0.1327,22,735,-2.4157,-49.4199,channel_aware_adaptive,19.8,10.0,20.0,19.8039,1,0,1,-83.1731,0.7083,11,5,11,6,0,distributed,0,0,0,0,0,0,0,,absent,15,6250015
dstep,50,18,105,864,882,105,777,0.119,0.6429,0.2381,0.0,0.0,746.2476,0.0,0,0,0,0,0,0,0.0,0,14.925,0.5334,0.0357,0.9987,,77.5,31.0,232.5,52.5,128.4,40.125,17.9626,158.76,7.5,ideal,,,,50,0,,,,,,,,0.0,0.0,0.0,0.0,0.0,0.0,0.0,0.0,0.0,0,0,0,0.0,,0,,,,29.828,0.7707,inf,567,210,0,105,csma_ca_lite,0,0,0,True,16,18,0,0,0.0,0.0,0.001514,0.014874,True,3,0,0,0,0,0,0,0,0,0,0,0,0.0,0.0,0,0,0,0,,,0,,0,0,0,0,,0,,0,0.119,18,637,-3.084,-52.5974,channel_aware_adaptive,20.0,20.0,20.0,20.0,0,0,0,-82.9753,0.6667,9,5,9,5,0,distributed,0,0,0,0,0,0,0,,absent,15,6250015
dstep_payoff,50,22,143,1056,1078,143,935,0.1327,0.6067,0.2607,0.0,0.0,636.7542,18.08,1808,16,1627,41,124,1627,123.7421,7,12.7351,0.5448,0.0428,0.9982,,77.5,31.0,232.5,52.5,1.28,0.4,21.9542,194.04,7.5,ideal,,,,50,0,,,,,,,,0.0,0.0,0.0,0.0,0.0,0.0,0.0,0.0,0.0,0,0,0,0.0,,0,,,,72.3962,8.7595,inf,654,281,0,143,csma_ca_lite,0,0,0,True,16,22,0,0,0.0,0.0,0.002041,0.015459,True,3,0,0,0,0,0,0,0,0,0,0,0,0.0,0.0,0,0,0,0,,,0,,0,0,0,0,,0,,0,0.1327,22,735,-2.4157,-49.4199,channel_aware_adaptive,19.8,10.0,20.0,19.8039,1,0,1,-83.1731,0.7083,11,5,11,6,0,distributed,0,0,0,0,0,0,0,,absent,15,6250015
periodic,100,3000,19543,144000,297000,19543,277457,0.0658,0.7849,0.1493,0.0,0.0,56395.5316,0.0,0,0,0,0,0,0,0.0,0,563.9553,3.6148,0.0064,1.0,,155.0,62.0,0.0,0.0,0.0,0.0,2703.5316,53460.0,15.0,ideal,,,,100,0,,,,,,,,0.0,0.0,0.0,0.0,0.0,0.0,0.0,0.38,0.38,1,0,0,0.0,,0,,,,,,,233123,44334,0,0,csma_ca_lite,652,652,0,True,16,3000,0,0,0.0,0.0,0.026855,0.084778,True,3,0,0,0,0,0,0,0,0,0,0,0,0.0,0.0,0,0,0,0,,,0,,0,0,0,0,,0,,0,0.0658,3000,245124,-11.335,-67.8143,channel_aware_adaptive,17.5,10.0,20.0,15.8099,363,169,194,-82.6354,0.655,1964,1571,1963,282,1,distributed,0,0,0,0,0,0,0,,absent,14,6300014
event_driven,100,45,541,2160,4455,541,3914,0.1214,0.5937,0.2848,0.0,0.0,1077.559,0.0,0,0,0,0,0,0,0.0,0,10.7756,0.4823,0.0448,0.998,,155.0,62.0,0.0,0.0,0.0,0.0,43.659,801.9,15.0,ideal,,,,100,0,,,,,,,,0.0,0.0,0.0,0.0,0.0,0.0,0.0,0.38,0.38,1,0,0,0.0,,0,,,,,,,2645,1269,0,0,csma_ca_lite,2,2,0,True,16,45,0,0,0.0,0.0,0.001451,0.016001,True,3,0,0,0,0,0,0,0,0,0,0,0,0.0,0.0,0,0,0,0,,,0,,0,0,0,0,,0,,0,0.1214,45,2871,-2.7908,-50.0129,channel_aware_adaptive,19.2,10.0,20.0,19.1818,10,1,9,-80.4493,0.8355,16,8,16,5,0,distributed,0,0,0,0,0,0,0,,absent,14,6300014
send_on_delta,100,45,541,2160,4455,541,3914,0.1214,0.5937,0.2848,0.0,0.0,1077.559,0.0,0,0,0,0,0,0,0.0,0,10.7756,0.4823,0.0448,0.998,,155.0,62.0,0.0,0.0,0.0,0.0,43.659,801.9,15.0,ideal,,,,100,0,,,,,,,,0.0,0.0,0.0,0.0,0.0,0.0,0.0,0.38,0.38,1,0,0,0.0,,0,,,,,,,2645,1269,0,0,csma_ca_lite,2,2,0,True,16,45,0,0,0.0,0.0,0.001451,0.016001,True,3,0,0,0,0,0,0,0,0,0,0,0,0.0,0.0,0,0,0,0,,,0,,0,0,0,0,,0,,0,0.1214,45,2871,-2.7908,-50.0129,channel_aware_adaptive,19.2,10.0,20.0,19.1818,10,1,9,-80.4493,0.8355,16,8,16,5,0,distributed,0,0,0,0,0,0,0,,absent,14,6300014
teen_like,100,45,541,2160,4455,541,3914,0.1214,0.5937,0.2848,0.0,0.0,1077.559,0.0,0,0,0,0,0,0,0.0,0,10.7756,0.4823,0.0448,0.998,,155.0,62.0,0.0,0.0,0.0,0.0,43.659,801.9,15.0,ideal,,,,100,0,,,,,,,,0.0,0.0,0.0,0.0,0.0,0.0,0.0,0.38,0.38,1,0,0,0.0,,0,,,,,,,2645,1269,0,0,csma_ca_lite,2,2,0,True,16,45,0,0,0.0,0.0,0.001451,0.016001,True,3,0,0,0,0,0,0,0,0,0,0,0,0.0,0.0,0,0,0,0,,,0,,0,0,0,0,,0,,0,0.1214,45,2871,-2.7908,-50.0129,channel_aware_adaptive,19.2,10.0,20.0,19.1818,10,1,9,-80.4493,0.8355,16,8,16,5,0,distributed,0,0,0,0,0,0,0,,absent,14,6300014
distributed_edge,100,45,541,2160,4455,541,3914,0.1214,0.5937,0.2848,0.0,0.0,1542.559,0.0,0,0,0,0,0,0,0.0,0,15.4256,0.4823,0.0313,0.999,,155.0,62.0,465.0,0.0,0.0,0.0,43.659,801.9,15.0,ideal,,,,100,0,,,,,,,,0.0,0.0,0.0,0.0,0.0,0.0,0.0,0.38,0.38,1,0,0,0.0,,0,,,,,,,2645,1269,0,0,csma_ca_lite,2,2,0,True,16,45,0,0,0.0,0.0,0.001451,0.016001,True,3,0,0,0,0,0,0,0,0,0,0,0,0.0,0.0,0,0,0,0,,,0,,0,0,0,0,,0,,0,0.1214,45,2871,-2.7908,-50.0129,channel_aware_adaptive,19.2,10.0,20.0,19.1818,10,1,9,-80.4493,0.8355,16,8,16,5,0,distributed,0,0,0,0,0,0,0,,absent,14,6300014
voi_baseline,100,45,541,2160,4455,541,3914,0.1214,0.5937,0.2848,0.0,0.0,1542.559,0.0,0,0,0,0,0,0,0.0,0,15.4256,0.4823,0.0313,0.999,,155.0,62.0,465.0,0.0,0.0,0.0,43.659,801.9,15.0,ideal,,,,100,0,,,,,,,,0.0,0.0,0.0,0.0,0.0,0.0,0.0,0.38,0.38,1,0,0,0.0,,0,,,,,,,2645,1269,0,0,csma_ca_lite,2,2,0,True,16,45,0,0,0.0,0.0,0.001451,0.016001,True,3,0,0,0,0,0,0,0,0,0,0,0,0.0,0.0,0,0,0,0,,,0,,0,0,0,0,,0,,0,0.1214,45,2871,-2.7908,-50.0129,channel_aware_adaptive,19.2,10.0,20.0,19.1818,10,1,9,-80.4493,0.8355,16,8,16,5,0,distributed,0,0,0,0,0,0,0,,absent,14,6300014
dstep,100,47,789,2256,4653,789,3864,0.1696,0.406,0.4245,0.0,0.0,2083.989,0.0,0,0,0,0,0,0,0.0,0,20.8399,0.7651,0.0367,0.9987,,155.0,62.0,465.0,105.0,304.16,95.05,45.239,837.54,15.0,ideal,,,,100,0,,,,,,,,0.0,0.0,0.0,0.0,0.0,0.0,0.0,0.13,0.84,1,0,0,0.0,,0,,,,73.5674,7.4313,inf,1889,1975,0,789,csma_ca_lite,4,4,0,True,16,47,0,1,0.000271,0.006168,0.002562,0.017351,True,3,0,0,0,0,0,0,0,0,0,0,0,0.0,0.0,0,0,0,0,,,0,,0,0,0,0,,0,,0,0.1696,47,2079,-0.9366,-48.4848,channel_aware_adaptive,19.4,10.0,20.0,19.1964,12,3,9,-80.863,0.9015,12,4,12,6,0,distributed,0,0,0,0,0,0,0,,absent,14,6300014
dstep_payoff,100,50,655,2400,4950,655,4295,0.1323,0.5838,0.2838,0.0,0.0,1803.5144,43.6,4360,170,3485,313,392,3485,389.5214,26,18.0351,0.6075,0.0337,0.9989,,155.0,62.0,465.0,105.0,13.6,4.25,49.0644,891.0,15.0,ideal,,,,100,0,,,,,,,,0.0,0.0,0.0,0.0,0.0,0.0,0.0,0.0,0.0,0,0,0,0.0,,0,,,,72.0188,11.9366,inf,2890,1405,0,655,csma_ca_lite,4,4,0,True,16,50,0,0,0.0,0.0,0.001756,0.017351,True,3,0,0,0,0,0,0,0,0,0,0,0,0.0,0.0,0,0,0,0,,,0,,0,0,0,0,,0,,0,0.1323,50,3168,-2.6314,-52.8741,channel_aware_adaptive,18.9,10.0,20.0,19.009,11,0,11,-80.2433,0.8354,18,9,18,3,0,distributed,0,0,0,0,0,0,0,,absent,14,6300014
periodic,100,3000,19259,144000,297000,19259,277741,0.0648,0.7921,0.1431,0.0,0.0,56346.4672,0.0,0,0,0,0,0,0,0.0,0,563.4647,4.1153,0.0073,0.9999,,155.0,62.0,0.0,0.0,0.0,0.0,2654.4672,53460.0,15.0,ideal,,,,100,0,,,,,,,,0.0,0.0,0.0,0.0,0.0,0.0,0.0,0.36,0.36,1,0,0,0.0,,0,,,,,,,235241,42500,0,0,csma_ca_lite,706,706,0,True,16,3000,0,0,0.0,0.0,0.024664,0.085688,True,3,0,0,0,0,0,0,0,0,0,0,0,0.0,0.0,0,0,0,0,,,0,,0,0,0,0,,0,,0,0.0648,3000,248193,-12.5845,-69.8029,channel_aware_adaptive,17.1,10.0,20.0,15.6947,411,191,220,-82.8855,0.51,1894,1511,1893,324,1,distributed,0,0,0,0,0,0,0,,absent,15,6300015
event_driven,100,47,624,2256,4653,624,4029,0.1341,0.5945,0.2714,0.0,0.0,1116.0264,0.0,0,0,0,0,0,0,0.0,0,11.1603,0.5702,0.0511,0.9974,,155.0,62.0,0.0,0.0,0.0,0.0,46.4864,837.54,15.0,ideal,,,,100,0,,,,,,,,0.0,0.0,0.0,0.0,0.0,0.0,0.0,0.36,0.36,1,0,0,0.0,,0,,,,,,,2766,1263,0,0,csma_ca_lite,1,1,0,True,16,47,0,0,0.0,0.0,0.001801,0.015304,True,3,0,0,0,0,0,0,0,0,0,0,0,0.0,0.0,0,0,0,0,,,0,,0,0,0,0,,0,,0,0.1341,47,3069,-2.3285,-50.3398,channel_aware_adaptive,18.9,10.0,20.0,19.009,11,0,11,-80.2919,0.8889,14,7,14,5,0,distributed,0,0,0,0,0,0,0,,absent,15,6300015
send_on_delta,100,44,667,2112,4356,667,3689,0.1531,0.5847,0.2622,0.0,0.0,1059.9885,0.0,0,0,0,0,0,0,0.0,0,10.5999,0.5465,0.0516,0.9973,,155.0,62.0,0.0,0.0,0.0,0.0,43.9085,784.08,15.0,ideal,,,,100,0,,,,,,,,0.0,0.0,0.0,0.0,0.0,0.0,0.0,0.36,0.36,1,0,0,0.0,,0,,,,,,,2547,1142,0,0,csma_ca_lite,0,0,0,True,16,44,0,0,0.0,0.0,0.001905,0.015852,True,3,0,0,0,0,0,0,0,0,0,0,0,0.0,0.0,0,0,0,0,,,0,,0,0,0,0,,0,,0,0.1531,44,2871,-1.6883,-50.2657,channel_aware_adaptive,18.7,10.0,20.0,18.8496,13,0,13,-79.6854,0.9028,13,5,13,4,0,distributed,0,0,0,0,0,0,0,,absent,15,6300015
teen_like,100,44,667,2112,4356,667,3689,0.1531,0.5847,0.2622,0.0,0.0,1059.9885,0.0,0,0,0,0,0,0,0.0,0,10.5999,0.5465,0.0516,0.9973,,155.0,62.0,0.0,0.0,0.0,0.0,43.9085,784.08,15.0,ideal,,,,100,0,,,,,,,,0.0,0.0,0.0,0.0,0.0,0.0,0.0,0.36,0.36,1,0,0,0.0,,0,,,,,,,2547,1142,0,0,csma_ca_lite,0,0,0,True,16,44,0,0,0.0,0.0,0.001905,0.015852,True,3,0,0,0,0,0,0,0,0,0,0,0,0.0,0.0,0,0,0,0,,,0,,0,0,0,0,,0,,0,0.1531,44,2871,-1.6883,-50.2657,channel_aware_adaptive,18.7,10.0,20.0,18.8496,13,0,13,-79.6854,0.9028,13,5,13,4,0,distributed,0,0,0,0,0,0,0,,absent,15,6300015
distributed_edge,100,47,624,2256,4653,624,4029,0.1341,0.5945,0.2714,0.0,0.0,1581.0264,0.0,0,0,0,0,0,0,0.0,0,15.8103,0.5702,0.0361,0.9987,,155.0,62.0,465.0,0.0,0.0,0.0,46.4864,837.54,15.0,ideal,,,,100,0,,,,,,,,0.0,0.0,0.0,0.0,0.0,0.0,0.0,0.36,0.36,1,0,0,0.0,,0,,,,,,,2766,1263,0,0,csma_ca_lite,1,1,0,True,16,47,0,0,0.0,0.0,0.001801,0.015304,True,3,0,0,0,0,0,0,0,0,0,0,0,0.0,0.0,0,0,0,0,,,0,,0,0,0,0,,0,,0,0.1341,47,3069,-2.3285,-50.3398,channel_aware_adaptive,18.9,10.0,20.0,19.009,11,0,11,-80.2919,0.8889,14,7,14,5,0,distributed,0,0,0,0,0,0,0,,absent,15,6300015
voi_baseline,100,44,611,2112,4356,611,3745,0.1403,0.5709,0.2888,0.0,0.0,1524.9885,0.0,0,0,0,0,0,0,0.0,0,15.2499,0.5341,0.035,0.9988,,155.0,62.0,465.0,0.0,0.0,0.0,43.9085,784.08,15.0,ideal,,,,100,0,,,,,,,,0.0,0.0,0.0,0.0,0.0,0.0,0.0,0.36,0.36,1,0,0,0.0,,0,,,,,,,2487,1258,0,0,csma_ca_lite,0,0,0,True,16,44,0,0,0.0,0.0,0.001831,0.015304,True,3,0,0,0,0,0,0,0,0,0,0,0,0.0,0.0,0,0,0,0,,,0,,0,0,0,0,,0,,0,0.1403,44,2772,-2.0347,-50.0397,channel_aware_adaptive,19.1,10.0,20.0,19.1743,9,0,9,-80.1851,0.9028,11,6,11,6,0,distributed,0,0,0,0,0,0,0,,absent,15,6300015
dstep,100,43,730,2064,4257,730,3527,0.1715,0.3622,0.4663,0.0,0.0,2002.3124,0.0,0,0,0,0,0,0,0.0,0,20.0231,0.6603,0.033,0.9989,,155.0,62.0,465.0,105.0,299.28,93.525,41.2474,766.26,15.0,ideal,,,,100,0,,,,,,,,0.0,0.0,0.0,0.0,0.0,0.0,0.0,0.11,0.84,1,0,0,0.0,,0,,,,76.3564,13.7434,inf,1542,1985,0,730,csma_ca_lite,0,0,0,True,16,43,0,1,0.000135,0.000728,0.001242,0.012199,True,3,0,0,0,0,0,0,0,0,0,0,0,0.0,0.0,0,0,0,0,,,0,,0,0,0,0,,0,,0,0.1715,43,1782,-0.291,-57.1509,channel_aware_adaptive,19.3,10.0,20.0,19.0435,15,4,11,-80.8342,0.8917,8,2,8,7,0,distributed,0,0,0,0,0,0,0,,absent,15,6300015
dstep_payoff,100,47,643,2256,4653,643,4010,0.1382,0.626,0.2358,0.0,0.0,1741.7464,43.33,4333,118,3525,294,396,3525,394.3447,25,17.4175,0.5978,0.0343,0.9988,,155.0,62.0,465.0,105.0,9.44,2.95,46.4864,837.54,15.0,ideal,,,,100,0,,,,,,,,0.0,0.0,0.0,0.0,0.0,0.0,0.0,0.0,0.0,0,0,0,0.0,,0,,,,81.9413,10.8309,inf,2913,1097,0,643,csma_ca_lite,0,0,0,True,16,47,0,0,0.0,0.0,0.001761,0.015304,True,3,0,0,0,0,0,0,0,0,0,0,0,0.0,0.0,0,0,0,0,,,0,,0,0,0,0,,0,,0,0.1382,47,3267,-2.5646,-50.0397,channel_aware_adaptive,19.2,10.0,20.0,19.2593,8,0,8,-80.2823,0.8882,13,5,13,3,0,distributed,0,0,0,0,0,0,0,,absent,15,6300015
