policy,nodes,tx_packets,rx_packets,bytes_tx,energy_mj,energy_sense_mj,energy_preprocess_mj,energy_infer_mj,energy_consensus_mj,energy_estimate_mj,energy_prediction_mj,energy_tx_mj,energy_rx_mj,energy_idle_mj,precision,recall,f1,dcr,mean_detection_delay_s,pre_event_local_detections,mean_confirmation_delay_s,mean_alert_delay_s,mean_lead_time_s,mean_origin_error_m,mean_speed_error_m_s,mean_eta_error_s,collisions,channel_losses,below_sensitivity,suppressed_tx,radio_control_mode,mean_tx_power_dbm,min_tx_power_dbm,max_tx_power_dbm,mean_power_history_dbm,power_changes,power_increases,power_decreases,mean_feedback_rssi_dbm,mean_feedback_success_rate,radio_backoff_actions,radio_wait_actions,radio_congestion_events,radio_coverage_events,radio_channel_loss_events,node_density_per_m2,mean_nearest_neighbor_m,mean_neighbor_distance_m,mean_pair_distance_m,mean_degree,min_degree,max_degree,isolated_nodes,connected_components,largest_component_fraction,mean_nominal_link_margin_db,min_nominal_link_margin_db,max_nominal_link_margin_db,sensing_radius_m,estimated_sensing_coverage_fraction,area_width_m,area_height_m,channel_model,receiver_sensitivity_dbm,initial_tx_power_dbm,controller,run,seed
dstep,20,37,117,1776,271.585,31.0,12.4,93.0,21.0,58.8,18.375,12.95,21.06,3.0,1.0,0.9,0.9474,1.0,-1.3755,5,1.0828,-0.7228,0.7228,20.7113,4.8151,1.1875,157,24,405,117,fixed,-10.0,-10.0,-10.0,-10.0,0,0,0,-77.0279,0.2632,0,0,0,0,0,0.002,12.547214001481091,24.788422169258194,46.2277504604981,7.5,1,14,0,1,1.0,5.226038846756469,0.12047094435627059,31.149122680332923,20.0,0.848125,100,100,log_normal,-85,-10,fixed,0,21234
dstep,20,42,185,2016,292.925,31.0,12.4,93.0,21.0,64.4,20.125,14.7,33.3,3.0,1.0,1.0,1.0,1.0,-1.3755,5,1.0745,-2.4224,2.4224,27.056,11.9946,0.9782,315,34,264,185,rule_based_adaptive,1.0,0.0,10.0,-4.2857,22,22,0,-68.627,0.2,0,0,0,0,0,0.002,12.547214001481091,45.87913865328461,46.2277504604981,18.9,18,19,0,1,1.0,10.226626216497465,0.3069402660189553,41.14912268033292,20.0,0.848125,100,100,log_normal,-85,-10,rule_based_adaptive,0,21234
dstep,20,42,204,2016,298.34,31.0,12.4,93.0,21.0,65.92,20.6,14.7,36.72,3.0,1.0,1.0,1.0,1.0,-1.3755,5,1.0745,-1.7176,1.7176,34.3362,10.1604,1.497,141,55,398,204,channel_aware_adaptive,-7.5,-10.0,0.0,-7.7143,15,10,5,-74.9398,0.5875,21,18,21,10,0,0.002,12.547214001481091,37.6610614100023,46.2277504604981,10.65,2,19,0,1,1.0,6.019715357371421,0.12047094435627059,31.149122680332923,20.0,0.848125,100,100,log_normal,-85,-10,channel_aware_adaptive,0,21234
dstep,20,40,193,1920,294.505,31.0,12.4,93.0,21.0,65.04,20.325,14.0,34.74,3.0,1.0,1.0,1.0,1.0,-1.3755,5,1.0745,-2.3719,2.3719,29.8851,11.5191,1.2952,535,20,12,193,fixed,-10.0,-10.0,-10.0,-10.0,0,0,0,-77.3551,0.175,0,0,0,0,0,0.002,12.547214001481091,45.87913865328461,46.2277504604981,18.9,18,19,0,1,1.0,9.750435740306989,0.3069402660189553,41.14912268033292,20.0,0.848125,100,100,log_normal,-95,-10,fixed,0,21234
dstep,20,40,190,1920,293.65,31.0,12.4,93.0,21.0,64.8,20.25,14.0,34.2,3.0,1.0,1.0,1.0,1.0,-1.3755,5,1.0745,-1.6724,1.6724,26.5496,10.9995,1.2077,482,15,73,190,rule_based_adaptive,-6.5,-20.0,0.0,-8.5366,21,14,7,-74.371,0.175,0,0,0,0,0,0.002,12.547214001481091,42.605749866532484,46.2277504604981,15.6,5,19,0,1,1.0,15.193221091819396,0.22650472266644783,34.10613423387033,20.0,0.848125,100,100,log_normal,-95,-10,rule_based_adaptive,0,21234
dstep,20,41,278,1968,319.08,31.0,12.4,93.0,21.0,71.84,22.45,14.35,50.04,3.0,1.0,1.0,1.0,1.0,-1.3755,5,1.0745,-1.2635,1.2635,35.0134,16.0149,1.0446,251,49,201,278,channel_aware_adaptive,-17.5,-20.0,-10.0,-14.4186,23,4,19,-85.4285,0.6125,21,21,21,4,0,0.002,12.547214001481091,37.11180834186314,46.2277504604981,10.55,2,19,0,1,1.0,6.396388521836315,0.12047094435627059,31.149122680332923,20.0,0.848125,100,100,log_normal,-95,-10,channel_aware_adaptive,0,21234
dstep,20,31,108,1488,266.71,31.0,12.4,93.0,21.0,57.92,18.1,10.85,19.44,3.0,1.0,0.8,0.8889,0.85,-1.3755,5,3.067,-0.3054,0.3054,37.7762,5.8943,2.2279,93,34,354,108,fixed,-10.0,-10.0,-10.0,-10.0,0,0,0,-77.6169,0.3611,0,0,0,0,0,0.002,12.547214001481091,24.788422169258194,46.2277504604981,7.5,1,14,0,1,1.0,5.226038846756469,0.12047094435627059,31.149122680332923,20.0,0.848125,100,100,rician,-85,-10,fixed,0,21234
dstep,20,35,139,1680,277.26,31.0,12.4,93.0,21.0,60.64,18.95,12.25,25.02,3.0,1.0,0.95,0.9744,0.9,-1.3755,5,1.4653,-0.9224,0.9224,35.6982,10.5571,2.8349,225,28,273,139,rule_based_adaptive,-1.0,-10.0,10.0,-5.0,22,20,2,-72.0069,0.35,0,0,0,0,0,0.002,12.547214001481091,45.659809312381526,46.2277504604981,17.75,8,19,0,1,1.0,9.615337734047435,0.3069402660189553,41.14912268033292,20.0,0.848125,100,100,rician,-85,-10,rule_based_adaptive,0,21234
dstep,20,39,172,1872,288.17,31.0,12.4,93.0,21.0,63.36,19.8,13.65,30.96,3.0,1.0,1.0,1.0,0.9,-1.3755,5,1.3745,-0.7717,0.7717,33.7231,12.3977,1.1476,98,53,418,172,channel_aware_adaptive,-5.0,-10.0,0.0,-6.3158,18,14,4,-76.2238,0.4625,22,18,21,13,1,0.002,12.547214001481091,41.326131561554504,46.2277504604981,13.3,5,19,0,1,1.0,8.0262339196975,0.12047094435627059,31.149122680332923,20.0,0.848125,100,100,rician,-85,-10,channel_aware_adaptive,0,21234
dstep,20,39,190,1872,293.3,31.0,12.4,93.0,21.0,64.8,20.25,13.65,34.2,3.0,1.0,1.0,1.0,1.0,-1.3755,5,1.0745,-2.3719,2.3719,31.0219,10.3389,1.2062,488,30,33,190,fixed,-10.0,-10.0,-10.0,-10.0,0,0,0,-77.6537,0.1875,0,0,0,0,0,0.002,12.547214001481091,45.87913865328461,46.2277504604981,18.9,18,19,0,1,1.0,9.750435740306989,0.3069402660189553,41.14912268033292,20.0,0.848125,100,100,rician,-95,-10,fixed,0,21234
dstep,20,39,192,1872,293.87,31.0,12.4,93.0,21.0,64.96,20.3,13.65,34.56,3.0,1.0,1.0,1.0,1.0,-1.3755,5,1.0745,-2.4219,2.4219,28.2878,9.5561,1.3246,464,14,71,192,rule_based_adaptive,-4.0,-20.0,10.0,-6.75,20,16,4,-73.7354,0.1875,0,0,0,0,0,0.002,12.547214001481091,43.700097611242654,46.2277504604981,16.8,5,19,0,1,1.0,15.952984479321923,0.22650472266644783,34.10613423387033,20.0,0.848125,100,100,rician,-95,-10,rule_based_adaptive,0,21234
dstep,20,41,265,1968,315.375,31.0,12.4,93.0,21.0,70.8,22.125,14.35,47.7,3.0,1.0,1.0,1.0,1.0,-1.3755,5,1.2245,-2.4094,2.4094,34.2595,16.3079,1.1809,271,50,193,265,channel_aware_adaptive,-15.5,-20.0,-10.0,-13.617,27,8,19,-85.4097,0.5375,21,20,21,8,0,0.002,12.547214001481091,40.87864547334732,46.2277504604981,12.7,2,19,0,1,1.0,7.191200469967233,0.12047094435627059,31.149122680332923,20.0,0.848125,100,100,rician,-95,-10,channel_aware_adaptive,0,21234
dstep,20,33,4,1584,236.195,31.0,12.4,93.0,21.0,48.4,15.125,11.55,0.72,3.0,1.0,0.05,0.0952,0.0,-1.4755,4,8.8619,8.9087,-8.9087,,,,0,0,623,4,fixed,-10.0,-10.0,-10.0,-10.0,0,0,0,-93.1085,0.0526,0,0,0,0,0,8e-05,62.73607000740545,21.75148680653024,231.13875230249047,0.2,0,1,16,18,0.1,8.263763502792742,0.7557444206449588,15.771782584940524,20.0,0.095,500,500,log_normal,-85,-10,fixed,0,21234
dstep,20,30,38,1440,244.835,31.0,12.4,93.0,21.0,51.12,15.975,10.5,6.84,3.0,1.0,0.05,0.0952,0.0,-1.4755,4,8.8619,8.9087,-8.9087,,,,0,10,522,38,rule_based_adaptive,0.5,-10.0,10.0,-4.1463,21,21,0,-88.0438,0.3472,0,0,0,0,0,8e-05,62.73607000740545,115.89126775430577,231.13875230249047,4.55,0,18,2,2,0.85,5.520867301900881,0.002917948976616458,25.771782584940524,20.0,0.095,500,500,log_normal,-85,-10,rule_based_adaptive,0,21234
dstep,20,31,90,1488,260.005,31.0,12.4,93.0,21.0,55.28,17.275,10.85,16.2,3.0,1.0,0.05,0.0952,0.0,-1.4755,4,7.332,8.5343,-8.5343,267.0381,32.6403,16.9504,3,17,479,90,channel_aware_adaptive,2.5,-10.0,10.0,-2.6667,25,25,0,-86.0971,0.3382,1,1,1,25,0,8e-05,62.73607000740545,150.42675881373845,231.13875230249047,7.15,0,18,2,1,1.0,5.634554681887526,0.002917948976616458,25.771782584940524,20.0,0.095,500,500,log_normal,-85,-10,channel_aware_adaptive,0,21234
dstep,20,30,57,1440,251.195,31.0,12.4,93.0,21.0,53.36,16.675,10.5,10.26,3.0,1.0,0.5,0.6667,0.55,-1.4755,4,2.9005,2.1051,-2.1051,168.2278,18.1072,2.5138,18,23,472,57,fixed,-10.0,-10.0,-10.0,-10.0,0,0,0,-92.6874,0.3889,0,0,0,0,0,8e-05,62.73607000740545,77.36308822834867,231.13875230249047,3.0,0,6,1,3,0.8,4.244328483977664,0.002917948976616458,25.771782584940524,20.0,0.095,500,500,log_normal,-95,-10,fixed,0,21234
dstep,20,34,153,1632,280.9,31.0,12.4,93.0,21.0,61.76,19.3,11.9,27.54,3.0,1.0,0.95,0.9744,0.5,-1.4755,4,6.1126,2.6781,-2.6781,240.2602,7.6824,4.7932,71,42,380,153,rule_based_adaptive,1.5,0.0,10.0,-3.9535,23,23,0,-86.985,0.425,0,0,0,0,0,8e-05,62.73607000740545,191.5966920473741,231.13875230249047,15.5,5,19,0,1,1.0,6.402862926793689,0.04456414751849991,35.771782584940524,20.0,0.095,500,500,log_normal,-95,-10,rule_based_adaptive,0,21234
dstep,20,33,147,1584,278.525,31.0,12.4,93.0,21.0,61.04,19.075,11.55,26.46,3.0,1.0,0.8,0.8889,0.85,-1.4755,4,1.8847,0.0279,-0.0279,190.9466,7.6021,2.6131,73,41,366,147,channel_aware_adaptive,-4.0,-10.0,0.0,-6.25,12,12,0,-87.658,0.3611,14,12,14,12,0,8e-05,62.73607000740545,183.32312349464698,231.13875230249047,10.8,0,18,1,1,1.0,5.977912645686804,0.04456414751849991,35.771782584940524,20.0,0.095,500,500,log_normal,-95,-10,channel_aware_adaptive,0,21234
dstep,20,32,3,1536,235.455,31.0,12.4,93.0,21.0,48.24,15.075,11.2,0.54,3.0,0.0,0.0,0.0,0.0,-1.4755,4,,,,,,,0,0,605,3,fixed,-10.0,-10.0,-10.0,-10.0,0,0,0,-93.8403,0.0278,0,0,0,0,0,8e-05,62.73607000740545,21.75148680653024,231.13875230249047,0.2,0,1,16,18,0.1,8.263763502792742,0.7557444206449588,15.771782584940524,20.0,0.095,500,500,rician,-85,-10,fixed,0,21234
dstep,20,32,31,1536,243.54,31.0,12.4,93.0,21.0,50.56,15.8,11.2,5.58,3.0,1.0,0.05,0.0952,0.0,-1.4755,4,6.8619,6.9087,-6.9087,50.364,5.4961,0.9072,0,12,565,31,rule_based_adaptive,1.5,0.0,10.0,-3.9535,23,23,0,-88.7659,0.3125,0,0,0,0,0,8e-05,62.73607000740545,113.01396078395604,231.13875230249047,4.85,0,18,1,2,0.85,5.374652810214856,0.002917948976616458,25.771782584940524,20.0,0.095,500,500,rician,-85,-10,rule_based_adaptive,0,21234
dstep,20,32,60,1536,251.805,31.0,12.4,93.0,21.0,52.88,16.525,11.2,10.8,3.0,1.0,0.05,0.0952,0.0,-1.4755,4,3.8656,3.8656,-3.8656,306.8538,10.0,0.1329,3,18,527,60,channel_aware_adaptive,4.0,-10.0,10.0,-2.2917,28,28,0,-87.0533,0.3289,1,1,1,28,0,8e-05,62.73607000740545,159.20049746287103,231.13875230249047,8.05,0,18,1,1,1.0,5.853587788536379,0.002917948976616458,25.771782584940524,20.0,0.095,500,500,rician,-85,-10,channel_aware_adaptive,0,21234
dstep,20,31,51,1488,249.94,31.0,12.4,93.0,21.0,52.96,16.55,10.85,9.18,3.0,1.0,0.55,0.7097,0.6,-1.4755,4,2.2705,0.9714,-0.9714,137.2019,14.5486,2.6249,15,17,506,51,fixed,-10.0,-10.0,-10.0,-10.0,0,0,0,-93.241,0.3194,0,0,0,0,0,8e-05,62.73607000740545,77.36308822834867,231.13875230249047,3.0,0,6,1,3,0.8,4.244328483977664,0.002917948976616458,25.771782584940524,20.0,0.095,500,500,rician,-95,-10,fixed,0,21234
dstep,20,27,140,1296,273.695,31.0,12.4,93.0,21.0,59.92,18.725,9.45,25.2,3.0,1.0,0.45,0.6207,0.05,-1.4755,4,6.4184,6.8779,-6.8779,217.2605,21.91,5.7775,38,38,297,140,rule_based_adaptive,-2.0,-10.0,10.0,-5.2632,18,17,1,-88.6686,0.4531,0,0,0,0,0,8e-05,62.73607000740545,178.8559498176369,231.13875230249047,11.7,3,19,0,1,1.0,5.776586002409515,0.04456414751849991,25.771782584940524,20.0,0.095,500,500,rician,-95,-10,rule_based_adaptive,0,21234
dstep,20,29,127,1392,270.9,31.0,12.4,93.0,21.0,59.04,18.45,10.15,22.86,3.0,1.0,0.55,0.7097,0.05,-1.4755,4,8.2961,7.2286,-7.2286,219.1155,7.396,4.4417,43,39,342,127,channel_aware_adaptive,-3.0,-10.0,0.0,-5.8333,16,15,1,-88.7634,0.4265,8,7,8,15,0,8e-05,62.73607000740545,172.6015449940203,231.13875230249047,11.15,2,18,0,1,1.0,5.8819752269336005,0.002917948976616458,35.771782584940524,20.0,0.095,500,500,rician,-95,-10,channel_aware_adaptive,0,21234
